2026-05-20 17:20:00,772 [Worker-6: Loading available Gradle versions] INFO  o.e.b.c.i.u.g.PublishedGradleVersions - Gradle version information cache is out-of-date. Trying to update.
2026-05-20 17:22:57,765 [Worker-4: Import Getting Started Content] INFO  o.e.m.c.i.l.LifecycleMappingFactory - Using org.eclipse.m2e.jdt.JarLifecycleMapping lifecycle mapping for MavenProject: com.tejas:_1_firstAPI:1.0.0 @ C:\Tejas Kasare Sir\T224\spring\_1_firstAPI\pom.xml.
2026-05-20 17:23:08,231 [Worker-4: Import Getting Started Content] INFO  o.e.m.j.i.AbstractJavaProjectConfigurator - Adding source folder /_1_firstAPI/src/main/java
2026-05-20 17:23:08,232 [Worker-4: Import Getting Started Content] INFO  o.e.m.j.i.AbstractJavaProjectConfigurator - Adding resource folder /_1_firstAPI/src/main/resources
2026-05-20 17:23:08,254 [Worker-4: Import Getting Started Content] INFO  o.e.m.j.i.AbstractJavaProjectConfigurator - Adding resource folder /_1_firstAPI/src/main/resources
2026-05-20 17:23:08,279 [Worker-4: Import Getting Started Content] INFO  o.e.m.j.i.AbstractJavaProjectConfigurator - Adding source folder /_1_firstAPI/src/test/java
2026-05-20 17:23:13,100 [Worker-4: Import Getting Started Content] INFO  o.e.m.c.i.p.ProjectConfigurationManager - Imported and configured 1 project(s) in 27 sec
2026-05-20 17:23:13,107 [Worker-4: Import Getting Started Content] INFO  o.e.m.c.i.p.ProjectConfigurationManager - Update started
2026-05-20 17:23:13,910 [Worker-4: Import Getting Started Content] INFO  o.e.m.c.i.l.LifecycleMappingFactory - Using org.eclipse.m2e.jdt.JarLifecycleMapping lifecycle mapping for MavenProject: com.tejas:_1_firstAPI:1.0.0 @ C:\Tejas Kasare Sir\T224\spring\_1_firstAPI\pom.xml.
2026-05-20 17:23:14,916 [Worker-4: Import Getting Started Content] INFO  o.e.m.j.i.AbstractJavaProjectConfigurator - Adding source folder /_1_firstAPI/src/main/java
2026-05-20 17:23:14,917 [Worker-4: Import Getting Started Content] INFO  o.e.m.j.i.AbstractJavaProjectConfigurator - Adding resource folder /_1_firstAPI/src/main/resources
2026-05-20 17:23:14,920 [Worker-4: Import Getting Started Content] INFO  o.e.m.j.i.AbstractJavaProjectConfigurator - Adding resource folder /_1_firstAPI/src/main/resources
2026-05-20 17:23:14,922 [Worker-4: Import Getting Started Content] INFO  o.e.m.j.i.AbstractJavaProjectConfigurator - Adding source folder /_1_firstAPI/src/test/java
2026-05-20 17:23:15,893 [Worker-4: Import Getting Started Content] INFO  o.e.m.c.i.p.ProjectConfigurationManager - Update completed for 1 poms: local refresh takes 0.00 sec, refresh facades takes 1.00 sec, update config takes 0.00 sec 
2026-05-20 17:23:17,099 [Worker-9: Building] INFO  o.a.m.s.f.DefaultMavenResourcesFiltering - Copying 1 resource from src\main\resources to target\classes
2026-05-20 17:23:17,135 [Worker-9: Building] INFO  o.a.m.s.f.DefaultMavenResourcesFiltering - Copying 0 resource from src\main\resources to target\classes
2026-05-20 17:23:17,141 [Worker-9: Building] INFO  o.a.m.s.f.DefaultMavenResourcesFiltering - skip non existing resourceDirectory C:\Tejas Kasare Sir\T224\spring\_1_firstAPI\src\test\resources
2026-05-20 17:24:35,259 [Worker-7: Building] INFO  o.a.m.s.f.DefaultMavenResourcesFiltering - Copying 1 resource from src\main\resources to target\classes
2026-05-20 17:24:35,266 [Worker-7: Building] INFO  o.a.m.s.f.DefaultMavenResourcesFiltering - Copying 0 resource from src\main\resources to target\classes
2026-05-20 17:24:35,271 [Worker-7: Building] INFO  o.a.m.s.f.DefaultMavenResourcesFiltering - skip non existing resourceDirectory C:\Tejas Kasare Sir\T224\spring\_1_firstAPI\src\test\resources
2026-05-20 17:26:37,856 [Worker-1: Import Getting Started Content] INFO  o.e.m.c.i.l.LifecycleMappingFactory - Using org.eclipse.m2e.jdt.JarLifecycleMapping lifecycle mapping for MavenProject: com.tejas:_2_Annotations:1.0.0 @ C:\Tejas Kasare Sir\T224\spring\_2_Annotations\pom.xml.
2026-05-20 17:26:38,632 [Worker-1: Import Getting Started Content] INFO  o.e.m.j.i.AbstractJavaProjectConfigurator - Adding source folder /_2_Annotations/src/main/java
2026-05-20 17:26:38,633 [Worker-1: Import Getting Started Content] INFO  o.e.m.j.i.AbstractJavaProjectConfigurator - Adding resource folder /_2_Annotations/src/main/resources
2026-05-20 17:26:38,654 [Worker-1: Import Getting Started Content] INFO  o.e.m.j.i.AbstractJavaProjectConfigurator - Adding resource folder /_2_Annotations/src/main/resources
2026-05-20 17:26:38,664 [Worker-1: Import Getting Started Content] INFO  o.e.m.j.i.AbstractJavaProjectConfigurator - Adding source folder /_2_Annotations/src/test/java
2026-05-20 17:26:39,309 [Worker-1: Import Getting Started Content] INFO  o.e.m.c.i.p.ProjectConfigurationManager - Imported and configured 1 project(s) in 2 sec
2026-05-20 17:26:39,312 [Worker-1: Import Getting Started Content] INFO  o.e.m.c.i.p.ProjectConfigurationManager - Update started
2026-05-20 17:26:39,809 [Worker-1: Import Getting Started Content] INFO  o.e.m.c.i.l.LifecycleMappingFactory - Using org.eclipse.m2e.jdt.JarLifecycleMapping lifecycle mapping for MavenProject: com.tejas:_2_Annotations:1.0.0 @ C:\Tejas Kasare Sir\T224\spring\_2_Annotations\pom.xml.
2026-05-20 17:26:40,552 [Worker-1: Import Getting Started Content] INFO  o.e.m.j.i.AbstractJavaProjectConfigurator - Adding source folder /_2_Annotations/src/main/java
2026-05-20 17:26:40,553 [Worker-1: Import Getting Started Content] INFO  o.e.m.j.i.AbstractJavaProjectConfigurator - Adding resource folder /_2_Annotations/src/main/resources
2026-05-20 17:26:40,553 [Worker-1: Import Getting Started Content] INFO  o.e.m.j.i.AbstractJavaProjectConfigurator - Adding resource folder /_2_Annotations/src/main/resources
2026-05-20 17:26:40,554 [Worker-1: Import Getting Started Content] INFO  o.e.m.j.i.AbstractJavaProjectConfigurator - Adding source folder /_2_Annotations/src/test/java
2026-05-20 17:26:41,127 [Worker-1: Import Getting Started Content] INFO  o.e.m.c.i.p.ProjectConfigurationManager - Update completed for 1 poms: local refresh takes 0.00 sec, refresh facades takes 1.00 sec, update config takes 0.00 sec 
2026-05-20 17:26:42,137 [Worker-5: Building] INFO  o.a.m.s.f.DefaultMavenResourcesFiltering - Copying 1 resource from src\main\resources to target\classes
2026-05-20 17:26:42,165 [Worker-5: Building] INFO  o.a.m.s.f.DefaultMavenResourcesFiltering - Copying 0 resource from src\main\resources to target\classes
2026-05-20 17:26:42,177 [Worker-5: Building] INFO  o.a.m.s.f.DefaultMavenResourcesFiltering - skip non existing resourceDirectory C:\Tejas Kasare Sir\T224\spring\_2_Annotations\src\test\resources
2026-05-20 17:49:25,997 [Worker-3: Building] INFO  o.a.m.s.f.DefaultMavenResourcesFiltering - Copying 1 resource from src\main\resources to target\classes
2026-05-20 17:49:26,077 [Worker-3: Building] INFO  o.a.m.s.f.DefaultMavenResourcesFiltering - Copying 0 resource from src\main\resources to target\classes
2026-05-20 17:49:26,090 [Worker-3: Building] INFO  o.a.m.s.f.DefaultMavenResourcesFiltering - skip non existing resourceDirectory C:\Tejas Kasare Sir\T224\spring\_2_Annotations\src\test\resources
2026-05-20 17:50:37,538 [Worker-15: Building] INFO  o.a.m.s.f.DefaultMavenResourcesFiltering - Copying 1 resource from src\main\resources to target\classes
2026-05-20 17:50:37,560 [Worker-15: Building] INFO  o.a.m.s.f.DefaultMavenResourcesFiltering - Copying 0 resource from src\main\resources to target\classes
2026-05-20 17:50:37,565 [Worker-15: Building] INFO  o.a.m.s.f.DefaultMavenResourcesFiltering - skip non existing resourceDirectory C:\Tejas Kasare Sir\T224\spring\_2_Annotations\src\test\resources
2026-05-20 17:52:24,473 [Worker-16: Building] INFO  o.a.m.s.f.DefaultMavenResourcesFiltering - Copying 1 resource from src\main\resources to target\classes
2026-05-20 17:52:24,482 [Worker-16: Building] INFO  o.a.m.s.f.DefaultMavenResourcesFiltering - Copying 0 resource from src\main\resources to target\classes
2026-05-20 17:52:24,487 [Worker-16: Building] INFO  o.a.m.s.f.DefaultMavenResourcesFiltering - skip non existing resourceDirectory C:\Tejas Kasare Sir\T224\spring\_2_Annotations\src\test\resources
2026-05-20 17:53:06,720 [Worker-14: Building] INFO  o.a.m.s.f.DefaultMavenResourcesFiltering - Copying 1 resource from src\main\resources to target\classes
2026-05-20 17:53:06,731 [Worker-14: Building] INFO  o.a.m.s.f.DefaultMavenResourcesFiltering - Copying 0 resource from src\main\resources to target\classes
2026-05-20 17:53:06,736 [Worker-14: Building] INFO  o.a.m.s.f.DefaultMavenResourcesFiltering - skip non existing resourceDirectory C:\Tejas Kasare Sir\T224\spring\_2_Annotations\src\test\resources
2026-05-20 17:53:43,763 [Worker-13: Building] INFO  o.a.m.s.f.DefaultMavenResourcesFiltering - Copying 1 resource from src\main\resources to target\classes
2026-05-20 17:53:43,814 [Worker-13: Building] INFO  o.a.m.s.f.DefaultMavenResourcesFiltering - Copying 0 resource from src\main\resources to target\classes
2026-05-20 17:53:43,823 [Worker-13: Building] INFO  o.a.m.s.f.DefaultMavenResourcesFiltering - skip non existing resourceDirectory C:\Tejas Kasare Sir\T224\spring\_2_Annotations\src\test\resources
2026-05-20 18:00:06,405 [Worker-22: Building] INFO  o.a.m.s.f.DefaultMavenResourcesFiltering - Copying 1 resource from src\main\resources to target\classes
2026-05-20 18:00:06,414 [Worker-22: Building] INFO  o.a.m.s.f.DefaultMavenResourcesFiltering - Copying 0 resource from src\main\resources to target\classes
2026-05-20 18:00:06,419 [Worker-22: Building] INFO  o.a.m.s.f.DefaultMavenResourcesFiltering - skip non existing resourceDirectory C:\Tejas Kasare Sir\T224\spring\_2_Annotations\src\test\resources
2026-05-20 18:00:17,533 [Worker-18: Building] INFO  o.a.m.s.f.DefaultMavenResourcesFiltering - Copying 1 resource from src\main\resources to target\classes
2026-05-20 18:00:17,541 [Worker-18: Building] INFO  o.a.m.s.f.DefaultMavenResourcesFiltering - Copying 0 resource from src\main\resources to target\classes
2026-05-20 18:00:17,553 [Worker-18: Building] INFO  o.a.m.s.f.DefaultMavenResourcesFiltering - skip non existing resourceDirectory C:\Tejas Kasare Sir\T224\spring\_2_Annotations\src\test\resources
2026-05-20 18:01:17,705 [Worker-22: Building] INFO  o.a.m.s.f.DefaultMavenResourcesFiltering - Copying 1 resource from src\main\resources to target\classes
2026-05-20 18:01:17,717 [Worker-22: Building] INFO  o.a.m.s.f.DefaultMavenResourcesFiltering - Copying 0 resource from src\main\resources to target\classes
2026-05-20 18:01:17,723 [Worker-22: Building] INFO  o.a.m.s.f.DefaultMavenResourcesFiltering - skip non existing resourceDirectory C:\Tejas Kasare Sir\T224\spring\_2_Annotations\src\test\resources
2026-05-20 18:03:04,802 [Worker-20: Building] INFO  o.a.m.s.f.DefaultMavenResourcesFiltering - Copying 1 resource from src\main\resources to target\classes
2026-05-20 18:03:04,808 [Worker-20: Building] INFO  o.a.m.s.f.DefaultMavenResourcesFiltering - Copying 0 resource from src\main\resources to target\classes
2026-05-20 18:03:04,812 [Worker-20: Building] INFO  o.a.m.s.f.DefaultMavenResourcesFiltering - skip non existing resourceDirectory C:\Tejas Kasare Sir\T224\spring\_2_Annotations\src\test\resources
2026-05-20 18:03:59,295 [Worker-23: Building] INFO  o.a.m.s.f.DefaultMavenResourcesFiltering - Copying 1 resource from src\main\resources to target\classes
2026-05-20 18:03:59,302 [Worker-23: Building] INFO  o.a.m.s.f.DefaultMavenResourcesFiltering - Copying 0 resource from src\main\resources to target\classes
2026-05-20 18:03:59,309 [Worker-23: Building] INFO  o.a.m.s.f.DefaultMavenResourcesFiltering - skip non existing resourceDirectory C:\Tejas Kasare Sir\T224\spring\_2_Annotations\src\test\resources
2026-05-20 18:18:04,353 [Worker-23: Building] INFO  o.a.m.s.f.DefaultMavenResourcesFiltering - Copying 1 resource from src\main\resources to target\classes
2026-05-20 18:18:04,384 [Worker-23: Building] INFO  o.a.m.s.f.DefaultMavenResourcesFiltering - Copying 0 resource from src\main\resources to target\classes
2026-05-20 18:18:04,394 [Worker-23: Building] INFO  o.a.m.s.f.DefaultMavenResourcesFiltering - skip non existing resourceDirectory C:\Tejas Kasare Sir\T224\spring\_2_Annotations\src\test\resources
2026-05-20 18:20:00,357 [Worker-27: Building] INFO  o.a.m.s.f.DefaultMavenResourcesFiltering - Copying 1 resource from src\main\resources to target\classes
2026-05-20 18:20:00,395 [Worker-27: Building] INFO  o.a.m.s.f.DefaultMavenResourcesFiltering - Copying 0 resource from src\main\resources to target\classes
2026-05-20 18:20:00,400 [Worker-27: Building] INFO  o.a.m.s.f.DefaultMavenResourcesFiltering - skip non existing resourceDirectory C:\Tejas Kasare Sir\T224\spring\_2_Annotations\src\test\resources
2026-05-20 18:20:38,824 [Worker-18: Building] INFO  o.a.m.s.f.DefaultMavenResourcesFiltering - Copying 1 resource from src\main\resources to target\classes
2026-05-20 18:20:38,840 [Worker-18: Building] INFO  o.a.m.s.f.DefaultMavenResourcesFiltering - Copying 0 resource from src\main\resources to target\classes
2026-05-20 18:20:38,844 [Worker-18: Building] INFO  o.a.m.s.f.DefaultMavenResourcesFiltering - skip non existing resourceDirectory C:\Tejas Kasare Sir\T224\spring\_2_Annotations\src\test\resources
2026-05-20 18:21:02,068 [Worker-28: Building] INFO  o.a.m.s.f.DefaultMavenResourcesFiltering - Copying 1 resource from src\main\resources to target\classes
2026-05-20 18:21:02,077 [Worker-28: Building] INFO  o.a.m.s.f.DefaultMavenResourcesFiltering - Copying 0 resource from src\main\resources to target\classes
2026-05-20 18:21:02,083 [Worker-28: Building] INFO  o.a.m.s.f.DefaultMavenResourcesFiltering - skip non existing resourceDirectory C:\Tejas Kasare Sir\T224\spring\_2_Annotations\src\test\resources
2026-05-20 18:28:49,049 [Worker-29: Building] INFO  o.a.m.s.f.DefaultMavenResourcesFiltering - Copying 1 resource from src\main\resources to target\classes
2026-05-20 18:28:49,061 [Worker-29: Building] INFO  o.a.m.s.f.DefaultMavenResourcesFiltering - Copying 0 resource from src\main\resources to target\classes
2026-05-20 18:28:49,069 [Worker-29: Building] INFO  o.a.m.s.f.DefaultMavenResourcesFiltering - skip non existing resourceDirectory C:\Tejas Kasare Sir\T224\spring\_2_Annotations\src\test\resources
2026-05-20 18:29:25,990 [Worker-27: Building] INFO  o.a.m.s.f.DefaultMavenResourcesFiltering - Copying 1 resource from src\main\resources to target\classes
2026-05-20 18:29:26,002 [Worker-27: Building] INFO  o.a.m.s.f.DefaultMavenResourcesFiltering - Copying 0 resource from src\main\resources to target\classes
2026-05-20 18:29:26,007 [Worker-27: Building] INFO  o.a.m.s.f.DefaultMavenResourcesFiltering - skip non existing resourceDirectory C:\Tejas Kasare Sir\T224\spring\_2_Annotations\src\test\resources
2026-05-20 18:29:30,387 [Worker-31: Building] INFO  o.a.m.s.f.DefaultMavenResourcesFiltering - Copying 1 resource from src\main\resources to target\classes
2026-05-20 18:29:30,396 [Worker-31: Building] INFO  o.a.m.s.f.DefaultMavenResourcesFiltering - Copying 0 resource from src\main\resources to target\classes
2026-05-20 18:29:30,401 [Worker-31: Building] INFO  o.a.m.s.f.DefaultMavenResourcesFiltering - skip non existing resourceDirectory C:\Tejas Kasare Sir\T224\spring\_2_Annotations\src\test\resources
2026-05-20 18:30:09,301 [Worker-29: Building] INFO  o.a.m.s.f.DefaultMavenResourcesFiltering - Copying 1 resource from src\main\resources to target\classes
2026-05-20 18:30:09,310 [Worker-29: Building] INFO  o.a.m.s.f.DefaultMavenResourcesFiltering - Copying 0 resource from src\main\resources to target\classes
2026-05-20 18:30:09,315 [Worker-29: Building] INFO  o.a.m.s.f.DefaultMavenResourcesFiltering - skip non existing resourceDirectory C:\Tejas Kasare Sir\T224\spring\_2_Annotations\src\test\resources
2026-05-20 18:30:24,176 [Worker-28: Building] INFO  o.a.m.s.f.DefaultMavenResourcesFiltering - Copying 1 resource from src\main\resources to target\classes
2026-05-20 18:30:24,212 [Worker-28: Building] INFO  o.a.m.s.f.DefaultMavenResourcesFiltering - Copying 0 resource from src\main\resources to target\classes
2026-05-20 18:30:24,217 [Worker-28: Building] INFO  o.a.m.s.f.DefaultMavenResourcesFiltering - skip non existing resourceDirectory C:\Tejas Kasare Sir\T224\spring\_2_Annotations\src\test\resources
2026-05-25 17:45:39,004 [Worker-0: Loading available Gradle versions] INFO  o.e.b.c.i.u.g.PublishedGradleVersions - Gradle version information cache is up-to-date. Trying to read.
2026-05-25 17:48:35,419 [Worker-7: Import Getting Started Content] INFO  o.e.m.c.i.l.LifecycleMappingFactory - Using org.eclipse.m2e.jdt.JarLifecycleMapping lifecycle mapping for MavenProject: com.tejas:_3_Service_Controller_Basics:1.0.0 @ C:\Tejas Kasare Sir\T224\spring\_3_Service_Controller_Basics\pom.xml.
2026-05-25 17:48:40,913 [Worker-7: Import Getting Started Content] INFO  o.e.m.j.i.AbstractJavaProjectConfigurator - Adding source folder /_3_Service_Controller_Basics/src/main/java
2026-05-25 17:48:40,914 [Worker-7: Import Getting Started Content] INFO  o.e.m.j.i.AbstractJavaProjectConfigurator - Adding resource folder /_3_Service_Controller_Basics/src/main/resources
2026-05-25 17:48:40,933 [Worker-7: Import Getting Started Content] INFO  o.e.m.j.i.AbstractJavaProjectConfigurator - Adding resource folder /_3_Service_Controller_Basics/src/main/resources
2026-05-25 17:48:40,950 [Worker-7: Import Getting Started Content] INFO  o.e.m.j.i.AbstractJavaProjectConfigurator - Adding source folder /_3_Service_Controller_Basics/src/test/java
2026-05-25 17:48:41,672 [Worker-7: Import Getting Started Content] INFO  o.e.m.c.i.p.ProjectConfigurationManager - Imported and configured 1 project(s) in 13 sec
2026-05-25 17:48:41,678 [Worker-7: Import Getting Started Content] INFO  o.e.m.c.i.p.ProjectConfigurationManager - Update started
2026-05-25 17:48:42,343 [Worker-7: Import Getting Started Content] INFO  o.e.m.c.i.l.LifecycleMappingFactory - Using org.eclipse.m2e.jdt.JarLifecycleMapping lifecycle mapping for MavenProject: com.tejas:_3_Service_Controller_Basics:1.0.0 @ C:\Tejas Kasare Sir\T224\spring\_3_Service_Controller_Basics\pom.xml.
2026-05-25 17:48:43,251 [Worker-7: Import Getting Started Content] INFO  o.e.m.j.i.AbstractJavaProjectConfigurator - Adding source folder /_3_Service_Controller_Basics/src/main/java
2026-05-25 17:48:43,251 [Worker-7: Import Getting Started Content] INFO  o.e.m.j.i.AbstractJavaProjectConfigurator - Adding resource folder /_3_Service_Controller_Basics/src/main/resources
2026-05-25 17:48:43,252 [Worker-7: Import Getting Started Content] INFO  o.e.m.j.i.AbstractJavaProjectConfigurator - Adding resource folder /_3_Service_Controller_Basics/src/main/resources
2026-05-25 17:48:43,254 [Worker-7: Import Getting Started Content] INFO  o.e.m.j.i.AbstractJavaProjectConfigurator - Adding source folder /_3_Service_Controller_Basics/src/test/java
2026-05-25 17:48:44,071 [Worker-7: Import Getting Started Content] INFO  o.e.m.c.i.p.ProjectConfigurationManager - Update completed for 1 poms: local refresh takes 0.00 sec, refresh facades takes 1.00 sec, update config takes 0.00 sec 
2026-05-25 17:48:45,058 [Worker-7: Building] INFO  o.a.m.s.f.DefaultMavenResourcesFiltering - Copying 1 resource from src\main\resources to target\classes
2026-05-25 17:48:45,091 [Worker-7: Building] INFO  o.a.m.s.f.DefaultMavenResourcesFiltering - Copying 0 resource from src\main\resources to target\classes
2026-05-25 17:48:45,097 [Worker-7: Building] INFO  o.a.m.s.f.DefaultMavenResourcesFiltering - skip non existing resourceDirectory C:\Tejas Kasare Sir\T224\spring\_3_Service_Controller_Basics\src\test\resources
2026-05-25 17:58:04,538 [Worker-7: Building] INFO  o.a.m.s.f.DefaultMavenResourcesFiltering - Copying 1 resource from src\main\resources to target\classes
2026-05-25 17:58:04,554 [Worker-7: Building] INFO  o.a.m.s.f.DefaultMavenResourcesFiltering - Copying 0 resource from src\main\resources to target\classes
2026-05-25 17:58:04,563 [Worker-7: Building] INFO  o.a.m.s.f.DefaultMavenResourcesFiltering - skip non existing resourceDirectory C:\Tejas Kasare Sir\T224\spring\_3_Service_Controller_Basics\src\test\resources
2026-05-25 17:58:16,710 [Worker-7: Building] INFO  o.a.m.s.f.DefaultMavenResourcesFiltering - Copying 1 resource from src\main\resources to target\classes
2026-05-25 17:58:16,721 [Worker-7: Building] INFO  o.a.m.s.f.DefaultMavenResourcesFiltering - Copying 0 resource from src\main\resources to target\classes
2026-05-25 17:58:16,726 [Worker-7: Building] INFO  o.a.m.s.f.DefaultMavenResourcesFiltering - skip non existing resourceDirectory C:\Tejas Kasare Sir\T224\spring\_3_Service_Controller_Basics\src\test\resources
2026-05-25 17:58:26,753 [Worker-14: Building] INFO  o.a.m.s.f.DefaultMavenResourcesFiltering - Copying 1 resource from src\main\resources to target\classes
2026-05-25 17:58:26,784 [Worker-14: Building] INFO  o.a.m.s.f.DefaultMavenResourcesFiltering - Copying 0 resource from src\main\resources to target\classes
2026-05-25 17:58:26,789 [Worker-14: Building] INFO  o.a.m.s.f.DefaultMavenResourcesFiltering - skip non existing resourceDirectory C:\Tejas Kasare Sir\T224\spring\_3_Service_Controller_Basics\src\test\resources
2026-05-25 18:06:09,502 [Worker-15: Building] INFO  o.a.m.s.f.DefaultMavenResourcesFiltering - Copying 1 resource from src\main\resources to target\classes
2026-05-25 18:06:09,536 [Worker-15: Building] INFO  o.a.m.s.f.DefaultMavenResourcesFiltering - Copying 0 resource from src\main\resources to target\classes
2026-05-25 18:06:09,542 [Worker-15: Building] INFO  o.a.m.s.f.DefaultMavenResourcesFiltering - skip non existing resourceDirectory C:\Tejas Kasare Sir\T224\spring\_3_Service_Controller_Basics\src\test\resources
2026-05-25 18:08:54,240 [Worker-12: Building] INFO  o.a.m.s.f.DefaultMavenResourcesFiltering - Copying 1 resource from src\main\resources to target\classes
2026-05-25 18:08:54,271 [Worker-12: Building] INFO  o.a.m.s.f.DefaultMavenResourcesFiltering - Copying 0 resource from src\main\resources to target\classes
2026-05-25 18:08:54,276 [Worker-12: Building] INFO  o.a.m.s.f.DefaultMavenResourcesFiltering - skip non existing resourceDirectory C:\Tejas Kasare Sir\T224\spring\_3_Service_Controller_Basics\src\test\resources
2026-05-25 18:09:16,980 [Worker-14: Building] INFO  o.a.m.s.f.DefaultMavenResourcesFiltering - Copying 1 resource from src\main\resources to target\classes
2026-05-25 18:09:17,011 [Worker-14: Building] INFO  o.a.m.s.f.DefaultMavenResourcesFiltering - Copying 0 resource from src\main\resources to target\classes
2026-05-25 18:09:17,016 [Worker-14: Building] INFO  o.a.m.s.f.DefaultMavenResourcesFiltering - skip non existing resourceDirectory C:\Tejas Kasare Sir\T224\spring\_3_Service_Controller_Basics\src\test\resources
2026-05-25 18:09:50,112 [Worker-14: Building] INFO  o.a.m.s.f.DefaultMavenResourcesFiltering - Copying 1 resource from src\main\resources to target\classes
2026-05-25 18:09:50,119 [Worker-14: Building] INFO  o.a.m.s.f.DefaultMavenResourcesFiltering - Copying 0 resource from src\main\resources to target\classes
2026-05-25 18:09:50,129 [Worker-14: Building] INFO  o.a.m.s.f.DefaultMavenResourcesFiltering - skip non existing resourceDirectory C:\Tejas Kasare Sir\T224\spring\_3_Service_Controller_Basics\src\test\resources
2026-05-25 18:10:54,567 [Worker-15: Building] INFO  o.a.m.s.f.DefaultMavenResourcesFiltering - Copying 1 resource from src\main\resources to target\classes
2026-05-25 18:10:54,573 [Worker-15: Building] INFO  o.a.m.s.f.DefaultMavenResourcesFiltering - Copying 0 resource from src\main\resources to target\classes
2026-05-25 18:10:54,578 [Worker-15: Building] INFO  o.a.m.s.f.DefaultMavenResourcesFiltering - skip non existing resourceDirectory C:\Tejas Kasare Sir\T224\spring\_3_Service_Controller_Basics\src\test\resources
2026-05-25 18:11:18,886 [Worker-15: Building] INFO  o.a.m.s.f.DefaultMavenResourcesFiltering - Copying 1 resource from src\main\resources to target\classes
2026-05-25 18:11:18,891 [Worker-15: Building] INFO  o.a.m.s.f.DefaultMavenResourcesFiltering - Copying 0 resource from src\main\resources to target\classes
2026-05-25 18:11:18,895 [Worker-15: Building] INFO  o.a.m.s.f.DefaultMavenResourcesFiltering - skip non existing resourceDirectory C:\Tejas Kasare Sir\T224\spring\_3_Service_Controller_Basics\src\test\resources
2026-05-25 18:13:03,964 [Worker-14: Building] INFO  o.a.m.s.f.DefaultMavenResourcesFiltering - Copying 1 resource from src\main\resources to target\classes
2026-05-25 18:13:03,995 [Worker-14: Building] INFO  o.a.m.s.f.DefaultMavenResourcesFiltering - Copying 0 resource from src\main\resources to target\classes
2026-05-25 18:13:04,001 [Worker-14: Building] INFO  o.a.m.s.f.DefaultMavenResourcesFiltering - skip non existing resourceDirectory C:\Tejas Kasare Sir\T224\spring\_3_Service_Controller_Basics\src\test\resources
2026-05-25 18:13:34,415 [Worker-15: Building] INFO  o.a.m.s.f.DefaultMavenResourcesFiltering - Copying 1 resource from src\main\resources to target\classes
2026-05-25 18:13:34,427 [Worker-15: Building] INFO  o.a.m.s.f.DefaultMavenResourcesFiltering - Copying 0 resource from src\main\resources to target\classes
2026-05-25 18:13:34,433 [Worker-15: Building] INFO  o.a.m.s.f.DefaultMavenResourcesFiltering - skip non existing resourceDirectory C:\Tejas Kasare Sir\T224\spring\_3_Service_Controller_Basics\src\test\resources
2026-05-25 18:13:46,084 [Worker-15: Building] INFO  o.a.m.s.f.DefaultMavenResourcesFiltering - Copying 1 resource from src\main\resources to target\classes
2026-05-25 18:13:46,111 [Worker-15: Building] INFO  o.a.m.s.f.DefaultMavenResourcesFiltering - Copying 0 resource from src\main\resources to target\classes
2026-05-25 18:13:46,117 [Worker-15: Building] INFO  o.a.m.s.f.DefaultMavenResourcesFiltering - skip non existing resourceDirectory C:\Tejas Kasare Sir\T224\spring\_3_Service_Controller_Basics\src\test\resources
2026-05-25 18:25:57,797 [Worker-17: Building] INFO  o.a.m.s.f.DefaultMavenResourcesFiltering - Copying 1 resource from src\main\resources to target\classes
2026-05-25 18:25:57,847 [Worker-17: Building] INFO  o.a.m.s.f.DefaultMavenResourcesFiltering - Copying 0 resource from src\main\resources to target\classes
2026-05-25 18:25:57,853 [Worker-17: Building] INFO  o.a.m.s.f.DefaultMavenResourcesFiltering - skip non existing resourceDirectory C:\Tejas Kasare Sir\T224\spring\_3_Service_Controller_Basics\src\test\resources
2026-05-25 18:33:38,147 [Worker-22: Building] INFO  o.a.m.s.f.DefaultMavenResourcesFiltering - Copying 1 resource from src\main\resources to target\classes
2026-05-25 18:33:38,174 [Worker-22: Building] INFO  o.a.m.s.f.DefaultMavenResourcesFiltering - Copying 0 resource from src\main\resources to target\classes
2026-05-25 18:33:38,179 [Worker-22: Building] INFO  o.a.m.s.f.DefaultMavenResourcesFiltering - skip non existing resourceDirectory C:\Tejas Kasare Sir\T224\spring\_3_Service_Controller_Basics\src\test\resources
2026-05-25 18:37:01,795 [Worker-24: Building] INFO  o.a.m.s.f.DefaultMavenResourcesFiltering - Copying 1 resource from src\main\resources to target\classes
2026-05-25 18:37:01,804 [Worker-24: Building] INFO  o.a.m.s.f.DefaultMavenResourcesFiltering - Copying 0 resource from src\main\resources to target\classes
2026-05-25 18:37:01,811 [Worker-24: Building] INFO  o.a.m.s.f.DefaultMavenResourcesFiltering - skip non existing resourceDirectory C:\Tejas Kasare Sir\T224\spring\_3_Service_Controller_Basics\src\test\resources
2026-05-25 18:38:29,020 [Worker-24: Building] INFO  o.a.m.s.f.DefaultMavenResourcesFiltering - Copying 1 resource from src\main\resources to target\classes
2026-05-25 18:38:29,036 [Worker-24: Building] INFO  o.a.m.s.f.DefaultMavenResourcesFiltering - Copying 0 resource from src\main\resources to target\classes
2026-05-25 18:38:29,041 [Worker-24: Building] INFO  o.a.m.s.f.DefaultMavenResourcesFiltering - skip non existing resourceDirectory C:\Tejas Kasare Sir\T224\spring\_3_Service_Controller_Basics\src\test\resources
2026-05-25 19:01:13,877 [Worker-25: Building] INFO  o.a.m.s.f.DefaultMavenResourcesFiltering - Copying 1 resource from src\main\resources to target\classes
2026-05-25 19:01:13,905 [Worker-25: Building] INFO  o.a.m.s.f.DefaultMavenResourcesFiltering - Copying 0 resource from src\main\resources to target\classes
2026-05-25 19:01:13,909 [Worker-25: Building] INFO  o.a.m.s.f.DefaultMavenResourcesFiltering - skip non existing resourceDirectory C:\Tejas Kasare Sir\T224\spring\_3_Service_Controller_Basics\src\test\resources
2026-05-25 19:02:06,085 [Worker-25: Building] INFO  o.a.m.s.f.DefaultMavenResourcesFiltering - Copying 1 resource from src\main\resources to target\classes
2026-05-25 19:02:06,117 [Worker-25: Building] INFO  o.a.m.s.f.DefaultMavenResourcesFiltering - Copying 0 resource from src\main\resources to target\classes
2026-05-25 19:02:06,121 [Worker-25: Building] INFO  o.a.m.s.f.DefaultMavenResourcesFiltering - skip non existing resourceDirectory C:\Tejas Kasare Sir\T224\spring\_3_Service_Controller_Basics\src\test\resources
2026-05-26 18:04:27,381 [Worker-27: Import Getting Started Content] INFO  o.e.m.c.i.l.LifecycleMappingFactory - Using org.eclipse.m2e.jdt.JarLifecycleMapping lifecycle mapping for MavenProject: com.tejas:_4_Mysql_JPA_Crud:1.0.0 @ C:\Tejas Kasare Sir\T224\spring\_4_Mysql_JPA_Crud\pom.xml.
2026-05-26 18:04:33,792 [Worker-27: Import Getting Started Content] INFO  o.e.m.j.i.AbstractJavaProjectConfigurator - Adding source folder /_4_Mysql_JPA_Crud/src/main/java
2026-05-26 18:04:33,793 [Worker-27: Import Getting Started Content] INFO  o.e.m.j.i.AbstractJavaProjectConfigurator - Adding resource folder /_4_Mysql_JPA_Crud/src/main/resources
2026-05-26 18:04:33,816 [Worker-27: Import Getting Started Content] INFO  o.e.m.j.i.AbstractJavaProjectConfigurator - Adding resource folder /_4_Mysql_JPA_Crud/src/main/resources
2026-05-26 18:04:33,836 [Worker-27: Import Getting Started Content] INFO  o.e.m.j.i.AbstractJavaProjectConfigurator - Adding source folder /_4_Mysql_JPA_Crud/src/test/java
2026-05-26 18:04:42,125 [Worker-27: Import Getting Started Content] INFO  o.e.m.c.i.p.ProjectConfigurationManager - Imported and configured 1 project(s) in 18 sec
2026-05-26 18:04:42,129 [Worker-27: Import Getting Started Content] INFO  o.e.m.c.i.p.ProjectConfigurationManager - Update started
2026-05-26 18:04:42,501 [Worker-27: Import Getting Started Content] INFO  o.e.m.c.i.l.LifecycleMappingFactory - Using org.eclipse.m2e.jdt.JarLifecycleMapping lifecycle mapping for MavenProject: com.tejas:_4_Mysql_JPA_Crud:1.0.0 @ C:\Tejas Kasare Sir\T224\spring\_4_Mysql_JPA_Crud\pom.xml.
2026-05-26 18:04:43,463 [Worker-27: Import Getting Started Content] INFO  o.e.m.j.i.AbstractJavaProjectConfigurator - Adding source folder /_4_Mysql_JPA_Crud/src/main/java
2026-05-26 18:04:43,464 [Worker-27: Import Getting Started Content] INFO  o.e.m.j.i.AbstractJavaProjectConfigurator - Adding resource folder /_4_Mysql_JPA_Crud/src/main/resources
2026-05-26 18:04:43,465 [Worker-27: Import Getting Started Content] INFO  o.e.m.j.i.AbstractJavaProjectConfigurator - Adding resource folder /_4_Mysql_JPA_Crud/src/main/resources
2026-05-26 18:04:43,466 [Worker-27: Import Getting Started Content] INFO  o.e.m.j.i.AbstractJavaProjectConfigurator - Adding source folder /_4_Mysql_JPA_Crud/src/test/java
2026-05-26 18:04:44,022 [Worker-27: Import Getting Started Content] INFO  o.e.m.c.i.p.ProjectConfigurationManager - Update completed for 1 poms: local refresh takes 0.00 sec, refresh facades takes 1.00 sec, update config takes 0.00 sec 
2026-05-26 18:04:45,316 [Worker-29: Building] INFO  o.a.m.s.f.DefaultMavenResourcesFiltering - Copying 1 resource from src\main\resources to target\classes
2026-05-26 18:04:45,339 [Worker-29: Building] INFO  o.a.m.s.f.DefaultMavenResourcesFiltering - Copying 0 resource from src\main\resources to target\classes
2026-05-26 18:04:45,345 [Worker-29: Building] INFO  o.a.m.s.f.DefaultMavenResourcesFiltering - skip non existing resourceDirectory C:\Tejas Kasare Sir\T224\spring\_4_Mysql_JPA_Crud\src\test\resources
2026-05-26 18:10:38,097 [Worker-31: Building] INFO  o.a.m.s.f.DefaultMavenResourcesFiltering - Copying 1 resource from src\main\resources to target\classes
2026-05-26 18:10:38,123 [Worker-31: Building] INFO  o.a.m.s.f.DefaultMavenResourcesFiltering - Copying 0 resource from src\main\resources to target\classes
2026-05-26 18:10:38,127 [Worker-31: Building] INFO  o.a.m.s.f.DefaultMavenResourcesFiltering - skip non existing resourceDirectory C:\Tejas Kasare Sir\T224\spring\_4_Mysql_JPA_Crud\src\test\resources
2026-05-26 18:11:03,521 [Worker-32: Building] INFO  o.a.m.s.f.DefaultMavenResourcesFiltering - Copying 1 resource from src\main\resources to target\classes
2026-05-26 18:11:03,527 [Worker-32: Building] INFO  o.a.m.s.f.DefaultMavenResourcesFiltering - Copying 0 resource from src\main\resources to target\classes
2026-05-26 18:11:03,531 [Worker-32: Building] INFO  o.a.m.s.f.DefaultMavenResourcesFiltering - skip non existing resourceDirectory C:\Tejas Kasare Sir\T224\spring\_4_Mysql_JPA_Crud\src\test\resources
2026-05-26 18:11:14,263 [Worker-33: Building] INFO  o.a.m.s.f.DefaultMavenResourcesFiltering - Copying 1 resource from src\main\resources to target\classes
2026-05-26 18:11:14,297 [Worker-33: Building] INFO  o.a.m.s.f.DefaultMavenResourcesFiltering - Copying 0 resource from src\main\resources to target\classes
2026-05-26 18:11:14,305 [Worker-33: Building] INFO  o.a.m.s.f.DefaultMavenResourcesFiltering - skip non existing resourceDirectory C:\Tejas Kasare Sir\T224\spring\_4_Mysql_JPA_Crud\src\test\resources
2026-05-26 18:11:26,874 [Worker-34: Building] INFO  o.a.m.s.f.DefaultMavenResourcesFiltering - Copying 1 resource from src\main\resources to target\classes
2026-05-26 18:11:26,879 [Worker-34: Building] INFO  o.a.m.s.f.DefaultMavenResourcesFiltering - Copying 0 resource from src\main\resources to target\classes
2026-05-26 18:11:26,884 [Worker-34: Building] INFO  o.a.m.s.f.DefaultMavenResourcesFiltering - skip non existing resourceDirectory C:\Tejas Kasare Sir\T224\spring\_4_Mysql_JPA_Crud\src\test\resources
2026-05-26 18:25:10,350 [Worker-36: Building] INFO  o.a.m.s.f.DefaultMavenResourcesFiltering - Copying 1 resource from src\main\resources to target\classes
2026-05-26 18:25:10,362 [Worker-36: Building] INFO  o.a.m.s.f.DefaultMavenResourcesFiltering - Copying 0 resource from src\main\resources to target\classes
2026-05-26 18:25:10,366 [Worker-36: Building] INFO  o.a.m.s.f.DefaultMavenResourcesFiltering - skip non existing resourceDirectory C:\Tejas Kasare Sir\T224\spring\_4_Mysql_JPA_Crud\src\test\resources
2026-05-26 18:34:29,447 [Worker-39: Building] INFO  o.a.m.s.f.DefaultMavenResourcesFiltering - Copying 1 resource from src\main\resources to target\classes
2026-05-26 18:34:29,454 [Worker-39: Building] INFO  o.a.m.s.f.DefaultMavenResourcesFiltering - Copying 0 resource from src\main\resources to target\classes
2026-05-26 18:34:29,458 [Worker-39: Building] INFO  o.a.m.s.f.DefaultMavenResourcesFiltering - skip non existing resourceDirectory C:\Tejas Kasare Sir\T224\spring\_4_Mysql_JPA_Crud\src\test\resources
2026-05-26 18:43:48,826 [Worker-42: Building] INFO  o.a.m.s.f.DefaultMavenResourcesFiltering - Copying 1 resource from src\main\resources to target\classes
2026-05-26 18:43:48,835 [Worker-42: Building] INFO  o.a.m.s.f.DefaultMavenResourcesFiltering - Copying 0 resource from src\main\resources to target\classes
2026-05-26 18:43:48,841 [Worker-42: Building] INFO  o.a.m.s.f.DefaultMavenResourcesFiltering - skip non existing resourceDirectory C:\Tejas Kasare Sir\T224\spring\_4_Mysql_JPA_Crud\src\test\resources
2026-05-26 18:44:16,303 [Worker-41: Building] INFO  o.a.m.s.f.DefaultMavenResourcesFiltering - Copying 1 resource from src\main\resources to target\classes
2026-05-26 18:44:16,317 [Worker-41: Building] INFO  o.a.m.s.f.DefaultMavenResourcesFiltering - Copying 0 resource from src\main\resources to target\classes
2026-05-26 18:44:16,320 [Worker-41: Building] INFO  o.a.m.s.f.DefaultMavenResourcesFiltering - skip non existing resourceDirectory C:\Tejas Kasare Sir\T224\spring\_4_Mysql_JPA_Crud\src\test\resources
2026-05-26 18:45:39,613 [Worker-42: Building] INFO  o.a.m.s.f.DefaultMavenResourcesFiltering - Copying 1 resource from src\main\resources to target\classes
2026-05-26 18:45:39,620 [Worker-42: Building] INFO  o.a.m.s.f.DefaultMavenResourcesFiltering - Copying 0 resource from src\main\resources to target\classes
2026-05-26 18:45:39,625 [Worker-42: Building] INFO  o.a.m.s.f.DefaultMavenResourcesFiltering - skip non existing resourceDirectory C:\Tejas Kasare Sir\T224\spring\_4_Mysql_JPA_Crud\src\test\resources
2026-05-26 18:48:06,352 [Worker-42: Building] INFO  o.a.m.s.f.DefaultMavenResourcesFiltering - Copying 1 resource from src\main\resources to target\classes
2026-05-26 18:48:06,357 [Worker-42: Building] INFO  o.a.m.s.f.DefaultMavenResourcesFiltering - Copying 0 resource from src\main\resources to target\classes
2026-05-26 18:48:06,383 [Worker-42: Building] INFO  o.a.m.s.f.DefaultMavenResourcesFiltering - skip non existing resourceDirectory C:\Tejas Kasare Sir\T224\spring\_4_Mysql_JPA_Crud\src\test\resources
2026-05-27 17:07:13,075 [Worker-0: Loading available Gradle versions] INFO  o.e.b.c.i.u.g.PublishedGradleVersions - Gradle version information cache is up-to-date. Trying to read.
2026-05-27 17:32:30,517 [Worker-12: Building] INFO  o.a.m.s.f.DefaultMavenResourcesFiltering - Copying 1 resource from src\main\resources to target\classes
2026-05-27 17:32:30,554 [Worker-12: Building] INFO  o.a.m.s.f.DefaultMavenResourcesFiltering - Copying 0 resource from src\main\resources to target\classes
2026-05-27 17:32:30,560 [Worker-12: Building] INFO  o.a.m.s.f.DefaultMavenResourcesFiltering - skip non existing resourceDirectory C:\Tejas Kasare Sir\T224\spring\_4_Mysql_JPA_Crud\src\test\resources
2026-05-27 17:36:48,371 [Worker-13: Building] INFO  o.a.m.s.f.DefaultMavenResourcesFiltering - Copying 1 resource from src\main\resources to target\classes
2026-05-27 17:36:48,377 [Worker-13: Building] INFO  o.a.m.s.f.DefaultMavenResourcesFiltering - Copying 0 resource from src\main\resources to target\classes
2026-05-27 17:36:48,383 [Worker-13: Building] INFO  o.a.m.s.f.DefaultMavenResourcesFiltering - skip non existing resourceDirectory C:\Tejas Kasare Sir\T224\spring\_4_Mysql_JPA_Crud\src\test\resources
2026-05-27 17:46:34,839 [Worker-12: Building] INFO  o.a.m.s.f.DefaultMavenResourcesFiltering - Copying 1 resource from src\main\resources to target\classes
2026-05-27 17:46:34,851 [Worker-12: Building] INFO  o.a.m.s.f.DefaultMavenResourcesFiltering - Copying 0 resource from src\main\resources to target\classes
2026-05-27 17:46:34,856 [Worker-12: Building] INFO  o.a.m.s.f.DefaultMavenResourcesFiltering - skip non existing resourceDirectory C:\Tejas Kasare Sir\T224\spring\_4_Mysql_JPA_Crud\src\test\resources
2026-05-27 17:46:47,797 [Worker-15: Launching _4_Mysql_JPA_Crud - Application] INFO  o.a.m.s.f.DefaultMavenResourcesFiltering - Copying 1 resource from src\main\resources to target\classes
2026-05-27 17:46:47,836 [Worker-15: Launching _4_Mysql_JPA_Crud - Application] INFO  o.a.m.s.f.DefaultMavenResourcesFiltering - Copying 0 resource from src\main\resources to target\classes
2026-05-27 17:46:47,842 [Worker-15: Launching _4_Mysql_JPA_Crud - Application] INFO  o.a.m.s.f.DefaultMavenResourcesFiltering - skip non existing resourceDirectory C:\Tejas Kasare Sir\T224\spring\_4_Mysql_JPA_Crud\src\test\resources
2026-05-27 18:08:45,123 [Worker-10: Building] INFO  o.a.m.s.f.DefaultMavenResourcesFiltering - Copying 1 resource from src\main\resources to target\classes
2026-05-27 18:08:45,158 [Worker-10: Building] INFO  o.a.m.s.f.DefaultMavenResourcesFiltering - Copying 0 resource from src\main\resources to target\classes
2026-05-27 18:08:45,166 [Worker-10: Building] INFO  o.a.m.s.f.DefaultMavenResourcesFiltering - skip non existing resourceDirectory C:\Tejas Kasare Sir\T224\spring\_4_Mysql_JPA_Crud\src\test\resources
2026-05-27 18:09:21,287 [Worker-10: Building] INFO  o.a.m.s.f.DefaultMavenResourcesFiltering - Copying 1 resource from src\main\resources to target\classes
2026-05-27 18:09:21,307 [Worker-10: Building] INFO  o.a.m.s.f.DefaultMavenResourcesFiltering - Copying 0 resource from src\main\resources to target\classes
2026-05-27 18:09:21,312 [Worker-10: Building] INFO  o.a.m.s.f.DefaultMavenResourcesFiltering - skip non existing resourceDirectory C:\Tejas Kasare Sir\T224\spring\_4_Mysql_JPA_Crud\src\test\resources
2026-05-27 18:37:15,901 [Worker-24: Building] INFO  o.a.m.s.f.DefaultMavenResourcesFiltering - Copying 1 resource from src\main\resources to target\classes
2026-05-27 18:37:15,920 [Worker-24: Building] INFO  o.a.m.s.f.DefaultMavenResourcesFiltering - Copying 0 resource from src\main\resources to target\classes
2026-05-27 18:37:15,950 [Worker-24: Building] INFO  o.a.m.s.f.DefaultMavenResourcesFiltering - skip non existing resourceDirectory C:\Tejas Kasare Sir\T224\spring\_4_Mysql_JPA_Crud\src\test\resources
2026-05-27 18:38:28,251 [Worker-23: Building] INFO  o.a.m.s.f.DefaultMavenResourcesFiltering - Copying 1 resource from src\main\resources to target\classes
2026-05-27 18:38:28,275 [Worker-23: Building] INFO  o.a.m.s.f.DefaultMavenResourcesFiltering - Copying 0 resource from src\main\resources to target\classes
2026-05-27 18:38:28,282 [Worker-23: Building] INFO  o.a.m.s.f.DefaultMavenResourcesFiltering - skip non existing resourceDirectory C:\Tejas Kasare Sir\T224\spring\_4_Mysql_JPA_Crud\src\test\resources
2026-05-27 18:40:05,511 [Worker-25: Building] INFO  o.a.m.s.f.DefaultMavenResourcesFiltering - Copying 1 resource from src\main\resources to target\classes
2026-05-27 18:40:05,518 [Worker-25: Building] INFO  o.a.m.s.f.DefaultMavenResourcesFiltering - Copying 0 resource from src\main\resources to target\classes
2026-05-27 18:40:05,523 [Worker-25: Building] INFO  o.a.m.s.f.DefaultMavenResourcesFiltering - skip non existing resourceDirectory C:\Tejas Kasare Sir\T224\spring\_4_Mysql_JPA_Crud\src\test\resources
2026-05-28 17:46:32,763 [Worker-2: Loading available Gradle versions] INFO  o.e.b.c.i.u.g.PublishedGradleVersions - Gradle version information cache is up-to-date. Trying to read.
2026-05-28 17:51:47,709 [Worker-3: Import Getting Started Content] INFO  o.e.m.c.i.l.LifecycleMappingFactory - Using org.eclipse.m2e.jdt.JarLifecycleMapping lifecycle mapping for MavenProject: com.tejas:_5_Lombok_Auditing_JPAMethods_Validation_CustomResponse:1.0.0 @ C:\Tejas Kasare Sir\T224\spring\_5_Lombok_Auditing_JPAMethods_Validation_CustomResponse\pom.xml.
2026-05-28 17:51:56,738 [Worker-3: Import Getting Started Content] INFO  o.e.m.j.i.AbstractJavaProjectConfigurator - Adding source folder /_5_Lombok_Auditing_JPAMethods_Validation_CustomResponse/src/main/java
2026-05-28 17:51:56,739 [Worker-3: Import Getting Started Content] INFO  o.e.m.j.i.AbstractJavaProjectConfigurator - Adding resource folder /_5_Lombok_Auditing_JPAMethods_Validation_CustomResponse/src/main/resources
2026-05-28 17:51:56,759 [Worker-3: Import Getting Started Content] INFO  o.e.m.j.i.AbstractJavaProjectConfigurator - Adding resource folder /_5_Lombok_Auditing_JPAMethods_Validation_CustomResponse/src/main/resources
2026-05-28 17:51:56,779 [Worker-3: Import Getting Started Content] INFO  o.e.m.j.i.AbstractJavaProjectConfigurator - Adding source folder /_5_Lombok_Auditing_JPAMethods_Validation_CustomResponse/src/test/java
2026-05-28 17:51:57,795 [Worker-3: Import Getting Started Content] INFO  o.e.m.c.i.p.ProjectConfigurationManager - Imported and configured 1 project(s) in 17 sec
2026-05-28 17:51:57,802 [Worker-3: Import Getting Started Content] INFO  o.e.m.c.i.p.ProjectConfigurationManager - Update started
2026-05-28 17:51:58,405 [Worker-3: Import Getting Started Content] INFO  o.e.m.c.i.l.LifecycleMappingFactory - Using org.eclipse.m2e.jdt.JarLifecycleMapping lifecycle mapping for MavenProject: com.tejas:_5_Lombok_Auditing_JPAMethods_Validation_CustomResponse:1.0.0 @ C:\Tejas Kasare Sir\T224\spring\_5_Lombok_Auditing_JPAMethods_Validation_CustomResponse\pom.xml.
2026-05-28 17:51:59,597 [Worker-3: Import Getting Started Content] INFO  o.e.m.j.i.AbstractJavaProjectConfigurator - Adding source folder /_5_Lombok_Auditing_JPAMethods_Validation_CustomResponse/src/main/java
2026-05-28 17:51:59,598 [Worker-3: Import Getting Started Content] INFO  o.e.m.j.i.AbstractJavaProjectConfigurator - Adding resource folder /_5_Lombok_Auditing_JPAMethods_Validation_CustomResponse/src/main/resources
2026-05-28 17:51:59,599 [Worker-3: Import Getting Started Content] INFO  o.e.m.j.i.AbstractJavaProjectConfigurator - Adding resource folder /_5_Lombok_Auditing_JPAMethods_Validation_CustomResponse/src/main/resources
2026-05-28 17:51:59,600 [Worker-3: Import Getting Started Content] INFO  o.e.m.j.i.AbstractJavaProjectConfigurator - Adding source folder /_5_Lombok_Auditing_JPAMethods_Validation_CustomResponse/src/test/java
2026-05-28 17:52:00,575 [Worker-3: Import Getting Started Content] INFO  o.e.m.c.i.p.ProjectConfigurationManager - Update completed for 1 poms: local refresh takes 0.00 sec, refresh facades takes 1.00 sec, update config takes 0.00 sec 
2026-05-28 17:52:01,681 [Worker-10: Building] INFO  o.a.m.s.f.DefaultMavenResourcesFiltering - Copying 1 resource from src\main\resources to target\classes
2026-05-28 17:52:01,727 [Worker-10: Building] INFO  o.a.m.s.f.DefaultMavenResourcesFiltering - Copying 0 resource from src\main\resources to target\classes
2026-05-28 17:52:01,739 [Worker-10: Building] INFO  o.a.m.s.f.DefaultMavenResourcesFiltering - skip non existing resourceDirectory C:\Tejas Kasare Sir\T224\spring\_5_Lombok_Auditing_JPAMethods_Validation_CustomResponse\src\test\resources
2026-05-28 17:54:37,172 [Worker-11: Building] INFO  o.a.m.s.f.DefaultMavenResourcesFiltering - Copying 1 resource from src\main\resources to target\classes
2026-05-28 17:54:37,198 [Worker-11: Building] INFO  o.a.m.s.f.DefaultMavenResourcesFiltering - Copying 0 resource from src\main\resources to target\classes
2026-05-28 17:54:37,204 [Worker-11: Building] INFO  o.a.m.s.f.DefaultMavenResourcesFiltering - skip non existing resourceDirectory C:\Tejas Kasare Sir\T224\spring\_5_Lombok_Auditing_JPAMethods_Validation_CustomResponse\src\test\resources
2026-05-28 18:00:17,177 [Worker-11: Building] INFO  o.a.m.s.f.DefaultMavenResourcesFiltering - Copying 1 resource from src\main\resources to target\classes
2026-05-28 18:00:17,303 [Worker-11: Building] INFO  o.a.m.s.f.DefaultMavenResourcesFiltering - Copying 0 resource from src\main\resources to target\classes
2026-05-28 18:00:17,310 [Worker-11: Building] INFO  o.a.m.s.f.DefaultMavenResourcesFiltering - skip non existing resourceDirectory C:\Tejas Kasare Sir\T224\spring\_5_Lombok_Auditing_JPAMethods_Validation_CustomResponse\src\test\resources
2026-05-28 18:00:38,955 [Worker-15: Building] INFO  o.a.m.s.f.DefaultMavenResourcesFiltering - Copying 1 resource from src\main\resources to target\classes
2026-05-28 18:00:38,995 [Worker-15: Building] INFO  o.a.m.s.f.DefaultMavenResourcesFiltering - Copying 0 resource from src\main\resources to target\classes
2026-05-28 18:00:39,026 [Worker-15: Building] INFO  o.a.m.s.f.DefaultMavenResourcesFiltering - skip non existing resourceDirectory C:\Tejas Kasare Sir\T224\spring\_5_Lombok_Auditing_JPAMethods_Validation_CustomResponse\src\test\resources
2026-05-28 18:00:50,678 [Worker-11: Building] INFO  o.a.m.s.f.DefaultMavenResourcesFiltering - Copying 1 resource from src\main\resources to target\classes
2026-05-28 18:00:50,723 [Worker-11: Building] INFO  o.a.m.s.f.DefaultMavenResourcesFiltering - Copying 0 resource from src\main\resources to target\classes
2026-05-28 18:00:50,730 [Worker-11: Building] INFO  o.a.m.s.f.DefaultMavenResourcesFiltering - skip non existing resourceDirectory C:\Tejas Kasare Sir\T224\spring\_5_Lombok_Auditing_JPAMethods_Validation_CustomResponse\src\test\resources
2026-05-28 18:01:12,453 [Worker-17: Building] INFO  o.a.m.s.f.DefaultMavenResourcesFiltering - Copying 1 resource from src\main\resources to target\classes
2026-05-28 18:01:12,464 [Worker-17: Building] INFO  o.a.m.s.f.DefaultMavenResourcesFiltering - Copying 0 resource from src\main\resources to target\classes
2026-05-28 18:01:12,471 [Worker-17: Building] INFO  o.a.m.s.f.DefaultMavenResourcesFiltering - skip non existing resourceDirectory C:\Tejas Kasare Sir\T224\spring\_5_Lombok_Auditing_JPAMethods_Validation_CustomResponse\src\test\resources
2026-05-28 18:01:29,568 [Worker-17: Building] INFO  o.a.m.s.f.DefaultMavenResourcesFiltering - Copying 1 resource from src\main\resources to target\classes
2026-05-28 18:01:29,603 [Worker-17: Building] INFO  o.a.m.s.f.DefaultMavenResourcesFiltering - Copying 0 resource from src\main\resources to target\classes
2026-05-28 18:01:29,611 [Worker-17: Building] INFO  o.a.m.s.f.DefaultMavenResourcesFiltering - skip non existing resourceDirectory C:\Tejas Kasare Sir\T224\spring\_5_Lombok_Auditing_JPAMethods_Validation_CustomResponse\src\test\resources
2026-05-28 18:06:44,486 [Worker-17: Building] INFO  o.a.m.s.f.DefaultMavenResourcesFiltering - Copying 1 resource from src\main\resources to target\classes
2026-05-28 18:06:44,493 [Worker-17: Building] INFO  o.a.m.s.f.DefaultMavenResourcesFiltering - Copying 0 resource from src\main\resources to target\classes
2026-05-28 18:06:44,502 [Worker-17: Building] INFO  o.a.m.s.f.DefaultMavenResourcesFiltering - skip non existing resourceDirectory C:\Tejas Kasare Sir\T224\spring\_5_Lombok_Auditing_JPAMethods_Validation_CustomResponse\src\test\resources
2026-05-28 18:07:06,697 [Worker-18: Building] INFO  o.a.m.s.f.DefaultMavenResourcesFiltering - Copying 1 resource from src\main\resources to target\classes
2026-05-28 18:07:06,703 [Worker-18: Building] INFO  o.a.m.s.f.DefaultMavenResourcesFiltering - Copying 0 resource from src\main\resources to target\classes
2026-05-28 18:07:06,709 [Worker-18: Building] INFO  o.a.m.s.f.DefaultMavenResourcesFiltering - skip non existing resourceDirectory C:\Tejas Kasare Sir\T224\spring\_5_Lombok_Auditing_JPAMethods_Validation_CustomResponse\src\test\resources
2026-05-28 18:09:21,703 [Worker-19: Building] INFO  o.e.m.c.i.l.LifecycleMappingFactory - Using org.eclipse.m2e.jdt.JarLifecycleMapping lifecycle mapping for MavenProject: com.tejas:_5_Lombok_Auditing_JPAMethods_Validation_CustomResponse:1.0.0 @ C:\Tejas Kasare Sir\T224\spring\_5_Lombok_Auditing_JPAMethods_Validation_CustomResponse\pom.xml.
2026-05-28 18:09:22,949 [Worker-19: Building] INFO  o.a.m.s.f.DefaultMavenResourcesFiltering - Copying 0 resource from src\main\resources to target\classes
2026-05-28 18:09:22,950 [Worker-19: Building] INFO  o.a.m.s.f.DefaultMavenResourcesFiltering - Copying 0 resource from src\main\resources to target\classes
2026-05-28 18:09:22,957 [Worker-19: Building] INFO  o.a.m.s.f.DefaultMavenResourcesFiltering - skip non existing resourceDirectory C:\Tejas Kasare Sir\T224\spring\_5_Lombok_Auditing_JPAMethods_Validation_CustomResponse\src\test\resources
2026-05-28 18:09:23,074 [Worker-20: Updating Maven Project] INFO  o.e.m.c.i.p.ProjectConfigurationManager - Update started
2026-05-28 18:09:23,585 [Worker-20: Updating Maven Project] INFO  o.e.m.c.i.l.LifecycleMappingFactory - Using org.eclipse.m2e.jdt.JarLifecycleMapping lifecycle mapping for MavenProject: com.tejas:_5_Lombok_Auditing_JPAMethods_Validation_CustomResponse:1.0.0 @ C:\Tejas Kasare Sir\T224\spring\_5_Lombok_Auditing_JPAMethods_Validation_CustomResponse\pom.xml.
2026-05-28 18:09:24,724 [Worker-20: Updating Maven Project] INFO  o.e.m.j.i.AbstractJavaProjectConfigurator - Adding source folder /_5_Lombok_Auditing_JPAMethods_Validation_CustomResponse/src/main/java
2026-05-28 18:09:24,724 [Worker-20: Updating Maven Project] INFO  o.e.m.j.i.AbstractJavaProjectConfigurator - Adding resource folder /_5_Lombok_Auditing_JPAMethods_Validation_CustomResponse/src/main/resources
2026-05-28 18:09:24,725 [Worker-20: Updating Maven Project] INFO  o.e.m.j.i.AbstractJavaProjectConfigurator - Adding resource folder /_5_Lombok_Auditing_JPAMethods_Validation_CustomResponse/src/main/resources
2026-05-28 18:09:24,727 [Worker-20: Updating Maven Project] INFO  o.e.m.j.i.AbstractJavaProjectConfigurator - Adding source folder /_5_Lombok_Auditing_JPAMethods_Validation_CustomResponse/src/test/java
2026-05-28 18:09:24,822 [Worker-20: Updating Maven Project] WARN  o.e.m.c.i.embedder.EclipseLogger - The POM for org.projectlombok:lombok:jar: is missing, no dependency information available
2026-05-28 18:09:24,849 [Worker-20: Updating Maven Project] ERROR o.e.m.a.i.u.PluginDependencyResolver - Unable to collect dependencies for plugin
org.eclipse.aether.resolution.DependencyResolutionException: org.projectlombok:lombok:jar: was not found in https://repo.maven.apache.org/maven2 during a previous attempt. This failure was cached in the local repository and resolution is not reattempted until the update interval of central has elapsed or updates are forced
	at org.eclipse.aether.internal.impl.DefaultRepositorySystem.resolveDependencies(DefaultRepositorySystem.java:357)
	at org.eclipse.m2e.apt.internal.utils.PluginDependencyResolver.getResolvedPluginDependencies(PluginDependencyResolver.java:106)
	at org.eclipse.m2e.apt.internal.compiler.MavenCompilerJdtAptDelegate.getAnnotationProcessorConfiguration(MavenCompilerJdtAptDelegate.java:172)
	at org.eclipse.m2e.apt.internal.AbstractAptConfiguratorDelegate.configureClasspath(AbstractAptConfiguratorDelegate.java:242)
	at org.eclipse.m2e.apt.internal.AbstractAptProjectConfigurator.lambda$1(AbstractAptProjectConfigurator.java:156)
	at org.eclipse.m2e.core.internal.embedder.MavenExecutionContext.executeBare(MavenExecutionContext.java:394)
	at org.eclipse.m2e.core.internal.embedder.MavenExecutionContext.execute(MavenExecutionContext.java:275)
	at org.eclipse.m2e.core.internal.embedder.MavenExecutionContext.execute(MavenExecutionContext.java:214)
	at org.eclipse.m2e.apt.internal.AbstractAptProjectConfigurator.configureRawClasspath(AbstractAptProjectConfigurator.java:150)
	at org.eclipse.m2e.jdt.internal.AbstractJavaProjectConfigurator.invokeJavaProjectConfigurators(AbstractJavaProjectConfigurator.java:213)
	at org.eclipse.m2e.jdt.internal.AbstractJavaProjectConfigurator.configure(AbstractJavaProjectConfigurator.java:172)
	at org.eclipse.m2e.core.project.configurator.AbstractLifecycleMapping.configure(AbstractLifecycleMapping.java:123)
	at org.eclipse.m2e.core.internal.project.ProjectConfigurationManager.lambda$6(ProjectConfigurationManager.java:504)
	at org.eclipse.m2e.core.internal.embedder.MavenExecutionContext.executeBare(MavenExecutionContext.java:394)
	at org.eclipse.m2e.core.internal.embedder.MavenExecutionContext.execute(MavenExecutionContext.java:275)
	at org.eclipse.m2e.core.internal.project.ProjectConfigurationManager.updateProjectConfiguration(ProjectConfigurationManager.java:498)
	at org.eclipse.m2e.core.internal.project.ProjectConfigurationManager.lambda$4(ProjectConfigurationManager.java:426)
	at java.base/java.util.Collection.removeIf(Collection.java:576)
	at org.eclipse.m2e.core.internal.project.ProjectConfigurationManager.updateProjectConfiguration0(ProjectConfigurationManager.java:414)
	at org.eclipse.m2e.core.internal.project.ProjectConfigurationManager.lambda$3(ProjectConfigurationManager.java:340)
	at org.eclipse.m2e.core.internal.embedder.MavenExecutionContext.executeBare(MavenExecutionContext.java:394)
	at org.eclipse.m2e.core.internal.embedder.MavenExecutionContext.execute(MavenExecutionContext.java:275)
	at org.eclipse.m2e.core.internal.embedder.MavenExecutionContext.execute(MavenExecutionContext.java:214)
	at org.eclipse.m2e.core.internal.embedder.MavenImpl.execute(MavenImpl.java:1097)
	at org.eclipse.m2e.core.internal.project.ProjectConfigurationManager.updateProjectConfiguration(ProjectConfigurationManager.java:339)
	at org.eclipse.m2e.core.ui.internal.UpdateMavenProjectJob.runInWorkspace(UpdateMavenProjectJob.java:80)
	at org.eclipse.core.internal.resources.InternalWorkspaceJob.run(InternalWorkspaceJob.java:43)
	at org.eclipse.core.internal.jobs.Worker.run(Worker.java:63)
Caused by: org.eclipse.aether.resolution.ArtifactResolutionException: org.projectlombok:lombok:jar: was not found in https://repo.maven.apache.org/maven2 during a previous attempt. This failure was cached in the local repository and resolution is not reattempted until the update interval of central has elapsed or updates are forced
	at org.eclipse.aether.internal.impl.DefaultArtifactResolver.resolve(DefaultArtifactResolver.java:425)
	at org.eclipse.aether.internal.impl.DefaultArtifactResolver.resolveArtifacts(DefaultArtifactResolver.java:229)
	at org.eclipse.aether.internal.impl.DefaultRepositorySystem.resolveDependencies(DefaultRepositorySystem.java:340)
	... 27 common frames omitted
Caused by: org.eclipse.aether.transfer.ArtifactNotFoundException: org.projectlombok:lombok:jar: was not found in https://repo.maven.apache.org/maven2 during a previous attempt. This failure was cached in the local repository and resolution is not reattempted until the update interval of central has elapsed or updates are forced
	at org.eclipse.aether.internal.impl.DefaultUpdateCheckManager.newException(DefaultUpdateCheckManager.java:217)
	at org.eclipse.aether.internal.impl.DefaultUpdateCheckManager.checkArtifact(DefaultUpdateCheckManager.java:189)
	at org.eclipse.aether.internal.impl.DefaultArtifactResolver.gatherDownloads(DefaultArtifactResolver.java:574)
	at org.eclipse.aether.internal.impl.DefaultArtifactResolver.performDownloads(DefaultArtifactResolver.java:484)
	at org.eclipse.aether.internal.impl.DefaultArtifactResolver.resolve(DefaultArtifactResolver.java:402)
	... 29 common frames omitted
2026-05-28 18:09:24,855 [Worker-20: Updating Maven Project] INFO  o.e.m.c.i.p.ProjectConfigurationManager - Update completed for 1 poms: local refresh takes 0.00 sec, refresh facades takes 1.00 sec, update config takes 0.00 sec 
2026-05-28 18:09:24,860 [Worker-19: Updating Maven Project] INFO  o.e.m.c.i.p.ProjectConfigurationManager - Update started
2026-05-28 18:09:25,406 [Worker-19: Updating Maven Project] INFO  o.e.m.c.i.l.LifecycleMappingFactory - Using org.eclipse.m2e.jdt.JarLifecycleMapping lifecycle mapping for MavenProject: com.tejas:_5_Lombok_Auditing_JPAMethods_Validation_CustomResponse:1.0.0 @ C:\Tejas Kasare Sir\T224\spring\_5_Lombok_Auditing_JPAMethods_Validation_CustomResponse\pom.xml.
2026-05-28 18:09:26,692 [Worker-19: Updating Maven Project] INFO  o.e.m.j.i.AbstractJavaProjectConfigurator - Adding source folder /_5_Lombok_Auditing_JPAMethods_Validation_CustomResponse/src/main/java
2026-05-28 18:09:26,695 [Worker-19: Updating Maven Project] INFO  o.e.m.j.i.AbstractJavaProjectConfigurator - Adding resource folder /_5_Lombok_Auditing_JPAMethods_Validation_CustomResponse/src/main/resources
2026-05-28 18:09:26,696 [Worker-19: Updating Maven Project] INFO  o.e.m.j.i.AbstractJavaProjectConfigurator - Adding resource folder /_5_Lombok_Auditing_JPAMethods_Validation_CustomResponse/src/main/resources
2026-05-28 18:09:26,697 [Worker-19: Updating Maven Project] INFO  o.e.m.j.i.AbstractJavaProjectConfigurator - Adding source folder /_5_Lombok_Auditing_JPAMethods_Validation_CustomResponse/src/test/java
2026-05-28 18:09:26,725 [Worker-19: Updating Maven Project] WARN  o.e.m.c.i.embedder.EclipseLogger - The POM for org.projectlombok:lombok:jar: is missing, no dependency information available
2026-05-28 18:09:26,727 [Worker-19: Updating Maven Project] ERROR o.e.m.a.i.u.PluginDependencyResolver - Unable to collect dependencies for plugin
org.eclipse.aether.resolution.DependencyResolutionException: org.projectlombok:lombok:jar: was not found in https://repo.maven.apache.org/maven2 during a previous attempt. This failure was cached in the local repository and resolution is not reattempted until the update interval of central has elapsed or updates are forced
	at org.eclipse.aether.internal.impl.DefaultRepositorySystem.resolveDependencies(DefaultRepositorySystem.java:357)
	at org.eclipse.m2e.apt.internal.utils.PluginDependencyResolver.getResolvedPluginDependencies(PluginDependencyResolver.java:106)
	at org.eclipse.m2e.apt.internal.compiler.MavenCompilerJdtAptDelegate.getAnnotationProcessorConfiguration(MavenCompilerJdtAptDelegate.java:172)
	at org.eclipse.m2e.apt.internal.AbstractAptConfiguratorDelegate.configureClasspath(AbstractAptConfiguratorDelegate.java:242)
	at org.eclipse.m2e.apt.internal.AbstractAptProjectConfigurator.lambda$1(AbstractAptProjectConfigurator.java:156)
	at org.eclipse.m2e.core.internal.embedder.MavenExecutionContext.executeBare(MavenExecutionContext.java:394)
	at org.eclipse.m2e.core.internal.embedder.MavenExecutionContext.execute(MavenExecutionContext.java:275)
	at org.eclipse.m2e.core.internal.embedder.MavenExecutionContext.execute(MavenExecutionContext.java:214)
	at org.eclipse.m2e.apt.internal.AbstractAptProjectConfigurator.configureRawClasspath(AbstractAptProjectConfigurator.java:150)
	at org.eclipse.m2e.jdt.internal.AbstractJavaProjectConfigurator.invokeJavaProjectConfigurators(AbstractJavaProjectConfigurator.java:213)
	at org.eclipse.m2e.jdt.internal.AbstractJavaProjectConfigurator.configure(AbstractJavaProjectConfigurator.java:172)
	at org.eclipse.m2e.core.project.configurator.AbstractLifecycleMapping.configure(AbstractLifecycleMapping.java:123)
	at org.eclipse.m2e.core.internal.project.ProjectConfigurationManager.lambda$6(ProjectConfigurationManager.java:504)
	at org.eclipse.m2e.core.internal.embedder.MavenExecutionContext.executeBare(MavenExecutionContext.java:394)
	at org.eclipse.m2e.core.internal.embedder.MavenExecutionContext.execute(MavenExecutionContext.java:275)
	at org.eclipse.m2e.core.internal.project.ProjectConfigurationManager.updateProjectConfiguration(ProjectConfigurationManager.java:498)
	at org.eclipse.m2e.core.internal.project.ProjectConfigurationManager.lambda$4(ProjectConfigurationManager.java:426)
	at java.base/java.util.Collection.removeIf(Collection.java:576)
	at org.eclipse.m2e.core.internal.project.ProjectConfigurationManager.updateProjectConfiguration0(ProjectConfigurationManager.java:414)
	at org.eclipse.m2e.core.internal.project.ProjectConfigurationManager.lambda$3(ProjectConfigurationManager.java:340)
	at org.eclipse.m2e.core.internal.embedder.MavenExecutionContext.executeBare(MavenExecutionContext.java:394)
	at org.eclipse.m2e.core.internal.embedder.MavenExecutionContext.execute(MavenExecutionContext.java:275)
	at org.eclipse.m2e.core.internal.embedder.MavenExecutionContext.execute(MavenExecutionContext.java:214)
	at org.eclipse.m2e.core.internal.embedder.MavenImpl.execute(MavenImpl.java:1097)
	at org.eclipse.m2e.core.internal.project.ProjectConfigurationManager.updateProjectConfiguration(ProjectConfigurationManager.java:339)
	at org.eclipse.m2e.core.ui.internal.UpdateMavenProjectJob.runInWorkspace(UpdateMavenProjectJob.java:80)
	at org.eclipse.core.internal.resources.InternalWorkspaceJob.run(InternalWorkspaceJob.java:43)
	at org.eclipse.core.internal.jobs.Worker.run(Worker.java:63)
Caused by: org.eclipse.aether.resolution.ArtifactResolutionException: org.projectlombok:lombok:jar: was not found in https://repo.maven.apache.org/maven2 during a previous attempt. This failure was cached in the local repository and resolution is not reattempted until the update interval of central has elapsed or updates are forced
	at org.eclipse.aether.internal.impl.DefaultArtifactResolver.resolve(DefaultArtifactResolver.java:425)
	at org.eclipse.aether.internal.impl.DefaultArtifactResolver.resolveArtifacts(DefaultArtifactResolver.java:229)
	at org.eclipse.aether.internal.impl.DefaultRepositorySystem.resolveDependencies(DefaultRepositorySystem.java:340)
	... 27 common frames omitted
Caused by: org.eclipse.aether.transfer.ArtifactNotFoundException: org.projectlombok:lombok:jar: was not found in https://repo.maven.apache.org/maven2 during a previous attempt. This failure was cached in the local repository and resolution is not reattempted until the update interval of central has elapsed or updates are forced
	at org.eclipse.aether.internal.impl.DefaultUpdateCheckManager.newException(DefaultUpdateCheckManager.java:217)
	at org.eclipse.aether.internal.impl.DefaultUpdateCheckManager.checkArtifact(DefaultUpdateCheckManager.java:189)
	at org.eclipse.aether.internal.impl.DefaultArtifactResolver.gatherDownloads(DefaultArtifactResolver.java:574)
	at org.eclipse.aether.internal.impl.DefaultArtifactResolver.performDownloads(DefaultArtifactResolver.java:484)
	at org.eclipse.aether.internal.impl.DefaultArtifactResolver.resolve(DefaultArtifactResolver.java:402)
	... 29 common frames omitted
2026-05-28 18:09:26,735 [Worker-19: Updating Maven Project] INFO  o.e.m.c.i.p.ProjectConfigurationManager - Update completed for 1 poms: local refresh takes 0.00 sec, refresh facades takes 1.00 sec, update config takes 0.00 sec 
2026-05-28 18:09:26,812 [Worker-22: Updating Maven Project] INFO  o.e.m.c.i.p.ProjectConfigurationManager - Update started
2026-05-28 18:09:27,482 [Worker-22: Updating Maven Project] INFO  o.e.m.c.i.l.LifecycleMappingFactory - Using org.eclipse.m2e.jdt.JarLifecycleMapping lifecycle mapping for MavenProject: com.tejas:_5_Lombok_Auditing_JPAMethods_Validation_CustomResponse:1.0.0 @ C:\Tejas Kasare Sir\T224\spring\_5_Lombok_Auditing_JPAMethods_Validation_CustomResponse\pom.xml.
2026-05-28 18:09:28,543 [Worker-22: Updating Maven Project] INFO  o.e.m.j.i.AbstractJavaProjectConfigurator - Adding source folder /_5_Lombok_Auditing_JPAMethods_Validation_CustomResponse/src/main/java
2026-05-28 18:09:28,543 [Worker-22: Updating Maven Project] INFO  o.e.m.j.i.AbstractJavaProjectConfigurator - Adding resource folder /_5_Lombok_Auditing_JPAMethods_Validation_CustomResponse/src/main/resources
2026-05-28 18:09:28,544 [Worker-22: Updating Maven Project] INFO  o.e.m.j.i.AbstractJavaProjectConfigurator - Adding resource folder /_5_Lombok_Auditing_JPAMethods_Validation_CustomResponse/src/main/resources
2026-05-28 18:09:28,545 [Worker-22: Updating Maven Project] INFO  o.e.m.j.i.AbstractJavaProjectConfigurator - Adding source folder /_5_Lombok_Auditing_JPAMethods_Validation_CustomResponse/src/test/java
2026-05-28 18:09:28,568 [Worker-22: Updating Maven Project] WARN  o.e.m.c.i.embedder.EclipseLogger - The POM for org.projectlombok:lombok:jar: is missing, no dependency information available
2026-05-28 18:09:28,572 [Worker-22: Updating Maven Project] ERROR o.e.m.a.i.u.PluginDependencyResolver - Unable to collect dependencies for plugin
org.eclipse.aether.resolution.DependencyResolutionException: org.projectlombok:lombok:jar: was not found in https://repo.maven.apache.org/maven2 during a previous attempt. This failure was cached in the local repository and resolution is not reattempted until the update interval of central has elapsed or updates are forced
	at org.eclipse.aether.internal.impl.DefaultRepositorySystem.resolveDependencies(DefaultRepositorySystem.java:357)
	at org.eclipse.m2e.apt.internal.utils.PluginDependencyResolver.getResolvedPluginDependencies(PluginDependencyResolver.java:106)
	at org.eclipse.m2e.apt.internal.compiler.MavenCompilerJdtAptDelegate.getAnnotationProcessorConfiguration(MavenCompilerJdtAptDelegate.java:172)
	at org.eclipse.m2e.apt.internal.AbstractAptConfiguratorDelegate.configureClasspath(AbstractAptConfiguratorDelegate.java:242)
	at org.eclipse.m2e.apt.internal.AbstractAptProjectConfigurator.lambda$1(AbstractAptProjectConfigurator.java:156)
	at org.eclipse.m2e.core.internal.embedder.MavenExecutionContext.executeBare(MavenExecutionContext.java:394)
	at org.eclipse.m2e.core.internal.embedder.MavenExecutionContext.execute(MavenExecutionContext.java:275)
	at org.eclipse.m2e.core.internal.embedder.MavenExecutionContext.execute(MavenExecutionContext.java:214)
	at org.eclipse.m2e.apt.internal.AbstractAptProjectConfigurator.configureRawClasspath(AbstractAptProjectConfigurator.java:150)
	at org.eclipse.m2e.jdt.internal.AbstractJavaProjectConfigurator.invokeJavaProjectConfigurators(AbstractJavaProjectConfigurator.java:213)
	at org.eclipse.m2e.jdt.internal.AbstractJavaProjectConfigurator.configure(AbstractJavaProjectConfigurator.java:172)
	at org.eclipse.m2e.core.project.configurator.AbstractLifecycleMapping.configure(AbstractLifecycleMapping.java:123)
	at org.eclipse.m2e.core.internal.project.ProjectConfigurationManager.lambda$6(ProjectConfigurationManager.java:504)
	at org.eclipse.m2e.core.internal.embedder.MavenExecutionContext.executeBare(MavenExecutionContext.java:394)
	at org.eclipse.m2e.core.internal.embedder.MavenExecutionContext.execute(MavenExecutionContext.java:275)
	at org.eclipse.m2e.core.internal.project.ProjectConfigurationManager.updateProjectConfiguration(ProjectConfigurationManager.java:498)
	at org.eclipse.m2e.core.internal.project.ProjectConfigurationManager.lambda$4(ProjectConfigurationManager.java:426)
	at java.base/java.util.Collection.removeIf(Collection.java:576)
	at org.eclipse.m2e.core.internal.project.ProjectConfigurationManager.updateProjectConfiguration0(ProjectConfigurationManager.java:414)
	at org.eclipse.m2e.core.internal.project.ProjectConfigurationManager.lambda$3(ProjectConfigurationManager.java:340)
	at org.eclipse.m2e.core.internal.embedder.MavenExecutionContext.executeBare(MavenExecutionContext.java:394)
	at org.eclipse.m2e.core.internal.embedder.MavenExecutionContext.execute(MavenExecutionContext.java:275)
	at org.eclipse.m2e.core.internal.embedder.MavenExecutionContext.execute(MavenExecutionContext.java:214)
	at org.eclipse.m2e.core.internal.embedder.MavenImpl.execute(MavenImpl.java:1097)
	at org.eclipse.m2e.core.internal.project.ProjectConfigurationManager.updateProjectConfiguration(ProjectConfigurationManager.java:339)
	at org.eclipse.m2e.core.ui.internal.UpdateMavenProjectJob.runInWorkspace(UpdateMavenProjectJob.java:80)
	at org.eclipse.core.internal.resources.InternalWorkspaceJob.run(InternalWorkspaceJob.java:43)
	at org.eclipse.core.internal.jobs.Worker.run(Worker.java:63)
Caused by: org.eclipse.aether.resolution.ArtifactResolutionException: org.projectlombok:lombok:jar: was not found in https://repo.maven.apache.org/maven2 during a previous attempt. This failure was cached in the local repository and resolution is not reattempted until the update interval of central has elapsed or updates are forced
	at org.eclipse.aether.internal.impl.DefaultArtifactResolver.resolve(DefaultArtifactResolver.java:425)
	at org.eclipse.aether.internal.impl.DefaultArtifactResolver.resolveArtifacts(DefaultArtifactResolver.java:229)
	at org.eclipse.aether.internal.impl.DefaultRepositorySystem.resolveDependencies(DefaultRepositorySystem.java:340)
	... 27 common frames omitted
Caused by: org.eclipse.aether.transfer.ArtifactNotFoundException: org.projectlombok:lombok:jar: was not found in https://repo.maven.apache.org/maven2 during a previous attempt. This failure was cached in the local repository and resolution is not reattempted until the update interval of central has elapsed or updates are forced
	at org.eclipse.aether.internal.impl.DefaultUpdateCheckManager.newException(DefaultUpdateCheckManager.java:217)
	at org.eclipse.aether.internal.impl.DefaultUpdateCheckManager.checkArtifact(DefaultUpdateCheckManager.java:189)
	at org.eclipse.aether.internal.impl.DefaultArtifactResolver.gatherDownloads(DefaultArtifactResolver.java:574)
	at org.eclipse.aether.internal.impl.DefaultArtifactResolver.performDownloads(DefaultArtifactResolver.java:484)
	at org.eclipse.aether.internal.impl.DefaultArtifactResolver.resolve(DefaultArtifactResolver.java:402)
	... 29 common frames omitted
2026-05-28 18:09:28,573 [Worker-22: Updating Maven Project] INFO  o.e.m.c.i.p.ProjectConfigurationManager - Update completed for 1 poms: local refresh takes 0.00 sec, refresh facades takes 1.00 sec, update config takes 0.00 sec 
2026-05-28 18:09:28,600 [Worker-22: Updating Maven Project] INFO  o.e.m.c.i.p.ProjectConfigurationManager - Update started
2026-05-28 18:09:29,207 [Worker-22: Updating Maven Project] INFO  o.e.m.c.i.l.LifecycleMappingFactory - Using org.eclipse.m2e.jdt.JarLifecycleMapping lifecycle mapping for MavenProject: com.tejas:_5_Lombok_Auditing_JPAMethods_Validation_CustomResponse:1.0.0 @ C:\Tejas Kasare Sir\T224\spring\_5_Lombok_Auditing_JPAMethods_Validation_CustomResponse\pom.xml.
2026-05-28 18:09:30,403 [Worker-22: Updating Maven Project] INFO  o.e.m.j.i.AbstractJavaProjectConfigurator - Adding source folder /_5_Lombok_Auditing_JPAMethods_Validation_CustomResponse/src/main/java
2026-05-28 18:09:30,403 [Worker-22: Updating Maven Project] INFO  o.e.m.j.i.AbstractJavaProjectConfigurator - Adding resource folder /_5_Lombok_Auditing_JPAMethods_Validation_CustomResponse/src/main/resources
2026-05-28 18:09:30,404 [Worker-22: Updating Maven Project] INFO  o.e.m.j.i.AbstractJavaProjectConfigurator - Adding resource folder /_5_Lombok_Auditing_JPAMethods_Validation_CustomResponse/src/main/resources
2026-05-28 18:09:30,405 [Worker-22: Updating Maven Project] INFO  o.e.m.j.i.AbstractJavaProjectConfigurator - Adding source folder /_5_Lombok_Auditing_JPAMethods_Validation_CustomResponse/src/test/java
2026-05-28 18:09:30,429 [Worker-22: Updating Maven Project] WARN  o.e.m.c.i.embedder.EclipseLogger - The POM for org.projectlombok:lombok:jar: is missing, no dependency information available
2026-05-28 18:09:30,432 [Worker-22: Updating Maven Project] ERROR o.e.m.a.i.u.PluginDependencyResolver - Unable to collect dependencies for plugin
org.eclipse.aether.resolution.DependencyResolutionException: org.projectlombok:lombok:jar: was not found in https://repo.maven.apache.org/maven2 during a previous attempt. This failure was cached in the local repository and resolution is not reattempted until the update interval of central has elapsed or updates are forced
	at org.eclipse.aether.internal.impl.DefaultRepositorySystem.resolveDependencies(DefaultRepositorySystem.java:357)
	at org.eclipse.m2e.apt.internal.utils.PluginDependencyResolver.getResolvedPluginDependencies(PluginDependencyResolver.java:106)
	at org.eclipse.m2e.apt.internal.compiler.MavenCompilerJdtAptDelegate.getAnnotationProcessorConfiguration(MavenCompilerJdtAptDelegate.java:172)
	at org.eclipse.m2e.apt.internal.AbstractAptConfiguratorDelegate.configureClasspath(AbstractAptConfiguratorDelegate.java:242)
	at org.eclipse.m2e.apt.internal.AbstractAptProjectConfigurator.lambda$1(AbstractAptProjectConfigurator.java:156)
	at org.eclipse.m2e.core.internal.embedder.MavenExecutionContext.executeBare(MavenExecutionContext.java:394)
	at org.eclipse.m2e.core.internal.embedder.MavenExecutionContext.execute(MavenExecutionContext.java:275)
	at org.eclipse.m2e.core.internal.embedder.MavenExecutionContext.execute(MavenExecutionContext.java:214)
	at org.eclipse.m2e.apt.internal.AbstractAptProjectConfigurator.configureRawClasspath(AbstractAptProjectConfigurator.java:150)
	at org.eclipse.m2e.jdt.internal.AbstractJavaProjectConfigurator.invokeJavaProjectConfigurators(AbstractJavaProjectConfigurator.java:213)
	at org.eclipse.m2e.jdt.internal.AbstractJavaProjectConfigurator.configure(AbstractJavaProjectConfigurator.java:172)
	at org.eclipse.m2e.core.project.configurator.AbstractLifecycleMapping.configure(AbstractLifecycleMapping.java:123)
	at org.eclipse.m2e.core.internal.project.ProjectConfigurationManager.lambda$6(ProjectConfigurationManager.java:504)
	at org.eclipse.m2e.core.internal.embedder.MavenExecutionContext.executeBare(MavenExecutionContext.java:394)
	at org.eclipse.m2e.core.internal.embedder.MavenExecutionContext.execute(MavenExecutionContext.java:275)
	at org.eclipse.m2e.core.internal.project.ProjectConfigurationManager.updateProjectConfiguration(ProjectConfigurationManager.java:498)
	at org.eclipse.m2e.core.internal.project.ProjectConfigurationManager.lambda$4(ProjectConfigurationManager.java:426)
	at java.base/java.util.Collection.removeIf(Collection.java:576)
	at org.eclipse.m2e.core.internal.project.ProjectConfigurationManager.updateProjectConfiguration0(ProjectConfigurationManager.java:414)
	at org.eclipse.m2e.core.internal.project.ProjectConfigurationManager.lambda$3(ProjectConfigurationManager.java:340)
	at org.eclipse.m2e.core.internal.embedder.MavenExecutionContext.executeBare(MavenExecutionContext.java:394)
	at org.eclipse.m2e.core.internal.embedder.MavenExecutionContext.execute(MavenExecutionContext.java:275)
	at org.eclipse.m2e.core.internal.embedder.MavenExecutionContext.execute(MavenExecutionContext.java:214)
	at org.eclipse.m2e.core.internal.embedder.MavenImpl.execute(MavenImpl.java:1097)
	at org.eclipse.m2e.core.internal.project.ProjectConfigurationManager.updateProjectConfiguration(ProjectConfigurationManager.java:339)
	at org.eclipse.m2e.core.ui.internal.UpdateMavenProjectJob.runInWorkspace(UpdateMavenProjectJob.java:80)
	at org.eclipse.core.internal.resources.InternalWorkspaceJob.run(InternalWorkspaceJob.java:43)
	at org.eclipse.core.internal.jobs.Worker.run(Worker.java:63)
Caused by: org.eclipse.aether.resolution.ArtifactResolutionException: org.projectlombok:lombok:jar: was not found in https://repo.maven.apache.org/maven2 during a previous attempt. This failure was cached in the local repository and resolution is not reattempted until the update interval of central has elapsed or updates are forced
	at org.eclipse.aether.internal.impl.DefaultArtifactResolver.resolve(DefaultArtifactResolver.java:425)
	at org.eclipse.aether.internal.impl.DefaultArtifactResolver.resolveArtifacts(DefaultArtifactResolver.java:229)
	at org.eclipse.aether.internal.impl.DefaultRepositorySystem.resolveDependencies(DefaultRepositorySystem.java:340)
	... 27 common frames omitted
Caused by: org.eclipse.aether.transfer.ArtifactNotFoundException: org.projectlombok:lombok:jar: was not found in https://repo.maven.apache.org/maven2 during a previous attempt. This failure was cached in the local repository and resolution is not reattempted until the update interval of central has elapsed or updates are forced
	at org.eclipse.aether.internal.impl.DefaultUpdateCheckManager.newException(DefaultUpdateCheckManager.java:217)
	at org.eclipse.aether.internal.impl.DefaultUpdateCheckManager.checkArtifact(DefaultUpdateCheckManager.java:189)
	at org.eclipse.aether.internal.impl.DefaultArtifactResolver.gatherDownloads(DefaultArtifactResolver.java:574)
	at org.eclipse.aether.internal.impl.DefaultArtifactResolver.performDownloads(DefaultArtifactResolver.java:484)
	at org.eclipse.aether.internal.impl.DefaultArtifactResolver.resolve(DefaultArtifactResolver.java:402)
	... 29 common frames omitted
2026-05-28 18:09:30,435 [Worker-22: Updating Maven Project] INFO  o.e.m.c.i.p.ProjectConfigurationManager - Update completed for 1 poms: local refresh takes 0.00 sec, refresh facades takes 1.00 sec, update config takes 0.00 sec 
2026-05-28 18:09:30,495 [Worker-30: Updating Maven Project] INFO  o.e.m.c.i.p.ProjectConfigurationManager - Update started
2026-05-28 18:09:30,975 [Worker-30: Updating Maven Project] INFO  o.e.m.c.i.l.LifecycleMappingFactory - Using org.eclipse.m2e.jdt.JarLifecycleMapping lifecycle mapping for MavenProject: com.tejas:_5_Lombok_Auditing_JPAMethods_Validation_CustomResponse:1.0.0 @ C:\Tejas Kasare Sir\T224\spring\_5_Lombok_Auditing_JPAMethods_Validation_CustomResponse\pom.xml.
2026-05-28 18:09:32,167 [Worker-30: Updating Maven Project] INFO  o.e.m.j.i.AbstractJavaProjectConfigurator - Adding source folder /_5_Lombok_Auditing_JPAMethods_Validation_CustomResponse/src/main/java
2026-05-28 18:09:32,168 [Worker-30: Updating Maven Project] INFO  o.e.m.j.i.AbstractJavaProjectConfigurator - Adding resource folder /_5_Lombok_Auditing_JPAMethods_Validation_CustomResponse/src/main/resources
2026-05-28 18:09:32,168 [Worker-30: Updating Maven Project] INFO  o.e.m.j.i.AbstractJavaProjectConfigurator - Adding resource folder /_5_Lombok_Auditing_JPAMethods_Validation_CustomResponse/src/main/resources
2026-05-28 18:09:32,170 [Worker-30: Updating Maven Project] INFO  o.e.m.j.i.AbstractJavaProjectConfigurator - Adding source folder /_5_Lombok_Auditing_JPAMethods_Validation_CustomResponse/src/test/java
2026-05-28 18:09:32,221 [Worker-30: Updating Maven Project] WARN  o.e.m.c.i.embedder.EclipseLogger - The POM for org.projectlombok:lombok:jar: is missing, no dependency information available
2026-05-28 18:09:32,224 [Worker-30: Updating Maven Project] ERROR o.e.m.a.i.u.PluginDependencyResolver - Unable to collect dependencies for plugin
org.eclipse.aether.resolution.DependencyResolutionException: org.projectlombok:lombok:jar: was not found in https://repo.maven.apache.org/maven2 during a previous attempt. This failure was cached in the local repository and resolution is not reattempted until the update interval of central has elapsed or updates are forced
	at org.eclipse.aether.internal.impl.DefaultRepositorySystem.resolveDependencies(DefaultRepositorySystem.java:357)
	at org.eclipse.m2e.apt.internal.utils.PluginDependencyResolver.getResolvedPluginDependencies(PluginDependencyResolver.java:106)
	at org.eclipse.m2e.apt.internal.compiler.MavenCompilerJdtAptDelegate.getAnnotationProcessorConfiguration(MavenCompilerJdtAptDelegate.java:172)
	at org.eclipse.m2e.apt.internal.AbstractAptConfiguratorDelegate.configureClasspath(AbstractAptConfiguratorDelegate.java:242)
	at org.eclipse.m2e.apt.internal.AbstractAptProjectConfigurator.lambda$1(AbstractAptProjectConfigurator.java:156)
	at org.eclipse.m2e.core.internal.embedder.MavenExecutionContext.executeBare(MavenExecutionContext.java:394)
	at org.eclipse.m2e.core.internal.embedder.MavenExecutionContext.execute(MavenExecutionContext.java:275)
	at org.eclipse.m2e.core.internal.embedder.MavenExecutionContext.execute(MavenExecutionContext.java:214)
	at org.eclipse.m2e.apt.internal.AbstractAptProjectConfigurator.configureRawClasspath(AbstractAptProjectConfigurator.java:150)
	at org.eclipse.m2e.jdt.internal.AbstractJavaProjectConfigurator.invokeJavaProjectConfigurators(AbstractJavaProjectConfigurator.java:213)
	at org.eclipse.m2e.jdt.internal.AbstractJavaProjectConfigurator.configure(AbstractJavaProjectConfigurator.java:172)
	at org.eclipse.m2e.core.project.configurator.AbstractLifecycleMapping.configure(AbstractLifecycleMapping.java:123)
	at org.eclipse.m2e.core.internal.project.ProjectConfigurationManager.lambda$6(ProjectConfigurationManager.java:504)
	at org.eclipse.m2e.core.internal.embedder.MavenExecutionContext.executeBare(MavenExecutionContext.java:394)
	at org.eclipse.m2e.core.internal.embedder.MavenExecutionContext.execute(MavenExecutionContext.java:275)
	at org.eclipse.m2e.core.internal.project.ProjectConfigurationManager.updateProjectConfiguration(ProjectConfigurationManager.java:498)
	at org.eclipse.m2e.core.internal.project.ProjectConfigurationManager.lambda$4(ProjectConfigurationManager.java:426)
	at java.base/java.util.Collection.removeIf(Collection.java:576)
	at org.eclipse.m2e.core.internal.project.ProjectConfigurationManager.updateProjectConfiguration0(ProjectConfigurationManager.java:414)
	at org.eclipse.m2e.core.internal.project.ProjectConfigurationManager.lambda$3(ProjectConfigurationManager.java:340)
	at org.eclipse.m2e.core.internal.embedder.MavenExecutionContext.executeBare(MavenExecutionContext.java:394)
	at org.eclipse.m2e.core.internal.embedder.MavenExecutionContext.execute(MavenExecutionContext.java:275)
	at org.eclipse.m2e.core.internal.embedder.MavenExecutionContext.execute(MavenExecutionContext.java:214)
	at org.eclipse.m2e.core.internal.embedder.MavenImpl.execute(MavenImpl.java:1097)
	at org.eclipse.m2e.core.internal.project.ProjectConfigurationManager.updateProjectConfiguration(ProjectConfigurationManager.java:339)
	at org.eclipse.m2e.core.ui.internal.UpdateMavenProjectJob.runInWorkspace(UpdateMavenProjectJob.java:80)
	at org.eclipse.core.internal.resources.InternalWorkspaceJob.run(InternalWorkspaceJob.java:43)
	at org.eclipse.core.internal.jobs.Worker.run(Worker.java:63)
Caused by: org.eclipse.aether.resolution.ArtifactResolutionException: org.projectlombok:lombok:jar: was not found in https://repo.maven.apache.org/maven2 during a previous attempt. This failure was cached in the local repository and resolution is not reattempted until the update interval of central has elapsed or updates are forced
	at org.eclipse.aether.internal.impl.DefaultArtifactResolver.resolve(DefaultArtifactResolver.java:425)
	at org.eclipse.aether.internal.impl.DefaultArtifactResolver.resolveArtifacts(DefaultArtifactResolver.java:229)
	at org.eclipse.aether.internal.impl.DefaultRepositorySystem.resolveDependencies(DefaultRepositorySystem.java:340)
	... 27 common frames omitted
Caused by: org.eclipse.aether.transfer.ArtifactNotFoundException: org.projectlombok:lombok:jar: was not found in https://repo.maven.apache.org/maven2 during a previous attempt. This failure was cached in the local repository and resolution is not reattempted until the update interval of central has elapsed or updates are forced
	at org.eclipse.aether.internal.impl.DefaultUpdateCheckManager.newException(DefaultUpdateCheckManager.java:217)
	at org.eclipse.aether.internal.impl.DefaultUpdateCheckManager.checkArtifact(DefaultUpdateCheckManager.java:189)
	at org.eclipse.aether.internal.impl.DefaultArtifactResolver.gatherDownloads(DefaultArtifactResolver.java:574)
	at org.eclipse.aether.internal.impl.DefaultArtifactResolver.performDownloads(DefaultArtifactResolver.java:484)
	at org.eclipse.aether.internal.impl.DefaultArtifactResolver.resolve(DefaultArtifactResolver.java:402)
	... 29 common frames omitted
2026-05-28 18:09:32,226 [Worker-30: Updating Maven Project] INFO  o.e.m.c.i.p.ProjectConfigurationManager - Update completed for 1 poms: local refresh takes 0.00 sec, refresh facades takes 1.00 sec, update config takes 0.00 sec 
2026-05-28 18:09:32,294 [Worker-30: Updating Maven Project] INFO  o.e.m.c.i.p.ProjectConfigurationManager - Update started
2026-05-28 18:09:32,882 [Worker-30: Updating Maven Project] INFO  o.e.m.c.i.l.LifecycleMappingFactory - Using org.eclipse.m2e.jdt.JarLifecycleMapping lifecycle mapping for MavenProject: com.tejas:_5_Lombok_Auditing_JPAMethods_Validation_CustomResponse:1.0.0 @ C:\Tejas Kasare Sir\T224\spring\_5_Lombok_Auditing_JPAMethods_Validation_CustomResponse\pom.xml.
2026-05-28 18:09:34,014 [Worker-30: Updating Maven Project] INFO  o.e.m.j.i.AbstractJavaProjectConfigurator - Adding source folder /_5_Lombok_Auditing_JPAMethods_Validation_CustomResponse/src/main/java
2026-05-28 18:09:34,015 [Worker-30: Updating Maven Project] INFO  o.e.m.j.i.AbstractJavaProjectConfigurator - Adding resource folder /_5_Lombok_Auditing_JPAMethods_Validation_CustomResponse/src/main/resources
2026-05-28 18:09:34,016 [Worker-30: Updating Maven Project] INFO  o.e.m.j.i.AbstractJavaProjectConfigurator - Adding resource folder /_5_Lombok_Auditing_JPAMethods_Validation_CustomResponse/src/main/resources
2026-05-28 18:09:34,016 [Worker-30: Updating Maven Project] INFO  o.e.m.j.i.AbstractJavaProjectConfigurator - Adding source folder /_5_Lombok_Auditing_JPAMethods_Validation_CustomResponse/src/test/java
2026-05-28 18:09:34,041 [Worker-30: Updating Maven Project] WARN  o.e.m.c.i.embedder.EclipseLogger - The POM for org.projectlombok:lombok:jar: is missing, no dependency information available
2026-05-28 18:09:34,044 [Worker-30: Updating Maven Project] ERROR o.e.m.a.i.u.PluginDependencyResolver - Unable to collect dependencies for plugin
org.eclipse.aether.resolution.DependencyResolutionException: org.projectlombok:lombok:jar: was not found in https://repo.maven.apache.org/maven2 during a previous attempt. This failure was cached in the local repository and resolution is not reattempted until the update interval of central has elapsed or updates are forced
	at org.eclipse.aether.internal.impl.DefaultRepositorySystem.resolveDependencies(DefaultRepositorySystem.java:357)
	at org.eclipse.m2e.apt.internal.utils.PluginDependencyResolver.getResolvedPluginDependencies(PluginDependencyResolver.java:106)
	at org.eclipse.m2e.apt.internal.compiler.MavenCompilerJdtAptDelegate.getAnnotationProcessorConfiguration(MavenCompilerJdtAptDelegate.java:172)
	at org.eclipse.m2e.apt.internal.AbstractAptConfiguratorDelegate.configureClasspath(AbstractAptConfiguratorDelegate.java:242)
	at org.eclipse.m2e.apt.internal.AbstractAptProjectConfigurator.lambda$1(AbstractAptProjectConfigurator.java:156)
	at org.eclipse.m2e.core.internal.embedder.MavenExecutionContext.executeBare(MavenExecutionContext.java:394)
	at org.eclipse.m2e.core.internal.embedder.MavenExecutionContext.execute(MavenExecutionContext.java:275)
	at org.eclipse.m2e.core.internal.embedder.MavenExecutionContext.execute(MavenExecutionContext.java:214)
	at org.eclipse.m2e.apt.internal.AbstractAptProjectConfigurator.configureRawClasspath(AbstractAptProjectConfigurator.java:150)
	at org.eclipse.m2e.jdt.internal.AbstractJavaProjectConfigurator.invokeJavaProjectConfigurators(AbstractJavaProjectConfigurator.java:213)
	at org.eclipse.m2e.jdt.internal.AbstractJavaProjectConfigurator.configure(AbstractJavaProjectConfigurator.java:172)
	at org.eclipse.m2e.core.project.configurator.AbstractLifecycleMapping.configure(AbstractLifecycleMapping.java:123)
	at org.eclipse.m2e.core.internal.project.ProjectConfigurationManager.lambda$6(ProjectConfigurationManager.java:504)
	at org.eclipse.m2e.core.internal.embedder.MavenExecutionContext.executeBare(MavenExecutionContext.java:394)
	at org.eclipse.m2e.core.internal.embedder.MavenExecutionContext.execute(MavenExecutionContext.java:275)
	at org.eclipse.m2e.core.internal.project.ProjectConfigurationManager.updateProjectConfiguration(ProjectConfigurationManager.java:498)
	at org.eclipse.m2e.core.internal.project.ProjectConfigurationManager.lambda$4(ProjectConfigurationManager.java:426)
	at java.base/java.util.Collection.removeIf(Collection.java:576)
	at org.eclipse.m2e.core.internal.project.ProjectConfigurationManager.updateProjectConfiguration0(ProjectConfigurationManager.java:414)
	at org.eclipse.m2e.core.internal.project.ProjectConfigurationManager.lambda$3(ProjectConfigurationManager.java:340)
	at org.eclipse.m2e.core.internal.embedder.MavenExecutionContext.executeBare(MavenExecutionContext.java:394)
	at org.eclipse.m2e.core.internal.embedder.MavenExecutionContext.execute(MavenExecutionContext.java:275)
	at org.eclipse.m2e.core.internal.embedder.MavenExecutionContext.execute(MavenExecutionContext.java:214)
	at org.eclipse.m2e.core.internal.embedder.MavenImpl.execute(MavenImpl.java:1097)
	at org.eclipse.m2e.core.internal.project.ProjectConfigurationManager.updateProjectConfiguration(ProjectConfigurationManager.java:339)
	at org.eclipse.m2e.core.ui.internal.UpdateMavenProjectJob.runInWorkspace(UpdateMavenProjectJob.java:80)
	at org.eclipse.core.internal.resources.InternalWorkspaceJob.run(InternalWorkspaceJob.java:43)
	at org.eclipse.core.internal.jobs.Worker.run(Worker.java:63)
Caused by: org.eclipse.aether.resolution.ArtifactResolutionException: org.projectlombok:lombok:jar: was not found in https://repo.maven.apache.org/maven2 during a previous attempt. This failure was cached in the local repository and resolution is not reattempted until the update interval of central has elapsed or updates are forced
	at org.eclipse.aether.internal.impl.DefaultArtifactResolver.resolve(DefaultArtifactResolver.java:425)
	at org.eclipse.aether.internal.impl.DefaultArtifactResolver.resolveArtifacts(DefaultArtifactResolver.java:229)
	at org.eclipse.aether.internal.impl.DefaultRepositorySystem.resolveDependencies(DefaultRepositorySystem.java:340)
	... 27 common frames omitted
Caused by: org.eclipse.aether.transfer.ArtifactNotFoundException: org.projectlombok:lombok:jar: was not found in https://repo.maven.apache.org/maven2 during a previous attempt. This failure was cached in the local repository and resolution is not reattempted until the update interval of central has elapsed or updates are forced
	at org.eclipse.aether.internal.impl.DefaultUpdateCheckManager.newException(DefaultUpdateCheckManager.java:217)
	at org.eclipse.aether.internal.impl.DefaultUpdateCheckManager.checkArtifact(DefaultUpdateCheckManager.java:189)
	at org.eclipse.aether.internal.impl.DefaultArtifactResolver.gatherDownloads(DefaultArtifactResolver.java:574)
	at org.eclipse.aether.internal.impl.DefaultArtifactResolver.performDownloads(DefaultArtifactResolver.java:484)
	at org.eclipse.aether.internal.impl.DefaultArtifactResolver.resolve(DefaultArtifactResolver.java:402)
	... 29 common frames omitted
2026-05-28 18:09:34,047 [Worker-30: Updating Maven Project] INFO  o.e.m.c.i.p.ProjectConfigurationManager - Update completed for 1 poms: local refresh takes 0.00 sec, refresh facades takes 1.00 sec, update config takes 0.00 sec 
2026-05-28 18:09:34,108 [Worker-42: Updating Maven Project] INFO  o.e.m.c.i.p.ProjectConfigurationManager - Update started
2026-05-28 18:09:34,685 [Worker-42: Updating Maven Project] INFO  o.e.m.c.i.l.LifecycleMappingFactory - Using org.eclipse.m2e.jdt.JarLifecycleMapping lifecycle mapping for MavenProject: com.tejas:_5_Lombok_Auditing_JPAMethods_Validation_CustomResponse:1.0.0 @ C:\Tejas Kasare Sir\T224\spring\_5_Lombok_Auditing_JPAMethods_Validation_CustomResponse\pom.xml.
2026-05-28 18:09:35,757 [Worker-42: Updating Maven Project] INFO  o.e.m.j.i.AbstractJavaProjectConfigurator - Adding source folder /_5_Lombok_Auditing_JPAMethods_Validation_CustomResponse/src/main/java
2026-05-28 18:09:35,759 [Worker-42: Updating Maven Project] INFO  o.e.m.j.i.AbstractJavaProjectConfigurator - Adding resource folder /_5_Lombok_Auditing_JPAMethods_Validation_CustomResponse/src/main/resources
2026-05-28 18:09:35,759 [Worker-42: Updating Maven Project] INFO  o.e.m.j.i.AbstractJavaProjectConfigurator - Adding resource folder /_5_Lombok_Auditing_JPAMethods_Validation_CustomResponse/src/main/resources
2026-05-28 18:09:35,760 [Worker-42: Updating Maven Project] INFO  o.e.m.j.i.AbstractJavaProjectConfigurator - Adding source folder /_5_Lombok_Auditing_JPAMethods_Validation_CustomResponse/src/test/java
2026-05-28 18:09:35,784 [Worker-42: Updating Maven Project] WARN  o.e.m.c.i.embedder.EclipseLogger - The POM for org.projectlombok:lombok:jar: is missing, no dependency information available
2026-05-28 18:09:35,786 [Worker-42: Updating Maven Project] ERROR o.e.m.a.i.u.PluginDependencyResolver - Unable to collect dependencies for plugin
org.eclipse.aether.resolution.DependencyResolutionException: org.projectlombok:lombok:jar: was not found in https://repo.maven.apache.org/maven2 during a previous attempt. This failure was cached in the local repository and resolution is not reattempted until the update interval of central has elapsed or updates are forced
	at org.eclipse.aether.internal.impl.DefaultRepositorySystem.resolveDependencies(DefaultRepositorySystem.java:357)
	at org.eclipse.m2e.apt.internal.utils.PluginDependencyResolver.getResolvedPluginDependencies(PluginDependencyResolver.java:106)
	at org.eclipse.m2e.apt.internal.compiler.MavenCompilerJdtAptDelegate.getAnnotationProcessorConfiguration(MavenCompilerJdtAptDelegate.java:172)
	at org.eclipse.m2e.apt.internal.AbstractAptConfiguratorDelegate.configureClasspath(AbstractAptConfiguratorDelegate.java:242)
	at org.eclipse.m2e.apt.internal.AbstractAptProjectConfigurator.lambda$1(AbstractAptProjectConfigurator.java:156)
	at org.eclipse.m2e.core.internal.embedder.MavenExecutionContext.executeBare(MavenExecutionContext.java:394)
	at org.eclipse.m2e.core.internal.embedder.MavenExecutionContext.execute(MavenExecutionContext.java:275)
	at org.eclipse.m2e.core.internal.embedder.MavenExecutionContext.execute(MavenExecutionContext.java:214)
	at org.eclipse.m2e.apt.internal.AbstractAptProjectConfigurator.configureRawClasspath(AbstractAptProjectConfigurator.java:150)
	at org.eclipse.m2e.jdt.internal.AbstractJavaProjectConfigurator.invokeJavaProjectConfigurators(AbstractJavaProjectConfigurator.java:213)
	at org.eclipse.m2e.jdt.internal.AbstractJavaProjectConfigurator.configure(AbstractJavaProjectConfigurator.java:172)
	at org.eclipse.m2e.core.project.configurator.AbstractLifecycleMapping.configure(AbstractLifecycleMapping.java:123)
	at org.eclipse.m2e.core.internal.project.ProjectConfigurationManager.lambda$6(ProjectConfigurationManager.java:504)
	at org.eclipse.m2e.core.internal.embedder.MavenExecutionContext.executeBare(MavenExecutionContext.java:394)
	at org.eclipse.m2e.core.internal.embedder.MavenExecutionContext.execute(MavenExecutionContext.java:275)
	at org.eclipse.m2e.core.internal.project.ProjectConfigurationManager.updateProjectConfiguration(ProjectConfigurationManager.java:498)
	at org.eclipse.m2e.core.internal.project.ProjectConfigurationManager.lambda$4(ProjectConfigurationManager.java:426)
	at java.base/java.util.Collection.removeIf(Collection.java:576)
	at org.eclipse.m2e.core.internal.project.ProjectConfigurationManager.updateProjectConfiguration0(ProjectConfigurationManager.java:414)
	at org.eclipse.m2e.core.internal.project.ProjectConfigurationManager.lambda$3(ProjectConfigurationManager.java:340)
	at org.eclipse.m2e.core.internal.embedder.MavenExecutionContext.executeBare(MavenExecutionContext.java:394)
	at org.eclipse.m2e.core.internal.embedder.MavenExecutionContext.execute(MavenExecutionContext.java:275)
	at org.eclipse.m2e.core.internal.embedder.MavenExecutionContext.execute(MavenExecutionContext.java:214)
	at org.eclipse.m2e.core.internal.embedder.MavenImpl.execute(MavenImpl.java:1097)
	at org.eclipse.m2e.core.internal.project.ProjectConfigurationManager.updateProjectConfiguration(ProjectConfigurationManager.java:339)
	at org.eclipse.m2e.core.ui.internal.UpdateMavenProjectJob.runInWorkspace(UpdateMavenProjectJob.java:80)
	at org.eclipse.core.internal.resources.InternalWorkspaceJob.run(InternalWorkspaceJob.java:43)
	at org.eclipse.core.internal.jobs.Worker.run(Worker.java:63)
Caused by: org.eclipse.aether.resolution.ArtifactResolutionException: org.projectlombok:lombok:jar: was not found in https://repo.maven.apache.org/maven2 during a previous attempt. This failure was cached in the local repository and resolution is not reattempted until the update interval of central has elapsed or updates are forced
	at org.eclipse.aether.internal.impl.DefaultArtifactResolver.resolve(DefaultArtifactResolver.java:425)
	at org.eclipse.aether.internal.impl.DefaultArtifactResolver.resolveArtifacts(DefaultArtifactResolver.java:229)
	at org.eclipse.aether.internal.impl.DefaultRepositorySystem.resolveDependencies(DefaultRepositorySystem.java:340)
	... 27 common frames omitted
Caused by: org.eclipse.aether.transfer.ArtifactNotFoundException: org.projectlombok:lombok:jar: was not found in https://repo.maven.apache.org/maven2 during a previous attempt. This failure was cached in the local repository and resolution is not reattempted until the update interval of central has elapsed or updates are forced
	at org.eclipse.aether.internal.impl.DefaultUpdateCheckManager.newException(DefaultUpdateCheckManager.java:217)
	at org.eclipse.aether.internal.impl.DefaultUpdateCheckManager.checkArtifact(DefaultUpdateCheckManager.java:189)
	at org.eclipse.aether.internal.impl.DefaultArtifactResolver.gatherDownloads(DefaultArtifactResolver.java:574)
	at org.eclipse.aether.internal.impl.DefaultArtifactResolver.performDownloads(DefaultArtifactResolver.java:484)
	at org.eclipse.aether.internal.impl.DefaultArtifactResolver.resolve(DefaultArtifactResolver.java:402)
	... 29 common frames omitted
2026-05-28 18:09:35,788 [Worker-42: Updating Maven Project] INFO  o.e.m.c.i.p.ProjectConfigurationManager - Update completed for 1 poms: local refresh takes 0.00 sec, refresh facades takes 1.00 sec, update config takes 0.00 sec 
2026-05-28 18:09:35,877 [Worker-44: Updating Maven Project] INFO  o.e.m.c.i.p.ProjectConfigurationManager - Update started
2026-05-28 18:09:36,509 [Worker-44: Updating Maven Project] INFO  o.e.m.c.i.l.LifecycleMappingFactory - Using org.eclipse.m2e.jdt.JarLifecycleMapping lifecycle mapping for MavenProject: com.tejas:_5_Lombok_Auditing_JPAMethods_Validation_CustomResponse:1.0.0 @ C:\Tejas Kasare Sir\T224\spring\_5_Lombok_Auditing_JPAMethods_Validation_CustomResponse\pom.xml.
2026-05-28 18:09:37,428 [Worker-44: Updating Maven Project] INFO  o.e.m.j.i.AbstractJavaProjectConfigurator - Adding source folder /_5_Lombok_Auditing_JPAMethods_Validation_CustomResponse/src/main/java
2026-05-28 18:09:37,428 [Worker-44: Updating Maven Project] INFO  o.e.m.j.i.AbstractJavaProjectConfigurator - Adding resource folder /_5_Lombok_Auditing_JPAMethods_Validation_CustomResponse/src/main/resources
2026-05-28 18:09:37,429 [Worker-44: Updating Maven Project] INFO  o.e.m.j.i.AbstractJavaProjectConfigurator - Adding resource folder /_5_Lombok_Auditing_JPAMethods_Validation_CustomResponse/src/main/resources
2026-05-28 18:09:37,430 [Worker-44: Updating Maven Project] INFO  o.e.m.j.i.AbstractJavaProjectConfigurator - Adding source folder /_5_Lombok_Auditing_JPAMethods_Validation_CustomResponse/src/test/java
2026-05-28 18:09:37,464 [Worker-44: Updating Maven Project] WARN  o.e.m.c.i.embedder.EclipseLogger - The POM for org.projectlombok:lombok:jar: is missing, no dependency information available
2026-05-28 18:09:37,466 [Worker-44: Updating Maven Project] ERROR o.e.m.a.i.u.PluginDependencyResolver - Unable to collect dependencies for plugin
org.eclipse.aether.resolution.DependencyResolutionException: org.projectlombok:lombok:jar: was not found in https://repo.maven.apache.org/maven2 during a previous attempt. This failure was cached in the local repository and resolution is not reattempted until the update interval of central has elapsed or updates are forced
	at org.eclipse.aether.internal.impl.DefaultRepositorySystem.resolveDependencies(DefaultRepositorySystem.java:357)
	at org.eclipse.m2e.apt.internal.utils.PluginDependencyResolver.getResolvedPluginDependencies(PluginDependencyResolver.java:106)
	at org.eclipse.m2e.apt.internal.compiler.MavenCompilerJdtAptDelegate.getAnnotationProcessorConfiguration(MavenCompilerJdtAptDelegate.java:172)
	at org.eclipse.m2e.apt.internal.AbstractAptConfiguratorDelegate.configureClasspath(AbstractAptConfiguratorDelegate.java:242)
	at org.eclipse.m2e.apt.internal.AbstractAptProjectConfigurator.lambda$1(AbstractAptProjectConfigurator.java:156)
	at org.eclipse.m2e.core.internal.embedder.MavenExecutionContext.executeBare(MavenExecutionContext.java:394)
	at org.eclipse.m2e.core.internal.embedder.MavenExecutionContext.execute(MavenExecutionContext.java:275)
	at org.eclipse.m2e.core.internal.embedder.MavenExecutionContext.execute(MavenExecutionContext.java:214)
	at org.eclipse.m2e.apt.internal.AbstractAptProjectConfigurator.configureRawClasspath(AbstractAptProjectConfigurator.java:150)
	at org.eclipse.m2e.jdt.internal.AbstractJavaProjectConfigurator.invokeJavaProjectConfigurators(AbstractJavaProjectConfigurator.java:213)
	at org.eclipse.m2e.jdt.internal.AbstractJavaProjectConfigurator.configure(AbstractJavaProjectConfigurator.java:172)
	at org.eclipse.m2e.core.project.configurator.AbstractLifecycleMapping.configure(AbstractLifecycleMapping.java:123)
	at org.eclipse.m2e.core.internal.project.ProjectConfigurationManager.lambda$6(ProjectConfigurationManager.java:504)
	at org.eclipse.m2e.core.internal.embedder.MavenExecutionContext.executeBare(MavenExecutionContext.java:394)
	at org.eclipse.m2e.core.internal.embedder.MavenExecutionContext.execute(MavenExecutionContext.java:275)
	at org.eclipse.m2e.core.internal.project.ProjectConfigurationManager.updateProjectConfiguration(ProjectConfigurationManager.java:498)
	at org.eclipse.m2e.core.internal.project.ProjectConfigurationManager.lambda$4(ProjectConfigurationManager.java:426)
	at java.base/java.util.Collection.removeIf(Collection.java:576)
	at org.eclipse.m2e.core.internal.project.ProjectConfigurationManager.updateProjectConfiguration0(ProjectConfigurationManager.java:414)
	at org.eclipse.m2e.core.internal.project.ProjectConfigurationManager.lambda$3(ProjectConfigurationManager.java:340)
	at org.eclipse.m2e.core.internal.embedder.MavenExecutionContext.executeBare(MavenExecutionContext.java:394)
	at org.eclipse.m2e.core.internal.embedder.MavenExecutionContext.execute(MavenExecutionContext.java:275)
	at org.eclipse.m2e.core.internal.embedder.MavenExecutionContext.execute(MavenExecutionContext.java:214)
	at org.eclipse.m2e.core.internal.embedder.MavenImpl.execute(MavenImpl.java:1097)
	at org.eclipse.m2e.core.internal.project.ProjectConfigurationManager.updateProjectConfiguration(ProjectConfigurationManager.java:339)
	at org.eclipse.m2e.core.ui.internal.UpdateMavenProjectJob.runInWorkspace(UpdateMavenProjectJob.java:80)
	at org.eclipse.core.internal.resources.InternalWorkspaceJob.run(InternalWorkspaceJob.java:43)
	at org.eclipse.core.internal.jobs.Worker.run(Worker.java:63)
Caused by: org.eclipse.aether.resolution.ArtifactResolutionException: org.projectlombok:lombok:jar: was not found in https://repo.maven.apache.org/maven2 during a previous attempt. This failure was cached in the local repository and resolution is not reattempted until the update interval of central has elapsed or updates are forced
	at org.eclipse.aether.internal.impl.DefaultArtifactResolver.resolve(DefaultArtifactResolver.java:425)
	at org.eclipse.aether.internal.impl.DefaultArtifactResolver.resolveArtifacts(DefaultArtifactResolver.java:229)
	at org.eclipse.aether.internal.impl.DefaultRepositorySystem.resolveDependencies(DefaultRepositorySystem.java:340)
	... 27 common frames omitted
Caused by: org.eclipse.aether.transfer.ArtifactNotFoundException: org.projectlombok:lombok:jar: was not found in https://repo.maven.apache.org/maven2 during a previous attempt. This failure was cached in the local repository and resolution is not reattempted until the update interval of central has elapsed or updates are forced
	at org.eclipse.aether.internal.impl.DefaultUpdateCheckManager.newException(DefaultUpdateCheckManager.java:217)
	at org.eclipse.aether.internal.impl.DefaultUpdateCheckManager.checkArtifact(DefaultUpdateCheckManager.java:189)
	at org.eclipse.aether.internal.impl.DefaultArtifactResolver.gatherDownloads(DefaultArtifactResolver.java:574)
	at org.eclipse.aether.internal.impl.DefaultArtifactResolver.performDownloads(DefaultArtifactResolver.java:484)
	at org.eclipse.aether.internal.impl.DefaultArtifactResolver.resolve(DefaultArtifactResolver.java:402)
	... 29 common frames omitted
2026-05-28 18:09:37,472 [Worker-44: Updating Maven Project] INFO  o.e.m.c.i.p.ProjectConfigurationManager - Update completed for 1 poms: local refresh takes 0.00 sec, refresh facades takes 1.00 sec, update config takes 0.00 sec 
2026-05-28 18:09:37,552 [Worker-51: Updating Maven Project] INFO  o.e.m.c.i.p.ProjectConfigurationManager - Update started
2026-05-28 18:09:38,059 [Worker-51: Updating Maven Project] INFO  o.e.m.c.i.l.LifecycleMappingFactory - Using org.eclipse.m2e.jdt.JarLifecycleMapping lifecycle mapping for MavenProject: com.tejas:_5_Lombok_Auditing_JPAMethods_Validation_CustomResponse:1.0.0 @ C:\Tejas Kasare Sir\T224\spring\_5_Lombok_Auditing_JPAMethods_Validation_CustomResponse\pom.xml.
2026-05-28 18:09:39,297 [Worker-51: Updating Maven Project] INFO  o.e.m.j.i.AbstractJavaProjectConfigurator - Adding source folder /_5_Lombok_Auditing_JPAMethods_Validation_CustomResponse/src/main/java
2026-05-28 18:09:39,299 [Worker-51: Updating Maven Project] INFO  o.e.m.j.i.AbstractJavaProjectConfigurator - Adding resource folder /_5_Lombok_Auditing_JPAMethods_Validation_CustomResponse/src/main/resources
2026-05-28 18:09:39,300 [Worker-51: Updating Maven Project] INFO  o.e.m.j.i.AbstractJavaProjectConfigurator - Adding resource folder /_5_Lombok_Auditing_JPAMethods_Validation_CustomResponse/src/main/resources
2026-05-28 18:09:39,302 [Worker-51: Updating Maven Project] INFO  o.e.m.j.i.AbstractJavaProjectConfigurator - Adding source folder /_5_Lombok_Auditing_JPAMethods_Validation_CustomResponse/src/test/java
2026-05-28 18:09:39,361 [Worker-51: Updating Maven Project] WARN  o.e.m.c.i.embedder.EclipseLogger - The POM for org.projectlombok:lombok:jar: is missing, no dependency information available
2026-05-28 18:09:39,365 [Worker-51: Updating Maven Project] ERROR o.e.m.a.i.u.PluginDependencyResolver - Unable to collect dependencies for plugin
org.eclipse.aether.resolution.DependencyResolutionException: org.projectlombok:lombok:jar: was not found in https://repo.maven.apache.org/maven2 during a previous attempt. This failure was cached in the local repository and resolution is not reattempted until the update interval of central has elapsed or updates are forced
	at org.eclipse.aether.internal.impl.DefaultRepositorySystem.resolveDependencies(DefaultRepositorySystem.java:357)
	at org.eclipse.m2e.apt.internal.utils.PluginDependencyResolver.getResolvedPluginDependencies(PluginDependencyResolver.java:106)
	at org.eclipse.m2e.apt.internal.compiler.MavenCompilerJdtAptDelegate.getAnnotationProcessorConfiguration(MavenCompilerJdtAptDelegate.java:172)
	at org.eclipse.m2e.apt.internal.AbstractAptConfiguratorDelegate.configureClasspath(AbstractAptConfiguratorDelegate.java:242)
	at org.eclipse.m2e.apt.internal.AbstractAptProjectConfigurator.lambda$1(AbstractAptProjectConfigurator.java:156)
	at org.eclipse.m2e.core.internal.embedder.MavenExecutionContext.executeBare(MavenExecutionContext.java:394)
	at org.eclipse.m2e.core.internal.embedder.MavenExecutionContext.execute(MavenExecutionContext.java:275)
	at org.eclipse.m2e.core.internal.embedder.MavenExecutionContext.execute(MavenExecutionContext.java:214)
	at org.eclipse.m2e.apt.internal.AbstractAptProjectConfigurator.configureRawClasspath(AbstractAptProjectConfigurator.java:150)
	at org.eclipse.m2e.jdt.internal.AbstractJavaProjectConfigurator.invokeJavaProjectConfigurators(AbstractJavaProjectConfigurator.java:213)
	at org.eclipse.m2e.jdt.internal.AbstractJavaProjectConfigurator.configure(AbstractJavaProjectConfigurator.java:172)
	at org.eclipse.m2e.core.project.configurator.AbstractLifecycleMapping.configure(AbstractLifecycleMapping.java:123)
	at org.eclipse.m2e.core.internal.project.ProjectConfigurationManager.lambda$6(ProjectConfigurationManager.java:504)
	at org.eclipse.m2e.core.internal.embedder.MavenExecutionContext.executeBare(MavenExecutionContext.java:394)
	at org.eclipse.m2e.core.internal.embedder.MavenExecutionContext.execute(MavenExecutionContext.java:275)
	at org.eclipse.m2e.core.internal.project.ProjectConfigurationManager.updateProjectConfiguration(ProjectConfigurationManager.java:498)
	at org.eclipse.m2e.core.internal.project.ProjectConfigurationManager.lambda$4(ProjectConfigurationManager.java:426)
	at java.base/java.util.Collection.removeIf(Collection.java:576)
	at org.eclipse.m2e.core.internal.project.ProjectConfigurationManager.updateProjectConfiguration0(ProjectConfigurationManager.java:414)
	at org.eclipse.m2e.core.internal.project.ProjectConfigurationManager.lambda$3(ProjectConfigurationManager.java:340)
	at org.eclipse.m2e.core.internal.embedder.MavenExecutionContext.executeBare(MavenExecutionContext.java:394)
	at org.eclipse.m2e.core.internal.embedder.MavenExecutionContext.execute(MavenExecutionContext.java:275)
	at org.eclipse.m2e.core.internal.embedder.MavenExecutionContext.execute(MavenExecutionContext.java:214)
	at org.eclipse.m2e.core.internal.embedder.MavenImpl.execute(MavenImpl.java:1097)
	at org.eclipse.m2e.core.internal.project.ProjectConfigurationManager.updateProjectConfiguration(ProjectConfigurationManager.java:339)
	at org.eclipse.m2e.core.ui.internal.UpdateMavenProjectJob.runInWorkspace(UpdateMavenProjectJob.java:80)
	at org.eclipse.core.internal.resources.InternalWorkspaceJob.run(InternalWorkspaceJob.java:43)
	at org.eclipse.core.internal.jobs.Worker.run(Worker.java:63)
Caused by: org.eclipse.aether.resolution.ArtifactResolutionException: org.projectlombok:lombok:jar: was not found in https://repo.maven.apache.org/maven2 during a previous attempt. This failure was cached in the local repository and resolution is not reattempted until the update interval of central has elapsed or updates are forced
	at org.eclipse.aether.internal.impl.DefaultArtifactResolver.resolve(DefaultArtifactResolver.java:425)
	at org.eclipse.aether.internal.impl.DefaultArtifactResolver.resolveArtifacts(DefaultArtifactResolver.java:229)
	at org.eclipse.aether.internal.impl.DefaultRepositorySystem.resolveDependencies(DefaultRepositorySystem.java:340)
	... 27 common frames omitted
Caused by: org.eclipse.aether.transfer.ArtifactNotFoundException: org.projectlombok:lombok:jar: was not found in https://repo.maven.apache.org/maven2 during a previous attempt. This failure was cached in the local repository and resolution is not reattempted until the update interval of central has elapsed or updates are forced
	at org.eclipse.aether.internal.impl.DefaultUpdateCheckManager.newException(DefaultUpdateCheckManager.java:217)
	at org.eclipse.aether.internal.impl.DefaultUpdateCheckManager.checkArtifact(DefaultUpdateCheckManager.java:189)
	at org.eclipse.aether.internal.impl.DefaultArtifactResolver.gatherDownloads(DefaultArtifactResolver.java:574)
	at org.eclipse.aether.internal.impl.DefaultArtifactResolver.performDownloads(DefaultArtifactResolver.java:484)
	at org.eclipse.aether.internal.impl.DefaultArtifactResolver.resolve(DefaultArtifactResolver.java:402)
	... 29 common frames omitted
2026-05-28 18:09:39,368 [Worker-51: Updating Maven Project] INFO  o.e.m.c.i.p.ProjectConfigurationManager - Update completed for 1 poms: local refresh takes 0.00 sec, refresh facades takes 1.00 sec, update config takes 0.00 sec 
2026-05-28 18:09:40,271 [Worker-28: Building] INFO  o.a.m.s.f.DefaultMavenResourcesFiltering - Copying 1 resource from src\main\resources to target\classes
2026-05-28 18:09:40,300 [Worker-28: Building] INFO  o.a.m.s.f.DefaultMavenResourcesFiltering - Copying 0 resource from src\main\resources to target\classes
2026-05-28 18:09:40,307 [Worker-28: Building] INFO  o.a.m.s.f.DefaultMavenResourcesFiltering - skip non existing resourceDirectory C:\Tejas Kasare Sir\T224\spring\_5_Lombok_Auditing_JPAMethods_Validation_CustomResponse\src\test\resources
2026-05-28 18:11:46,061 [Worker-30: Building] INFO  o.a.m.s.f.DefaultMavenResourcesFiltering - Copying 1 resource from src\main\resources to target\classes
2026-05-28 18:11:46,070 [Worker-30: Building] INFO  o.a.m.s.f.DefaultMavenResourcesFiltering - Copying 0 resource from src\main\resources to target\classes
2026-05-28 18:11:46,074 [Worker-30: Building] INFO  o.a.m.s.f.DefaultMavenResourcesFiltering - skip non existing resourceDirectory C:\Tejas Kasare Sir\T224\spring\_5_Lombok_Auditing_JPAMethods_Validation_CustomResponse\src\test\resources
2026-05-28 18:13:15,491 [Worker-53: Building] INFO  o.a.m.s.f.DefaultMavenResourcesFiltering - Copying 1 resource from src\main\resources to target\classes
2026-05-28 18:13:15,497 [Worker-53: Building] INFO  o.a.m.s.f.DefaultMavenResourcesFiltering - Copying 0 resource from src\main\resources to target\classes
2026-05-28 18:13:15,502 [Worker-53: Building] INFO  o.a.m.s.f.DefaultMavenResourcesFiltering - skip non existing resourceDirectory C:\Tejas Kasare Sir\T224\spring\_5_Lombok_Auditing_JPAMethods_Validation_CustomResponse\src\test\resources
2026-05-28 18:13:34,092 [Worker-45: Building] INFO  o.a.m.s.f.DefaultMavenResourcesFiltering - Copying 1 resource from src\main\resources to target\classes
2026-05-28 18:13:34,098 [Worker-45: Building] INFO  o.a.m.s.f.DefaultMavenResourcesFiltering - Copying 0 resource from src\main\resources to target\classes
2026-05-28 18:13:34,113 [Worker-45: Building] INFO  o.a.m.s.f.DefaultMavenResourcesFiltering - skip non existing resourceDirectory C:\Tejas Kasare Sir\T224\spring\_5_Lombok_Auditing_JPAMethods_Validation_CustomResponse\src\test\resources
2026-05-28 18:18:34,515 [Worker-40: Building] INFO  o.a.m.s.f.DefaultMavenResourcesFiltering - Copying 1 resource from src\main\resources to target\classes
2026-05-28 18:18:34,526 [Worker-40: Building] INFO  o.a.m.s.f.DefaultMavenResourcesFiltering - Copying 0 resource from src\main\resources to target\classes
2026-05-28 18:18:34,532 [Worker-40: Building] INFO  o.a.m.s.f.DefaultMavenResourcesFiltering - skip non existing resourceDirectory C:\Tejas Kasare Sir\T224\spring\_5_Lombok_Auditing_JPAMethods_Validation_CustomResponse\src\test\resources
2026-05-28 18:40:17,749 [Worker-62: Building] INFO  o.a.m.s.f.DefaultMavenResourcesFiltering - Copying 1 resource from src\main\resources to target\classes
2026-05-28 18:40:17,779 [Worker-62: Building] INFO  o.a.m.s.f.DefaultMavenResourcesFiltering - Copying 0 resource from src\main\resources to target\classes
2026-05-28 18:40:17,786 [Worker-62: Building] INFO  o.a.m.s.f.DefaultMavenResourcesFiltering - skip non existing resourceDirectory C:\Tejas Kasare Sir\T224\spring\_5_Lombok_Auditing_JPAMethods_Validation_CustomResponse\src\test\resources
2026-05-28 18:40:43,734 [Worker-66: Building] INFO  o.a.m.s.f.DefaultMavenResourcesFiltering - Copying 1 resource from src\main\resources to target\classes
2026-05-28 18:40:43,749 [Worker-66: Building] INFO  o.a.m.s.f.DefaultMavenResourcesFiltering - Copying 0 resource from src\main\resources to target\classes
2026-05-28 18:40:43,754 [Worker-66: Building] INFO  o.a.m.s.f.DefaultMavenResourcesFiltering - skip non existing resourceDirectory C:\Tejas Kasare Sir\T224\spring\_5_Lombok_Auditing_JPAMethods_Validation_CustomResponse\src\test\resources
2026-05-28 18:42:22,141 [Worker-67: Launching _5_Lombok_Auditing_JPAMethods_Validation_CustomResponse - Application] INFO  o.a.m.s.f.DefaultMavenResourcesFiltering - Copying 1 resource from src\main\resources to target\classes
2026-05-28 18:42:22,162 [Worker-67: Launching _5_Lombok_Auditing_JPAMethods_Validation_CustomResponse - Application] INFO  o.a.m.s.f.DefaultMavenResourcesFiltering - Copying 0 resource from src\main\resources to target\classes
2026-05-28 18:42:22,169 [Worker-67: Launching _5_Lombok_Auditing_JPAMethods_Validation_CustomResponse - Application] INFO  o.a.m.s.f.DefaultMavenResourcesFiltering - skip non existing resourceDirectory C:\Tejas Kasare Sir\T224\spring\_5_Lombok_Auditing_JPAMethods_Validation_CustomResponse\src\test\resources
2026-05-28 18:49:19,365 [Worker-72: Building] INFO  o.a.m.s.f.DefaultMavenResourcesFiltering - Copying 1 resource from src\main\resources to target\classes
2026-05-28 18:49:19,377 [Worker-72: Building] INFO  o.a.m.s.f.DefaultMavenResourcesFiltering - Copying 0 resource from src\main\resources to target\classes
2026-05-28 18:49:19,409 [Worker-72: Building] INFO  o.a.m.s.f.DefaultMavenResourcesFiltering - skip non existing resourceDirectory C:\Tejas Kasare Sir\T224\spring\_5_Lombok_Auditing_JPAMethods_Validation_CustomResponse\src\test\resources
2026-05-28 18:52:05,503 [Worker-73: Building] INFO  o.a.m.s.f.DefaultMavenResourcesFiltering - Copying 1 resource from src\main\resources to target\classes
2026-05-28 18:52:05,508 [Worker-73: Building] INFO  o.a.m.s.f.DefaultMavenResourcesFiltering - Copying 0 resource from src\main\resources to target\classes
2026-05-28 18:52:05,512 [Worker-73: Building] INFO  o.a.m.s.f.DefaultMavenResourcesFiltering - skip non existing resourceDirectory C:\Tejas Kasare Sir\T224\spring\_5_Lombok_Auditing_JPAMethods_Validation_CustomResponse\src\test\resources
2026-05-28 18:58:32,748 [Worker-78: Building] INFO  o.a.m.s.f.DefaultMavenResourcesFiltering - Copying 1 resource from src\main\resources to target\classes
2026-05-28 18:58:32,758 [Worker-78: Building] INFO  o.a.m.s.f.DefaultMavenResourcesFiltering - Copying 0 resource from src\main\resources to target\classes
2026-05-28 18:58:32,762 [Worker-78: Building] INFO  o.a.m.s.f.DefaultMavenResourcesFiltering - skip non existing resourceDirectory C:\Tejas Kasare Sir\T224\spring\_5_Lombok_Auditing_JPAMethods_Validation_CustomResponse\src\test\resources
2026-05-28 18:58:55,875 [Worker-72: Building] INFO  o.a.m.s.f.DefaultMavenResourcesFiltering - Copying 1 resource from src\main\resources to target\classes
2026-05-28 18:58:55,881 [Worker-72: Building] INFO  o.a.m.s.f.DefaultMavenResourcesFiltering - Copying 0 resource from src\main\resources to target\classes
2026-05-28 18:58:55,887 [Worker-72: Building] INFO  o.a.m.s.f.DefaultMavenResourcesFiltering - skip non existing resourceDirectory C:\Tejas Kasare Sir\T224\spring\_5_Lombok_Auditing_JPAMethods_Validation_CustomResponse\src\test\resources
2026-05-29 17:31:35,579 [Worker-5: Loading available Gradle versions] INFO  o.e.b.c.i.u.g.PublishedGradleVersions - Gradle version information cache is out-of-date. Trying to update.
2026-05-29 17:36:50,143 [Worker-10: Building] INFO  o.a.m.s.f.DefaultMavenResourcesFiltering - Copying 1 resource from src\main\resources to target\classes
2026-05-29 17:36:50,175 [Worker-10: Building] INFO  o.a.m.s.f.DefaultMavenResourcesFiltering - Copying 0 resource from src\main\resources to target\classes
2026-05-29 17:36:50,183 [Worker-10: Building] INFO  o.a.m.s.f.DefaultMavenResourcesFiltering - skip non existing resourceDirectory C:\Tejas Kasare Sir\T224\spring\_5_Lombok_Auditing_JPAMethods_Validation_CustomResponse\src\test\resources
2026-05-29 17:37:45,286 [Worker-10: Building] INFO  o.a.m.s.f.DefaultMavenResourcesFiltering - Copying 1 resource from src\main\resources to target\classes
2026-05-29 17:37:45,344 [Worker-10: Building] INFO  o.a.m.s.f.DefaultMavenResourcesFiltering - Copying 0 resource from src\main\resources to target\classes
2026-05-29 17:37:45,351 [Worker-10: Building] INFO  o.a.m.s.f.DefaultMavenResourcesFiltering - skip non existing resourceDirectory C:\Tejas Kasare Sir\T224\spring\_5_Lombok_Auditing_JPAMethods_Validation_CustomResponse\src\test\resources
2026-05-29 17:50:35,024 [Worker-12: Building] INFO  o.a.m.s.f.DefaultMavenResourcesFiltering - Copying 1 resource from src\main\resources to target\classes
2026-05-29 17:50:35,114 [Worker-12: Building] INFO  o.a.m.s.f.DefaultMavenResourcesFiltering - Copying 0 resource from src\main\resources to target\classes
2026-05-29 17:50:35,129 [Worker-12: Building] INFO  o.a.m.s.f.DefaultMavenResourcesFiltering - skip non existing resourceDirectory C:\Tejas Kasare Sir\T224\spring\_5_Lombok_Auditing_JPAMethods_Validation_CustomResponse\src\test\resources
2026-05-29 18:07:16,389 [Worker-15: Building] INFO  o.a.m.s.f.DefaultMavenResourcesFiltering - Copying 1 resource from src\main\resources to target\classes
2026-05-29 18:07:16,398 [Worker-15: Building] INFO  o.a.m.s.f.DefaultMavenResourcesFiltering - Copying 0 resource from src\main\resources to target\classes
2026-05-29 18:07:16,403 [Worker-15: Building] INFO  o.a.m.s.f.DefaultMavenResourcesFiltering - skip non existing resourceDirectory C:\Tejas Kasare Sir\T224\spring\_5_Lombok_Auditing_JPAMethods_Validation_CustomResponse\src\test\resources
2026-05-29 18:08:59,121 [Worker-18: Building] INFO  o.a.m.s.f.DefaultMavenResourcesFiltering - Copying 1 resource from src\main\resources to target\classes
2026-05-29 18:08:59,137 [Worker-18: Building] INFO  o.a.m.s.f.DefaultMavenResourcesFiltering - Copying 0 resource from src\main\resources to target\classes
2026-05-29 18:08:59,141 [Worker-18: Building] INFO  o.a.m.s.f.DefaultMavenResourcesFiltering - skip non existing resourceDirectory C:\Tejas Kasare Sir\T224\spring\_5_Lombok_Auditing_JPAMethods_Validation_CustomResponse\src\test\resources
2026-05-29 18:11:37,274 [Worker-16: Building] INFO  o.a.m.s.f.DefaultMavenResourcesFiltering - Copying 1 resource from src\main\resources to target\classes
2026-05-29 18:11:37,279 [Worker-16: Building] INFO  o.a.m.s.f.DefaultMavenResourcesFiltering - Copying 0 resource from src\main\resources to target\classes
2026-05-29 18:11:37,283 [Worker-16: Building] INFO  o.a.m.s.f.DefaultMavenResourcesFiltering - skip non existing resourceDirectory C:\Tejas Kasare Sir\T224\spring\_5_Lombok_Auditing_JPAMethods_Validation_CustomResponse\src\test\resources
2026-05-29 18:11:53,738 [Worker-16: Building] INFO  o.a.m.s.f.DefaultMavenResourcesFiltering - Copying 1 resource from src\main\resources to target\classes
2026-05-29 18:11:53,743 [Worker-16: Building] INFO  o.a.m.s.f.DefaultMavenResourcesFiltering - Copying 0 resource from src\main\resources to target\classes
2026-05-29 18:11:53,749 [Worker-16: Building] INFO  o.a.m.s.f.DefaultMavenResourcesFiltering - skip non existing resourceDirectory C:\Tejas Kasare Sir\T224\spring\_5_Lombok_Auditing_JPAMethods_Validation_CustomResponse\src\test\resources
2026-05-29 18:50:18,375 [Worker-28: Building] INFO  o.a.m.s.f.DefaultMavenResourcesFiltering - Copying 1 resource from src\main\resources to target\classes
2026-05-29 18:50:18,398 [Worker-28: Building] INFO  o.a.m.s.f.DefaultMavenResourcesFiltering - Copying 0 resource from src\main\resources to target\classes
2026-05-29 18:50:18,406 [Worker-28: Building] INFO  o.a.m.s.f.DefaultMavenResourcesFiltering - skip non existing resourceDirectory C:\Tejas Kasare Sir\T224\spring\_5_Lombok_Auditing_JPAMethods_Validation_CustomResponse\src\test\resources
2026-05-29 18:54:10,776 [Worker-30: Building] INFO  o.a.m.s.f.DefaultMavenResourcesFiltering - Copying 1 resource from src\main\resources to target\classes
2026-05-29 18:54:10,784 [Worker-30: Building] INFO  o.a.m.s.f.DefaultMavenResourcesFiltering - Copying 0 resource from src\main\resources to target\classes
2026-05-29 18:54:10,789 [Worker-30: Building] INFO  o.a.m.s.f.DefaultMavenResourcesFiltering - skip non existing resourceDirectory C:\Tejas Kasare Sir\T224\spring\_5_Lombok_Auditing_JPAMethods_Validation_CustomResponse\src\test\resources
2026-05-29 18:55:37,185 [Worker-30: Building] INFO  o.a.m.s.f.DefaultMavenResourcesFiltering - Copying 1 resource from src\main\resources to target\classes
2026-05-29 18:55:37,198 [Worker-30: Building] INFO  o.a.m.s.f.DefaultMavenResourcesFiltering - Copying 0 resource from src\main\resources to target\classes
2026-05-29 18:55:37,203 [Worker-30: Building] INFO  o.a.m.s.f.DefaultMavenResourcesFiltering - skip non existing resourceDirectory C:\Tejas Kasare Sir\T224\spring\_5_Lombok_Auditing_JPAMethods_Validation_CustomResponse\src\test\resources
2026-05-29 18:55:46,039 [Worker-30: Building] INFO  o.a.m.s.f.DefaultMavenResourcesFiltering - Copying 1 resource from src\main\resources to target\classes
2026-05-29 18:55:46,074 [Worker-30: Building] INFO  o.a.m.s.f.DefaultMavenResourcesFiltering - Copying 0 resource from src\main\resources to target\classes
2026-05-29 18:55:46,079 [Worker-30: Building] INFO  o.a.m.s.f.DefaultMavenResourcesFiltering - skip non existing resourceDirectory C:\Tejas Kasare Sir\T224\spring\_5_Lombok_Auditing_JPAMethods_Validation_CustomResponse\src\test\resources
2026-05-29 18:56:15,876 [Worker-26: Building] INFO  o.a.m.s.f.DefaultMavenResourcesFiltering - Copying 1 resource from src\main\resources to target\classes
2026-05-29 18:56:15,892 [Worker-26: Building] INFO  o.a.m.s.f.DefaultMavenResourcesFiltering - Copying 0 resource from src\main\resources to target\classes
2026-05-29 18:56:15,897 [Worker-26: Building] INFO  o.a.m.s.f.DefaultMavenResourcesFiltering - skip non existing resourceDirectory C:\Tejas Kasare Sir\T224\spring\_5_Lombok_Auditing_JPAMethods_Validation_CustomResponse\src\test\resources
2026-05-29 18:56:28,886 [Worker-32: Building] INFO  o.a.m.s.f.DefaultMavenResourcesFiltering - Copying 1 resource from src\main\resources to target\classes
2026-05-29 18:56:28,893 [Worker-32: Building] INFO  o.a.m.s.f.DefaultMavenResourcesFiltering - Copying 0 resource from src\main\resources to target\classes
2026-05-29 18:56:28,898 [Worker-32: Building] INFO  o.a.m.s.f.DefaultMavenResourcesFiltering - skip non existing resourceDirectory C:\Tejas Kasare Sir\T224\spring\_5_Lombok_Auditing_JPAMethods_Validation_CustomResponse\src\test\resources
2026-06-01 17:34:18,448 [Worker-1: Loading available Gradle versions] INFO  o.e.b.c.i.u.g.PublishedGradleVersions - Gradle version information cache is up-to-date. Trying to read.
2026-06-01 17:39:13,884 [Worker-9: Building] INFO  o.a.m.s.f.DefaultMavenResourcesFiltering - Copying 1 resource from src\main\resources to target\classes
2026-06-01 17:39:13,913 [Worker-9: Building] INFO  o.a.m.s.f.DefaultMavenResourcesFiltering - Copying 0 resource from src\main\resources to target\classes
2026-06-01 17:39:13,920 [Worker-9: Building] INFO  o.a.m.s.f.DefaultMavenResourcesFiltering - skip non existing resourceDirectory C:\Tejas Kasare Sir\T224\spring\_5_Lombok_Auditing_JPAMethods_Validation_CustomResponse\src\test\resources
2026-06-01 17:40:06,349 [Worker-12: Building] INFO  o.a.m.s.f.DefaultMavenResourcesFiltering - Copying 1 resource from src\main\resources to target\classes
2026-06-01 17:40:06,355 [Worker-12: Building] INFO  o.a.m.s.f.DefaultMavenResourcesFiltering - Copying 0 resource from src\main\resources to target\classes
2026-06-01 17:40:06,370 [Worker-12: Building] INFO  o.a.m.s.f.DefaultMavenResourcesFiltering - skip non existing resourceDirectory C:\Tejas Kasare Sir\T224\spring\_5_Lombok_Auditing_JPAMethods_Validation_CustomResponse\src\test\resources
2026-06-01 17:41:03,495 [Worker-11: Building] INFO  o.a.m.s.f.DefaultMavenResourcesFiltering - Copying 1 resource from src\main\resources to target\classes
2026-06-01 17:41:03,503 [Worker-11: Building] INFO  o.a.m.s.f.DefaultMavenResourcesFiltering - Copying 0 resource from src\main\resources to target\classes
2026-06-01 17:41:03,508 [Worker-11: Building] INFO  o.a.m.s.f.DefaultMavenResourcesFiltering - skip non existing resourceDirectory C:\Tejas Kasare Sir\T224\spring\_5_Lombok_Auditing_JPAMethods_Validation_CustomResponse\src\test\resources
2026-06-01 17:42:23,278 [Worker-11: Building] INFO  o.a.m.s.f.DefaultMavenResourcesFiltering - Copying 1 resource from src\main\resources to target\classes
2026-06-01 17:42:23,284 [Worker-11: Building] INFO  o.a.m.s.f.DefaultMavenResourcesFiltering - Copying 0 resource from src\main\resources to target\classes
2026-06-01 17:42:23,288 [Worker-11: Building] INFO  o.a.m.s.f.DefaultMavenResourcesFiltering - skip non existing resourceDirectory C:\Tejas Kasare Sir\T224\spring\_5_Lombok_Auditing_JPAMethods_Validation_CustomResponse\src\test\resources
2026-06-01 17:45:12,895 [Worker-11: Building] INFO  o.a.m.s.f.DefaultMavenResourcesFiltering - Copying 1 resource from src\main\resources to target\classes
2026-06-01 17:45:12,912 [Worker-11: Building] INFO  o.a.m.s.f.DefaultMavenResourcesFiltering - Copying 0 resource from src\main\resources to target\classes
2026-06-01 17:45:12,917 [Worker-11: Building] INFO  o.a.m.s.f.DefaultMavenResourcesFiltering - skip non existing resourceDirectory C:\Tejas Kasare Sir\T224\spring\_5_Lombok_Auditing_JPAMethods_Validation_CustomResponse\src\test\resources
2026-06-01 17:46:58,323 [Worker-4: Building] INFO  o.a.m.s.f.DefaultMavenResourcesFiltering - Copying 1 resource from src\main\resources to target\classes
2026-06-01 17:46:58,331 [Worker-4: Building] INFO  o.a.m.s.f.DefaultMavenResourcesFiltering - Copying 0 resource from src\main\resources to target\classes
2026-06-01 17:46:58,337 [Worker-4: Building] INFO  o.a.m.s.f.DefaultMavenResourcesFiltering - skip non existing resourceDirectory C:\Tejas Kasare Sir\T224\spring\_5_Lombok_Auditing_JPAMethods_Validation_CustomResponse\src\test\resources
2026-06-01 17:47:55,718 [Worker-4: Building] INFO  o.a.m.s.f.DefaultMavenResourcesFiltering - Copying 1 resource from src\main\resources to target\classes
2026-06-01 17:47:55,725 [Worker-4: Building] INFO  o.a.m.s.f.DefaultMavenResourcesFiltering - Copying 0 resource from src\main\resources to target\classes
2026-06-01 17:47:55,730 [Worker-4: Building] INFO  o.a.m.s.f.DefaultMavenResourcesFiltering - skip non existing resourceDirectory C:\Tejas Kasare Sir\T224\spring\_5_Lombok_Auditing_JPAMethods_Validation_CustomResponse\src\test\resources
2026-06-01 17:49:43,165 [Worker-12: Building] INFO  o.a.m.s.f.DefaultMavenResourcesFiltering - Copying 1 resource from src\main\resources to target\classes
2026-06-01 17:49:43,191 [Worker-12: Building] INFO  o.a.m.s.f.DefaultMavenResourcesFiltering - Copying 0 resource from src\main\resources to target\classes
2026-06-01 17:49:43,199 [Worker-12: Building] INFO  o.a.m.s.f.DefaultMavenResourcesFiltering - skip non existing resourceDirectory C:\Tejas Kasare Sir\T224\spring\_5_Lombok_Auditing_JPAMethods_Validation_CustomResponse\src\test\resources
2026-06-01 18:08:47,385 [Worker-12: Building] INFO  o.a.m.s.f.DefaultMavenResourcesFiltering - Copying 1 resource from src\main\resources to target\classes
2026-06-01 18:08:47,414 [Worker-12: Building] INFO  o.a.m.s.f.DefaultMavenResourcesFiltering - Copying 0 resource from src\main\resources to target\classes
2026-06-01 18:08:47,419 [Worker-12: Building] INFO  o.a.m.s.f.DefaultMavenResourcesFiltering - skip non existing resourceDirectory C:\Tejas Kasare Sir\T224\spring\_5_Lombok_Auditing_JPAMethods_Validation_CustomResponse\src\test\resources
2026-06-01 18:09:59,567 [Worker-13: Building] INFO  o.a.m.s.f.DefaultMavenResourcesFiltering - Copying 1 resource from src\main\resources to target\classes
2026-06-01 18:09:59,573 [Worker-13: Building] INFO  o.a.m.s.f.DefaultMavenResourcesFiltering - Copying 0 resource from src\main\resources to target\classes
2026-06-01 18:09:59,578 [Worker-13: Building] INFO  o.a.m.s.f.DefaultMavenResourcesFiltering - skip non existing resourceDirectory C:\Tejas Kasare Sir\T224\spring\_5_Lombok_Auditing_JPAMethods_Validation_CustomResponse\src\test\resources
2026-06-01 18:11:12,915 [Worker-8: Building] INFO  o.a.m.s.f.DefaultMavenResourcesFiltering - Copying 1 resource from src\main\resources to target\classes
2026-06-01 18:11:12,957 [Worker-8: Building] INFO  o.a.m.s.f.DefaultMavenResourcesFiltering - Copying 0 resource from src\main\resources to target\classes
2026-06-01 18:11:12,965 [Worker-8: Building] INFO  o.a.m.s.f.DefaultMavenResourcesFiltering - skip non existing resourceDirectory C:\Tejas Kasare Sir\T224\spring\_5_Lombok_Auditing_JPAMethods_Validation_CustomResponse\src\test\resources
2026-06-01 18:26:53,212 [Worker-16: Building] INFO  o.a.m.s.f.DefaultMavenResourcesFiltering - Copying 1 resource from src\main\resources to target\classes
2026-06-01 18:26:53,292 [Worker-16: Building] INFO  o.a.m.s.f.DefaultMavenResourcesFiltering - Copying 0 resource from src\main\resources to target\classes
2026-06-01 18:26:53,303 [Worker-16: Building] INFO  o.a.m.s.f.DefaultMavenResourcesFiltering - skip non existing resourceDirectory C:\Tejas Kasare Sir\T224\spring\_5_Lombok_Auditing_JPAMethods_Validation_CustomResponse\src\test\resources
2026-06-01 18:28:21,984 [Worker-15: Building] INFO  o.a.m.s.f.DefaultMavenResourcesFiltering - Copying 1 resource from src\main\resources to target\classes
2026-06-01 18:28:21,997 [Worker-15: Building] INFO  o.a.m.s.f.DefaultMavenResourcesFiltering - Copying 0 resource from src\main\resources to target\classes
2026-06-01 18:28:22,002 [Worker-15: Building] INFO  o.a.m.s.f.DefaultMavenResourcesFiltering - skip non existing resourceDirectory C:\Tejas Kasare Sir\T224\spring\_5_Lombok_Auditing_JPAMethods_Validation_CustomResponse\src\test\resources
2026-06-01 18:28:54,397 [Worker-16: Building] INFO  o.a.m.s.f.DefaultMavenResourcesFiltering - Copying 1 resource from src\main\resources to target\classes
2026-06-01 18:28:54,409 [Worker-16: Building] INFO  o.a.m.s.f.DefaultMavenResourcesFiltering - Copying 0 resource from src\main\resources to target\classes
2026-06-01 18:28:54,414 [Worker-16: Building] INFO  o.a.m.s.f.DefaultMavenResourcesFiltering - skip non existing resourceDirectory C:\Tejas Kasare Sir\T224\spring\_5_Lombok_Auditing_JPAMethods_Validation_CustomResponse\src\test\resources
2026-06-01 18:58:30,123 [Worker-19: Import Getting Started Content] INFO  o.e.m.c.i.l.LifecycleMappingFactory - Using org.eclipse.m2e.jdt.JarLifecycleMapping lifecycle mapping for MavenProject: com.tejas:_6_Mapping_Specification:1.0.0 @ C:\Tejas Kasare Sir\T224\spring\_6_Mapping_Specification\pom.xml.
2026-06-01 18:58:31,618 [Worker-19: Import Getting Started Content] INFO  o.e.m.j.i.AbstractJavaProjectConfigurator - Adding source folder /_6_Mapping_Specification/src/main/java
2026-06-01 18:58:31,619 [Worker-19: Import Getting Started Content] INFO  o.e.m.j.i.AbstractJavaProjectConfigurator - Adding resource folder /_6_Mapping_Specification/src/main/resources
2026-06-01 18:58:31,638 [Worker-19: Import Getting Started Content] INFO  o.e.m.j.i.AbstractJavaProjectConfigurator - Adding resource folder /_6_Mapping_Specification/src/main/resources
2026-06-01 18:58:31,659 [Worker-19: Import Getting Started Content] INFO  o.e.m.j.i.AbstractJavaProjectConfigurator - Adding source folder /_6_Mapping_Specification/src/test/java
2026-06-01 18:58:31,832 [Worker-19: Import Getting Started Content] WARN  o.e.m.c.i.embedder.EclipseLogger - The POM for org.projectlombok:lombok:jar: is missing, no dependency information available
2026-06-01 18:58:31,855 [Worker-19: Import Getting Started Content] ERROR o.e.m.a.i.u.PluginDependencyResolver - Unable to collect dependencies for plugin
org.eclipse.aether.resolution.DependencyResolutionException: org.projectlombok:lombok:jar: was not found in https://repo.maven.apache.org/maven2 during a previous attempt. This failure was cached in the local repository and resolution is not reattempted until the update interval of central has elapsed or updates are forced
	at org.eclipse.aether.internal.impl.DefaultRepositorySystem.resolveDependencies(DefaultRepositorySystem.java:357)
	at org.eclipse.m2e.apt.internal.utils.PluginDependencyResolver.getResolvedPluginDependencies(PluginDependencyResolver.java:106)
	at org.eclipse.m2e.apt.internal.compiler.MavenCompilerJdtAptDelegate.getAnnotationProcessorConfiguration(MavenCompilerJdtAptDelegate.java:172)
	at org.eclipse.m2e.apt.internal.AbstractAptConfiguratorDelegate.configureClasspath(AbstractAptConfiguratorDelegate.java:242)
	at org.eclipse.m2e.apt.internal.AbstractAptProjectConfigurator.lambda$1(AbstractAptProjectConfigurator.java:156)
	at org.eclipse.m2e.core.internal.embedder.MavenExecutionContext.executeBare(MavenExecutionContext.java:394)
	at org.eclipse.m2e.core.internal.embedder.MavenExecutionContext.execute(MavenExecutionContext.java:275)
	at org.eclipse.m2e.core.internal.embedder.MavenExecutionContext.execute(MavenExecutionContext.java:214)
	at org.eclipse.m2e.apt.internal.AbstractAptProjectConfigurator.configureRawClasspath(AbstractAptProjectConfigurator.java:150)
	at org.eclipse.m2e.jdt.internal.AbstractJavaProjectConfigurator.invokeJavaProjectConfigurators(AbstractJavaProjectConfigurator.java:213)
	at org.eclipse.m2e.jdt.internal.AbstractJavaProjectConfigurator.configure(AbstractJavaProjectConfigurator.java:172)
	at org.eclipse.m2e.core.project.configurator.AbstractLifecycleMapping.configure(AbstractLifecycleMapping.java:123)
	at org.eclipse.m2e.core.internal.project.ProjectConfigurationManager.lambda$6(ProjectConfigurationManager.java:504)
	at org.eclipse.m2e.core.internal.embedder.MavenExecutionContext.executeBare(MavenExecutionContext.java:394)
	at org.eclipse.m2e.core.internal.embedder.MavenExecutionContext.execute(MavenExecutionContext.java:275)
	at org.eclipse.m2e.core.internal.project.ProjectConfigurationManager.updateProjectConfiguration(ProjectConfigurationManager.java:498)
	at org.eclipse.m2e.core.internal.project.ProjectConfigurationManager.configureNewMavenProjects(ProjectConfigurationManager.java:279)
	at org.eclipse.m2e.core.internal.project.ProjectConfigurationManager.lambda$1(ProjectConfigurationManager.java:166)
	at org.eclipse.m2e.core.internal.embedder.MavenExecutionContext.executeBare(MavenExecutionContext.java:394)
	at org.eclipse.m2e.core.internal.embedder.MavenExecutionContext.execute(MavenExecutionContext.java:275)
	at org.eclipse.m2e.core.internal.embedder.MavenExecutionContext.execute(MavenExecutionContext.java:214)
	at org.eclipse.m2e.core.internal.project.ProjectConfigurationManager.importProjects(ProjectConfigurationManager.java:139)
	at org.eclipse.m2e.core.internal.project.ProjectConfigurationManager.importProjects(ProjectConfigurationManager.java:130)
	at org.springframework.ide.eclipse.boot.wizard.importing.MavenStrategy.createEclipseProjectFromExistingMavenProject(MavenStrategy.java:134)
	at org.springframework.ide.eclipse.boot.wizard.importing.MavenStrategy$MavenCodeSetImport.run(MavenStrategy.java:85)
	at org.springframework.ide.eclipse.boot.wizard.NewSpringBootWizardModel.importProject(NewSpringBootWizardModel.java:343)
	at org.springframework.ide.eclipse.boot.wizard.NewSpringBootWizardModel.performFinish(NewSpringBootWizardModel.java:322)
	at org.springframework.ide.eclipse.boot.wizard.NewSpringBootWizard$1.runInWorkspace(NewSpringBootWizard.java:239)
	at org.eclipse.core.internal.resources.InternalWorkspaceJob.run(InternalWorkspaceJob.java:43)
	at org.eclipse.core.internal.jobs.Worker.run(Worker.java:63)
Caused by: org.eclipse.aether.resolution.ArtifactResolutionException: org.projectlombok:lombok:jar: was not found in https://repo.maven.apache.org/maven2 during a previous attempt. This failure was cached in the local repository and resolution is not reattempted until the update interval of central has elapsed or updates are forced
	at org.eclipse.aether.internal.impl.DefaultArtifactResolver.resolve(DefaultArtifactResolver.java:425)
	at org.eclipse.aether.internal.impl.DefaultArtifactResolver.resolveArtifacts(DefaultArtifactResolver.java:229)
	at org.eclipse.aether.internal.impl.DefaultRepositorySystem.resolveDependencies(DefaultRepositorySystem.java:340)
	... 29 common frames omitted
Caused by: org.eclipse.aether.transfer.ArtifactNotFoundException: org.projectlombok:lombok:jar: was not found in https://repo.maven.apache.org/maven2 during a previous attempt. This failure was cached in the local repository and resolution is not reattempted until the update interval of central has elapsed or updates are forced
	at org.eclipse.aether.internal.impl.DefaultUpdateCheckManager.newException(DefaultUpdateCheckManager.java:217)
	at org.eclipse.aether.internal.impl.DefaultUpdateCheckManager.checkArtifact(DefaultUpdateCheckManager.java:189)
	at org.eclipse.aether.internal.impl.DefaultArtifactResolver.gatherDownloads(DefaultArtifactResolver.java:574)
	at org.eclipse.aether.internal.impl.DefaultArtifactResolver.performDownloads(DefaultArtifactResolver.java:484)
	at org.eclipse.aether.internal.impl.DefaultArtifactResolver.resolve(DefaultArtifactResolver.java:402)
	... 31 common frames omitted
2026-06-01 18:58:32,990 [Worker-23: Building] INFO  o.a.m.s.f.DefaultMavenResourcesFiltering - Copying 1 resource from src\main\resources to target\classes
2026-06-01 18:58:33,024 [Worker-23: Building] INFO  o.a.m.s.f.DefaultMavenResourcesFiltering - Copying 0 resource from src\main\resources to target\classes
2026-06-01 18:58:33,029 [Worker-23: Building] INFO  o.a.m.s.f.DefaultMavenResourcesFiltering - skip non existing resourceDirectory C:\Tejas Kasare Sir\T224\spring\_6_Mapping_Specification\src\test\resources
2026-06-02 17:26:05,017 [Worker-1: Loading available Gradle versions] INFO  o.e.b.c.i.u.g.PublishedGradleVersions - Gradle version information cache is up-to-date. Trying to read.
2026-06-02 17:27:56,839 [Worker-5: Building] INFO  o.a.m.s.f.DefaultMavenResourcesFiltering - Copying 1 resource from src\main\resources to target\classes
2026-06-02 17:27:56,891 [Worker-5: Building] INFO  o.a.m.s.f.DefaultMavenResourcesFiltering - Copying 0 resource from src\main\resources to target\classes
2026-06-02 17:27:56,900 [Worker-5: Building] INFO  o.a.m.s.f.DefaultMavenResourcesFiltering - skip non existing resourceDirectory C:\Tejas Kasare Sir\T224\spring\_6_Mapping_Specification\src\test\resources
2026-06-02 17:28:07,261 [Worker-3: Building] INFO  o.a.m.s.f.DefaultMavenResourcesFiltering - Copying 1 resource from src\main\resources to target\classes
2026-06-02 17:28:07,281 [Worker-3: Building] INFO  o.a.m.s.f.DefaultMavenResourcesFiltering - Copying 0 resource from src\main\resources to target\classes
2026-06-02 17:28:07,287 [Worker-3: Building] INFO  o.a.m.s.f.DefaultMavenResourcesFiltering - skip non existing resourceDirectory C:\Tejas Kasare Sir\T224\spring\_6_Mapping_Specification\src\test\resources
2026-06-02 17:28:16,928 [Worker-9: Building] INFO  o.a.m.s.f.DefaultMavenResourcesFiltering - Copying 1 resource from src\main\resources to target\classes
2026-06-02 17:28:16,934 [Worker-9: Building] INFO  o.a.m.s.f.DefaultMavenResourcesFiltering - Copying 0 resource from src\main\resources to target\classes
2026-06-02 17:28:16,939 [Worker-9: Building] INFO  o.a.m.s.f.DefaultMavenResourcesFiltering - skip non existing resourceDirectory C:\Tejas Kasare Sir\T224\spring\_6_Mapping_Specification\src\test\resources
2026-06-02 17:28:27,115 [Worker-9: Building] INFO  o.a.m.s.f.DefaultMavenResourcesFiltering - Copying 1 resource from src\main\resources to target\classes
2026-06-02 17:28:27,124 [Worker-9: Building] INFO  o.a.m.s.f.DefaultMavenResourcesFiltering - Copying 0 resource from src\main\resources to target\classes
2026-06-02 17:28:27,130 [Worker-9: Building] INFO  o.a.m.s.f.DefaultMavenResourcesFiltering - skip non existing resourceDirectory C:\Tejas Kasare Sir\T224\spring\_6_Mapping_Specification\src\test\resources
2026-06-02 17:28:34,651 [Worker-1: Building] INFO  o.a.m.s.f.DefaultMavenResourcesFiltering - Copying 1 resource from src\main\resources to target\classes
2026-06-02 17:28:34,805 [Worker-1: Building] INFO  o.a.m.s.f.DefaultMavenResourcesFiltering - Copying 0 resource from src\main\resources to target\classes
2026-06-02 17:28:34,813 [Worker-1: Building] INFO  o.a.m.s.f.DefaultMavenResourcesFiltering - skip non existing resourceDirectory C:\Tejas Kasare Sir\T224\spring\_6_Mapping_Specification\src\test\resources
2026-06-02 17:28:43,898 [Worker-8: Building] INFO  o.a.m.s.f.DefaultMavenResourcesFiltering - Copying 1 resource from src\main\resources to target\classes
2026-06-02 17:28:43,904 [Worker-8: Building] INFO  o.a.m.s.f.DefaultMavenResourcesFiltering - Copying 0 resource from src\main\resources to target\classes
2026-06-02 17:28:43,909 [Worker-8: Building] INFO  o.a.m.s.f.DefaultMavenResourcesFiltering - skip non existing resourceDirectory C:\Tejas Kasare Sir\T224\spring\_6_Mapping_Specification\src\test\resources
2026-06-02 17:28:53,781 [Worker-1: Building] INFO  o.a.m.s.f.DefaultMavenResourcesFiltering - Copying 1 resource from src\main\resources to target\classes
2026-06-02 17:28:53,789 [Worker-1: Building] INFO  o.a.m.s.f.DefaultMavenResourcesFiltering - Copying 0 resource from src\main\resources to target\classes
2026-06-02 17:28:53,795 [Worker-1: Building] INFO  o.a.m.s.f.DefaultMavenResourcesFiltering - skip non existing resourceDirectory C:\Tejas Kasare Sir\T224\spring\_6_Mapping_Specification\src\test\resources
2026-06-02 17:29:27,955 [Worker-6: Building] INFO  o.a.m.s.f.DefaultMavenResourcesFiltering - Copying 1 resource from src\main\resources to target\classes
2026-06-02 17:29:27,975 [Worker-6: Building] INFO  o.a.m.s.f.DefaultMavenResourcesFiltering - Copying 0 resource from src\main\resources to target\classes
2026-06-02 17:29:28,019 [Worker-6: Building] INFO  o.a.m.s.f.DefaultMavenResourcesFiltering - skip non existing resourceDirectory C:\Tejas Kasare Sir\T224\spring\_6_Mapping_Specification\src\test\resources
2026-06-02 17:29:42,659 [Worker-3: Building] INFO  o.a.m.s.f.DefaultMavenResourcesFiltering - Copying 1 resource from src\main\resources to target\classes
2026-06-02 17:29:42,665 [Worker-3: Building] INFO  o.a.m.s.f.DefaultMavenResourcesFiltering - Copying 0 resource from src\main\resources to target\classes
2026-06-02 17:29:42,669 [Worker-3: Building] INFO  o.a.m.s.f.DefaultMavenResourcesFiltering - skip non existing resourceDirectory C:\Tejas Kasare Sir\T224\spring\_6_Mapping_Specification\src\test\resources
2026-06-02 17:44:41,990 [Worker-12: Building] INFO  o.a.m.s.f.DefaultMavenResourcesFiltering - Copying 1 resource from src\main\resources to target\classes
2026-06-02 17:44:42,039 [Worker-12: Building] INFO  o.a.m.s.f.DefaultMavenResourcesFiltering - Copying 0 resource from src\main\resources to target\classes
2026-06-02 17:44:42,045 [Worker-12: Building] INFO  o.a.m.s.f.DefaultMavenResourcesFiltering - skip non existing resourceDirectory C:\Tejas Kasare Sir\T224\spring\_6_Mapping_Specification\src\test\resources
2026-06-02 17:49:53,798 [Worker-2: Building] INFO  o.a.m.s.f.DefaultMavenResourcesFiltering - Copying 1 resource from src\main\resources to target\classes
2026-06-02 17:49:53,810 [Worker-2: Building] INFO  o.a.m.s.f.DefaultMavenResourcesFiltering - Copying 0 resource from src\main\resources to target\classes
2026-06-02 17:49:53,815 [Worker-2: Building] INFO  o.a.m.s.f.DefaultMavenResourcesFiltering - skip non existing resourceDirectory C:\Tejas Kasare Sir\T224\spring\_6_Mapping_Specification\src\test\resources
2026-06-02 17:58:08,316 [Worker-11: Building] INFO  o.a.m.s.f.DefaultMavenResourcesFiltering - Copying 1 resource from src\main\resources to target\classes
2026-06-02 17:58:08,328 [Worker-11: Building] INFO  o.a.m.s.f.DefaultMavenResourcesFiltering - Copying 0 resource from src\main\resources to target\classes
2026-06-02 17:58:08,333 [Worker-11: Building] INFO  o.a.m.s.f.DefaultMavenResourcesFiltering - skip non existing resourceDirectory C:\Tejas Kasare Sir\T224\spring\_6_Mapping_Specification\src\test\resources
2026-06-02 17:59:45,271 [Worker-14: Building] INFO  o.a.m.s.f.DefaultMavenResourcesFiltering - Copying 1 resource from src\main\resources to target\classes
2026-06-02 17:59:45,290 [Worker-14: Building] INFO  o.a.m.s.f.DefaultMavenResourcesFiltering - Copying 0 resource from src\main\resources to target\classes
2026-06-02 17:59:45,293 [Worker-14: Building] INFO  o.a.m.s.f.DefaultMavenResourcesFiltering - skip non existing resourceDirectory C:\Tejas Kasare Sir\T224\spring\_6_Mapping_Specification\src\test\resources
2026-06-02 18:00:39,431 [Worker-11: Building] INFO  o.a.m.s.f.DefaultMavenResourcesFiltering - Copying 1 resource from src\main\resources to target\classes
2026-06-02 18:00:39,441 [Worker-11: Building] INFO  o.a.m.s.f.DefaultMavenResourcesFiltering - Copying 0 resource from src\main\resources to target\classes
2026-06-02 18:00:39,446 [Worker-11: Building] INFO  o.a.m.s.f.DefaultMavenResourcesFiltering - skip non existing resourceDirectory C:\Tejas Kasare Sir\T224\spring\_6_Mapping_Specification\src\test\resources
2026-06-02 18:11:38,212 [Worker-16: Building] INFO  o.a.m.s.f.DefaultMavenResourcesFiltering - Copying 1 resource from src\main\resources to target\classes
2026-06-02 18:11:38,220 [Worker-16: Building] INFO  o.a.m.s.f.DefaultMavenResourcesFiltering - Copying 0 resource from src\main\resources to target\classes
2026-06-02 18:11:38,225 [Worker-16: Building] INFO  o.a.m.s.f.DefaultMavenResourcesFiltering - skip non existing resourceDirectory C:\Tejas Kasare Sir\T224\spring\_6_Mapping_Specification\src\test\resources
2026-06-02 18:18:04,871 [Worker-16: Building] INFO  o.a.m.s.f.DefaultMavenResourcesFiltering - Copying 1 resource from src\main\resources to target\classes
2026-06-02 18:18:04,878 [Worker-16: Building] INFO  o.a.m.s.f.DefaultMavenResourcesFiltering - Copying 0 resource from src\main\resources to target\classes
2026-06-02 18:18:04,885 [Worker-16: Building] INFO  o.a.m.s.f.DefaultMavenResourcesFiltering - skip non existing resourceDirectory C:\Tejas Kasare Sir\T224\spring\_6_Mapping_Specification\src\test\resources
2026-06-02 18:25:36,322 [Worker-23: Building] INFO  o.a.m.s.f.DefaultMavenResourcesFiltering - Copying 1 resource from src\main\resources to target\classes
2026-06-02 18:25:36,367 [Worker-23: Building] INFO  o.a.m.s.f.DefaultMavenResourcesFiltering - Copying 0 resource from src\main\resources to target\classes
2026-06-02 18:25:36,372 [Worker-23: Building] INFO  o.a.m.s.f.DefaultMavenResourcesFiltering - skip non existing resourceDirectory C:\Tejas Kasare Sir\T224\spring\_6_Mapping_Specification\src\test\resources
2026-06-02 18:29:44,704 [Worker-24: Building] INFO  o.a.m.s.f.DefaultMavenResourcesFiltering - Copying 1 resource from src\main\resources to target\classes
2026-06-02 18:29:44,709 [Worker-24: Building] INFO  o.a.m.s.f.DefaultMavenResourcesFiltering - Copying 0 resource from src\main\resources to target\classes
2026-06-02 18:29:44,713 [Worker-24: Building] INFO  o.a.m.s.f.DefaultMavenResourcesFiltering - skip non existing resourceDirectory C:\Tejas Kasare Sir\T224\spring\_6_Mapping_Specification\src\test\resources
2026-06-02 18:34:49,590 [Worker-26: Building] INFO  o.a.m.s.f.DefaultMavenResourcesFiltering - Copying 1 resource from src\main\resources to target\classes
2026-06-02 18:34:49,595 [Worker-26: Building] INFO  o.a.m.s.f.DefaultMavenResourcesFiltering - Copying 0 resource from src\main\resources to target\classes
2026-06-02 18:34:49,601 [Worker-26: Building] INFO  o.a.m.s.f.DefaultMavenResourcesFiltering - skip non existing resourceDirectory C:\Tejas Kasare Sir\T224\spring\_6_Mapping_Specification\src\test\resources
2026-06-02 18:42:15,371 [Worker-30: Building] INFO  o.a.m.s.f.DefaultMavenResourcesFiltering - Copying 1 resource from src\main\resources to target\classes
2026-06-02 18:42:15,379 [Worker-30: Building] INFO  o.a.m.s.f.DefaultMavenResourcesFiltering - Copying 0 resource from src\main\resources to target\classes
2026-06-02 18:42:15,383 [Worker-30: Building] INFO  o.a.m.s.f.DefaultMavenResourcesFiltering - skip non existing resourceDirectory C:\Tejas Kasare Sir\T224\spring\_6_Mapping_Specification\src\test\resources
2026-06-02 18:47:53,884 [Worker-35: Building] INFO  o.a.m.s.f.DefaultMavenResourcesFiltering - Copying 1 resource from src\main\resources to target\classes
2026-06-02 18:47:53,891 [Worker-35: Building] INFO  o.a.m.s.f.DefaultMavenResourcesFiltering - Copying 0 resource from src\main\resources to target\classes
2026-06-02 18:47:53,896 [Worker-35: Building] INFO  o.a.m.s.f.DefaultMavenResourcesFiltering - skip non existing resourceDirectory C:\Tejas Kasare Sir\T224\spring\_6_Mapping_Specification\src\test\resources
2026-06-02 18:52:01,746 [Worker-35: Building] INFO  o.a.m.s.f.DefaultMavenResourcesFiltering - Copying 1 resource from src\main\resources to target\classes
2026-06-02 18:52:01,763 [Worker-35: Building] INFO  o.a.m.s.f.DefaultMavenResourcesFiltering - Copying 0 resource from src\main\resources to target\classes
2026-06-02 18:52:01,766 [Worker-35: Building] INFO  o.a.m.s.f.DefaultMavenResourcesFiltering - skip non existing resourceDirectory C:\Tejas Kasare Sir\T224\spring\_6_Mapping_Specification\src\test\resources
2026-06-02 18:55:26,453 [Worker-35: Building] INFO  o.a.m.s.f.DefaultMavenResourcesFiltering - Copying 1 resource from src\main\resources to target\classes
2026-06-02 18:55:26,461 [Worker-35: Building] INFO  o.a.m.s.f.DefaultMavenResourcesFiltering - Copying 0 resource from src\main\resources to target\classes
2026-06-02 18:55:26,465 [Worker-35: Building] INFO  o.a.m.s.f.DefaultMavenResourcesFiltering - skip non existing resourceDirectory C:\Tejas Kasare Sir\T224\spring\_6_Mapping_Specification\src\test\resources
2026-06-02 18:56:12,611 [Worker-35: Building] INFO  o.a.m.s.f.DefaultMavenResourcesFiltering - Copying 1 resource from src\main\resources to target\classes
2026-06-02 18:56:12,617 [Worker-35: Building] INFO  o.a.m.s.f.DefaultMavenResourcesFiltering - Copying 0 resource from src\main\resources to target\classes
2026-06-02 18:56:12,623 [Worker-35: Building] INFO  o.a.m.s.f.DefaultMavenResourcesFiltering - skip non existing resourceDirectory C:\Tejas Kasare Sir\T224\spring\_6_Mapping_Specification\src\test\resources
2026-06-02 18:56:29,996 [Worker-35: Building] INFO  o.a.m.s.f.DefaultMavenResourcesFiltering - Copying 1 resource from src\main\resources to target\classes
2026-06-02 18:56:30,003 [Worker-35: Building] INFO  o.a.m.s.f.DefaultMavenResourcesFiltering - Copying 0 resource from src\main\resources to target\classes
2026-06-02 18:56:30,013 [Worker-35: Building] INFO  o.a.m.s.f.DefaultMavenResourcesFiltering - skip non existing resourceDirectory C:\Tejas Kasare Sir\T224\spring\_6_Mapping_Specification\src\test\resources
2026-06-02 18:56:48,086 [Worker-36: Building] INFO  o.a.m.s.f.DefaultMavenResourcesFiltering - Copying 1 resource from src\main\resources to target\classes
2026-06-02 18:56:48,168 [Worker-36: Building] INFO  o.a.m.s.f.DefaultMavenResourcesFiltering - Copying 0 resource from src\main\resources to target\classes
2026-06-02 18:56:48,173 [Worker-36: Building] INFO  o.a.m.s.f.DefaultMavenResourcesFiltering - skip non existing resourceDirectory C:\Tejas Kasare Sir\T224\spring\_6_Mapping_Specification\src\test\resources
2026-06-02 18:57:00,028 [Worker-39: Building] INFO  o.a.m.s.f.DefaultMavenResourcesFiltering - Copying 1 resource from src\main\resources to target\classes
2026-06-02 18:57:00,032 [Worker-39: Building] INFO  o.a.m.s.f.DefaultMavenResourcesFiltering - Copying 0 resource from src\main\resources to target\classes
2026-06-02 18:57:00,036 [Worker-39: Building] INFO  o.a.m.s.f.DefaultMavenResourcesFiltering - skip non existing resourceDirectory C:\Tejas Kasare Sir\T224\spring\_6_Mapping_Specification\src\test\resources
2026-06-02 18:57:13,593 [Worker-37: Building] INFO  o.a.m.s.f.DefaultMavenResourcesFiltering - Copying 1 resource from src\main\resources to target\classes
2026-06-02 18:57:13,599 [Worker-37: Building] INFO  o.a.m.s.f.DefaultMavenResourcesFiltering - Copying 0 resource from src\main\resources to target\classes
2026-06-02 18:57:13,605 [Worker-37: Building] INFO  o.a.m.s.f.DefaultMavenResourcesFiltering - skip non existing resourceDirectory C:\Tejas Kasare Sir\T224\spring\_6_Mapping_Specification\src\test\resources
2026-06-02 18:57:33,954 [Worker-30: Building] INFO  o.a.m.s.f.DefaultMavenResourcesFiltering - Copying 1 resource from src\main\resources to target\classes
2026-06-02 18:57:33,960 [Worker-30: Building] INFO  o.a.m.s.f.DefaultMavenResourcesFiltering - Copying 0 resource from src\main\resources to target\classes
2026-06-02 18:57:33,964 [Worker-30: Building] INFO  o.a.m.s.f.DefaultMavenResourcesFiltering - skip non existing resourceDirectory C:\Tejas Kasare Sir\T224\spring\_6_Mapping_Specification\src\test\resources
2026-06-02 18:57:55,054 [Worker-39: Building] INFO  o.a.m.s.f.DefaultMavenResourcesFiltering - Copying 1 resource from src\main\resources to target\classes
2026-06-02 18:57:55,060 [Worker-39: Building] INFO  o.a.m.s.f.DefaultMavenResourcesFiltering - Copying 0 resource from src\main\resources to target\classes
2026-06-02 18:57:55,065 [Worker-39: Building] INFO  o.a.m.s.f.DefaultMavenResourcesFiltering - skip non existing resourceDirectory C:\Tejas Kasare Sir\T224\spring\_6_Mapping_Specification\src\test\resources
2026-06-02 18:58:11,314 [Worker-38: Building] INFO  o.a.m.s.f.DefaultMavenResourcesFiltering - Copying 1 resource from src\main\resources to target\classes
2026-06-02 18:58:11,319 [Worker-38: Building] INFO  o.a.m.s.f.DefaultMavenResourcesFiltering - Copying 0 resource from src\main\resources to target\classes
2026-06-02 18:58:11,322 [Worker-38: Building] INFO  o.a.m.s.f.DefaultMavenResourcesFiltering - skip non existing resourceDirectory C:\Tejas Kasare Sir\T224\spring\_6_Mapping_Specification\src\test\resources
2026-06-02 18:58:47,786 [Worker-37: Building] INFO  o.a.m.s.f.DefaultMavenResourcesFiltering - Copying 1 resource from src\main\resources to target\classes
2026-06-02 18:58:47,791 [Worker-37: Building] INFO  o.a.m.s.f.DefaultMavenResourcesFiltering - Copying 0 resource from src\main\resources to target\classes
2026-06-02 18:58:47,796 [Worker-37: Building] INFO  o.a.m.s.f.DefaultMavenResourcesFiltering - skip non existing resourceDirectory C:\Tejas Kasare Sir\T224\spring\_6_Mapping_Specification\src\test\resources
2026-06-02 18:59:15,401 [Worker-39: Building] INFO  o.a.m.s.f.DefaultMavenResourcesFiltering - Copying 1 resource from src\main\resources to target\classes
2026-06-02 18:59:15,405 [Worker-39: Building] INFO  o.a.m.s.f.DefaultMavenResourcesFiltering - Copying 0 resource from src\main\resources to target\classes
2026-06-02 18:59:15,408 [Worker-39: Building] INFO  o.a.m.s.f.DefaultMavenResourcesFiltering - skip non existing resourceDirectory C:\Tejas Kasare Sir\T224\spring\_6_Mapping_Specification\src\test\resources
2026-06-02 18:59:36,801 [Worker-35: Building] INFO  o.a.m.s.f.DefaultMavenResourcesFiltering - Copying 1 resource from src\main\resources to target\classes
2026-06-02 18:59:36,806 [Worker-35: Building] INFO  o.a.m.s.f.DefaultMavenResourcesFiltering - Copying 0 resource from src\main\resources to target\classes
2026-06-02 18:59:36,812 [Worker-35: Building] INFO  o.a.m.s.f.DefaultMavenResourcesFiltering - skip non existing resourceDirectory C:\Tejas Kasare Sir\T224\spring\_6_Mapping_Specification\src\test\resources
2026-06-02 18:59:59,847 [Worker-39: Building] INFO  o.a.m.s.f.DefaultMavenResourcesFiltering - Copying 1 resource from src\main\resources to target\classes
2026-06-02 18:59:59,853 [Worker-39: Building] INFO  o.a.m.s.f.DefaultMavenResourcesFiltering - Copying 0 resource from src\main\resources to target\classes
2026-06-02 18:59:59,859 [Worker-39: Building] INFO  o.a.m.s.f.DefaultMavenResourcesFiltering - skip non existing resourceDirectory C:\Tejas Kasare Sir\T224\spring\_6_Mapping_Specification\src\test\resources
2026-06-02 19:00:24,375 [Worker-39: Building] INFO  o.a.m.s.f.DefaultMavenResourcesFiltering - Copying 1 resource from src\main\resources to target\classes
2026-06-02 19:00:24,383 [Worker-39: Building] INFO  o.a.m.s.f.DefaultMavenResourcesFiltering - Copying 0 resource from src\main\resources to target\classes
2026-06-02 19:00:24,386 [Worker-39: Building] INFO  o.a.m.s.f.DefaultMavenResourcesFiltering - skip non existing resourceDirectory C:\Tejas Kasare Sir\T224\spring\_6_Mapping_Specification\src\test\resources
2026-06-02 19:00:49,983 [Worker-36: Building] INFO  o.a.m.s.f.DefaultMavenResourcesFiltering - Copying 1 resource from src\main\resources to target\classes
2026-06-02 19:00:49,988 [Worker-36: Building] INFO  o.a.m.s.f.DefaultMavenResourcesFiltering - Copying 0 resource from src\main\resources to target\classes
2026-06-02 19:00:49,992 [Worker-36: Building] INFO  o.a.m.s.f.DefaultMavenResourcesFiltering - skip non existing resourceDirectory C:\Tejas Kasare Sir\T224\spring\_6_Mapping_Specification\src\test\resources
2026-06-03 13:29:38,625 [Worker-3: Loading available Gradle versions] INFO  o.e.b.c.i.u.g.PublishedGradleVersions - Gradle version information cache is up-to-date. Trying to read.
2026-06-03 17:09:21,488 [Worker-1: Loading available Gradle versions] INFO  o.e.b.c.i.u.g.PublishedGradleVersions - Gradle version information cache is up-to-date. Trying to read.
2026-06-03 17:11:18,431 [Worker-3: Building] INFO  o.a.m.s.f.DefaultMavenResourcesFiltering - Copying 1 resource from src\main\resources to target\classes
2026-06-03 17:11:18,494 [Worker-3: Building] INFO  o.a.m.s.f.DefaultMavenResourcesFiltering - Copying 0 resource from src\main\resources to target\classes
2026-06-03 17:11:18,503 [Worker-3: Building] INFO  o.a.m.s.f.DefaultMavenResourcesFiltering - skip non existing resourceDirectory C:\Tejas Kasare Sir\T224\spring\_1_firstAPI\src\test\resources
2026-06-03 17:11:23,948 [Worker-3: Building] INFO  o.a.m.s.f.DefaultMavenResourcesFiltering - Copying 1 resource from src\main\resources to target\classes
2026-06-03 17:11:23,996 [Worker-3: Building] INFO  o.a.m.s.f.DefaultMavenResourcesFiltering - Copying 0 resource from src\main\resources to target\classes
2026-06-03 17:11:24,005 [Worker-3: Building] INFO  o.a.m.s.f.DefaultMavenResourcesFiltering - skip non existing resourceDirectory C:\Tejas Kasare Sir\T224\spring\_2_Annotations\src\test\resources
2026-06-03 17:11:26,449 [Worker-3: Building] INFO  o.a.m.s.f.DefaultMavenResourcesFiltering - Copying 1 resource from src\main\resources to target\classes
2026-06-03 17:11:26,537 [Worker-3: Building] INFO  o.a.m.s.f.DefaultMavenResourcesFiltering - Copying 0 resource from src\main\resources to target\classes
2026-06-03 17:11:26,545 [Worker-3: Building] INFO  o.a.m.s.f.DefaultMavenResourcesFiltering - skip non existing resourceDirectory C:\Tejas Kasare Sir\T224\spring\_3_Service_Controller_Basics\src\test\resources
2026-06-03 17:11:29,043 [Worker-3: Building] INFO  o.a.m.s.f.DefaultMavenResourcesFiltering - Copying 1 resource from src\main\resources to target\classes
2026-06-03 17:11:29,106 [Worker-3: Building] INFO  o.a.m.s.f.DefaultMavenResourcesFiltering - Copying 0 resource from src\main\resources to target\classes
2026-06-03 17:11:29,122 [Worker-3: Building] INFO  o.a.m.s.f.DefaultMavenResourcesFiltering - skip non existing resourceDirectory C:\Tejas Kasare Sir\T224\spring\_4_Mysql_JPA_Crud\src\test\resources
2026-06-03 17:11:32,790 [Worker-3: Building] INFO  o.a.m.s.f.DefaultMavenResourcesFiltering - Copying 1 resource from src\main\resources to target\classes
2026-06-03 17:11:32,979 [Worker-3: Building] INFO  o.a.m.s.f.DefaultMavenResourcesFiltering - Copying 0 resource from src\main\resources to target\classes
2026-06-03 17:11:33,017 [Worker-3: Building] INFO  o.a.m.s.f.DefaultMavenResourcesFiltering - skip non existing resourceDirectory C:\Tejas Kasare Sir\T224\spring\_5_Lombok_Auditing_JPAMethods_Validation_CustomResponse\src\test\resources
2026-06-03 17:11:36,940 [Worker-3: Building] INFO  o.a.m.s.f.DefaultMavenResourcesFiltering - Copying 1 resource from src\main\resources to target\classes
2026-06-03 17:11:36,996 [Worker-3: Building] INFO  o.a.m.s.f.DefaultMavenResourcesFiltering - Copying 0 resource from src\main\resources to target\classes
2026-06-03 17:11:37,002 [Worker-3: Building] INFO  o.a.m.s.f.DefaultMavenResourcesFiltering - skip non existing resourceDirectory C:\Tejas Kasare Sir\T224\spring\_6_Mapping_Specification\src\test\resources
2026-06-03 17:20:44,195 [Worker-8: Building] INFO  o.a.m.s.f.DefaultMavenResourcesFiltering - Copying 1 resource from src\main\resources to target\classes
2026-06-03 17:20:44,249 [Worker-8: Building] INFO  o.a.m.s.f.DefaultMavenResourcesFiltering - Copying 0 resource from src\main\resources to target\classes
2026-06-03 17:20:44,257 [Worker-8: Building] INFO  o.a.m.s.f.DefaultMavenResourcesFiltering - skip non existing resourceDirectory C:\Tejas Kasare Sir\T224\spring\_6_Mapping_Specification\src\test\resources
2026-06-03 17:21:26,710 [Worker-4: Building] INFO  o.a.m.s.f.DefaultMavenResourcesFiltering - Copying 1 resource from src\main\resources to target\classes
2026-06-03 17:21:26,716 [Worker-4: Building] INFO  o.a.m.s.f.DefaultMavenResourcesFiltering - Copying 0 resource from src\main\resources to target\classes
2026-06-03 17:21:26,730 [Worker-4: Building] INFO  o.a.m.s.f.DefaultMavenResourcesFiltering - skip non existing resourceDirectory C:\Tejas Kasare Sir\T224\spring\_6_Mapping_Specification\src\test\resources
2026-06-03 17:25:46,722 [Worker-8: Building] INFO  o.a.m.s.f.DefaultMavenResourcesFiltering - Copying 1 resource from src\main\resources to target\classes
2026-06-03 17:25:46,767 [Worker-8: Building] INFO  o.a.m.s.f.DefaultMavenResourcesFiltering - Copying 0 resource from src\main\resources to target\classes
2026-06-03 17:25:46,783 [Worker-8: Building] INFO  o.a.m.s.f.DefaultMavenResourcesFiltering - skip non existing resourceDirectory C:\Tejas Kasare Sir\T224\spring\_6_Mapping_Specification\src\test\resources
2026-06-03 17:26:00,074 [Worker-8: Building] INFO  o.a.m.s.f.DefaultMavenResourcesFiltering - Copying 1 resource from src\main\resources to target\classes
2026-06-03 17:26:00,122 [Worker-8: Building] INFO  o.a.m.s.f.DefaultMavenResourcesFiltering - Copying 0 resource from src\main\resources to target\classes
2026-06-03 17:26:00,128 [Worker-8: Building] INFO  o.a.m.s.f.DefaultMavenResourcesFiltering - skip non existing resourceDirectory C:\Tejas Kasare Sir\T224\spring\_6_Mapping_Specification\src\test\resources
2026-06-03 17:26:10,798 [Worker-13: Building] INFO  o.a.m.s.f.DefaultMavenResourcesFiltering - Copying 1 resource from src\main\resources to target\classes
2026-06-03 17:26:10,807 [Worker-13: Building] INFO  o.a.m.s.f.DefaultMavenResourcesFiltering - Copying 0 resource from src\main\resources to target\classes
2026-06-03 17:26:10,833 [Worker-13: Building] INFO  o.a.m.s.f.DefaultMavenResourcesFiltering - skip non existing resourceDirectory C:\Tejas Kasare Sir\T224\spring\_6_Mapping_Specification\src\test\resources
2026-06-03 17:26:25,384 [Worker-13: Building] INFO  o.a.m.s.f.DefaultMavenResourcesFiltering - Copying 1 resource from src\main\resources to target\classes
2026-06-03 17:26:25,390 [Worker-13: Building] INFO  o.a.m.s.f.DefaultMavenResourcesFiltering - Copying 0 resource from src\main\resources to target\classes
2026-06-03 17:26:25,395 [Worker-13: Building] INFO  o.a.m.s.f.DefaultMavenResourcesFiltering - skip non existing resourceDirectory C:\Tejas Kasare Sir\T224\spring\_6_Mapping_Specification\src\test\resources
2026-06-03 17:26:37,036 [Worker-9: Building] INFO  o.a.m.s.f.DefaultMavenResourcesFiltering - Copying 1 resource from src\main\resources to target\classes
2026-06-03 17:26:37,042 [Worker-9: Building] INFO  o.a.m.s.f.DefaultMavenResourcesFiltering - Copying 0 resource from src\main\resources to target\classes
2026-06-03 17:26:37,050 [Worker-9: Building] INFO  o.a.m.s.f.DefaultMavenResourcesFiltering - skip non existing resourceDirectory C:\Tejas Kasare Sir\T224\spring\_6_Mapping_Specification\src\test\resources
2026-06-03 17:26:48,481 [Worker-14: Building] INFO  o.a.m.s.f.DefaultMavenResourcesFiltering - Copying 1 resource from src\main\resources to target\classes
2026-06-03 17:26:48,488 [Worker-14: Building] INFO  o.a.m.s.f.DefaultMavenResourcesFiltering - Copying 0 resource from src\main\resources to target\classes
2026-06-03 17:26:48,493 [Worker-14: Building] INFO  o.a.m.s.f.DefaultMavenResourcesFiltering - skip non existing resourceDirectory C:\Tejas Kasare Sir\T224\spring\_6_Mapping_Specification\src\test\resources
2026-06-03 17:27:05,427 [Worker-14: Building] INFO  o.a.m.s.f.DefaultMavenResourcesFiltering - Copying 1 resource from src\main\resources to target\classes
2026-06-03 17:27:05,438 [Worker-14: Building] INFO  o.a.m.s.f.DefaultMavenResourcesFiltering - Copying 0 resource from src\main\resources to target\classes
2026-06-03 17:27:05,446 [Worker-14: Building] INFO  o.a.m.s.f.DefaultMavenResourcesFiltering - skip non existing resourceDirectory C:\Tejas Kasare Sir\T224\spring\_6_Mapping_Specification\src\test\resources
2026-06-03 17:27:18,129 [Worker-12: Building] INFO  o.a.m.s.f.DefaultMavenResourcesFiltering - Copying 1 resource from src\main\resources to target\classes
2026-06-03 17:27:18,135 [Worker-12: Building] INFO  o.a.m.s.f.DefaultMavenResourcesFiltering - Copying 0 resource from src\main\resources to target\classes
2026-06-03 17:27:18,147 [Worker-12: Building] INFO  o.a.m.s.f.DefaultMavenResourcesFiltering - skip non existing resourceDirectory C:\Tejas Kasare Sir\T224\spring\_6_Mapping_Specification\src\test\resources
2026-06-03 17:27:32,644 [Worker-14: Building] INFO  o.a.m.s.f.DefaultMavenResourcesFiltering - Copying 1 resource from src\main\resources to target\classes
2026-06-03 17:27:32,656 [Worker-14: Building] INFO  o.a.m.s.f.DefaultMavenResourcesFiltering - Copying 0 resource from src\main\resources to target\classes
2026-06-03 17:27:32,661 [Worker-14: Building] INFO  o.a.m.s.f.DefaultMavenResourcesFiltering - skip non existing resourceDirectory C:\Tejas Kasare Sir\T224\spring\_6_Mapping_Specification\src\test\resources
2026-06-03 17:27:46,742 [Worker-8: Building] INFO  o.a.m.s.f.DefaultMavenResourcesFiltering - Copying 1 resource from src\main\resources to target\classes
2026-06-03 17:27:46,760 [Worker-8: Building] INFO  o.a.m.s.f.DefaultMavenResourcesFiltering - Copying 0 resource from src\main\resources to target\classes
2026-06-03 17:27:46,765 [Worker-8: Building] INFO  o.a.m.s.f.DefaultMavenResourcesFiltering - skip non existing resourceDirectory C:\Tejas Kasare Sir\T224\spring\_6_Mapping_Specification\src\test\resources
2026-06-03 17:27:58,355 [Worker-9: Building] INFO  o.a.m.s.f.DefaultMavenResourcesFiltering - Copying 1 resource from src\main\resources to target\classes
2026-06-03 17:27:58,364 [Worker-9: Building] INFO  o.a.m.s.f.DefaultMavenResourcesFiltering - Copying 0 resource from src\main\resources to target\classes
2026-06-03 17:27:58,372 [Worker-9: Building] INFO  o.a.m.s.f.DefaultMavenResourcesFiltering - skip non existing resourceDirectory C:\Tejas Kasare Sir\T224\spring\_6_Mapping_Specification\src\test\resources
2026-06-03 17:28:13,003 [Worker-17: Building] INFO  o.a.m.s.f.DefaultMavenResourcesFiltering - Copying 1 resource from src\main\resources to target\classes
2026-06-03 17:28:13,036 [Worker-17: Building] INFO  o.a.m.s.f.DefaultMavenResourcesFiltering - Copying 0 resource from src\main\resources to target\classes
2026-06-03 17:28:13,046 [Worker-17: Building] INFO  o.a.m.s.f.DefaultMavenResourcesFiltering - skip non existing resourceDirectory C:\Tejas Kasare Sir\T224\spring\_6_Mapping_Specification\src\test\resources
2026-06-03 17:38:41,405 [Worker-20: Building] INFO  o.a.m.s.f.DefaultMavenResourcesFiltering - Copying 1 resource from src\main\resources to target\classes
2026-06-03 17:38:41,412 [Worker-20: Building] INFO  o.a.m.s.f.DefaultMavenResourcesFiltering - Copying 0 resource from src\main\resources to target\classes
2026-06-03 17:38:41,419 [Worker-20: Building] INFO  o.a.m.s.f.DefaultMavenResourcesFiltering - skip non existing resourceDirectory C:\Tejas Kasare Sir\T224\spring\_6_Mapping_Specification\src\test\resources
2026-06-03 17:49:01,544 [Worker-22: Building] INFO  o.a.m.s.f.DefaultMavenResourcesFiltering - Copying 1 resource from src\main\resources to target\classes
2026-06-03 17:49:01,562 [Worker-22: Building] INFO  o.a.m.s.f.DefaultMavenResourcesFiltering - Copying 0 resource from src\main\resources to target\classes
2026-06-03 17:49:01,570 [Worker-22: Building] INFO  o.a.m.s.f.DefaultMavenResourcesFiltering - skip non existing resourceDirectory C:\Tejas Kasare Sir\T224\spring\_6_Mapping_Specification\src\test\resources
2026-06-03 17:51:23,391 [Worker-22: Building] INFO  o.a.m.s.f.DefaultMavenResourcesFiltering - Copying 1 resource from src\main\resources to target\classes
2026-06-03 17:51:23,397 [Worker-22: Building] INFO  o.a.m.s.f.DefaultMavenResourcesFiltering - Copying 0 resource from src\main\resources to target\classes
2026-06-03 17:51:23,401 [Worker-22: Building] INFO  o.a.m.s.f.DefaultMavenResourcesFiltering - skip non existing resourceDirectory C:\Tejas Kasare Sir\T224\spring\_6_Mapping_Specification\src\test\resources
2026-06-03 17:55:06,693 [Worker-23: Building] INFO  o.a.m.s.f.DefaultMavenResourcesFiltering - Copying 1 resource from src\main\resources to target\classes
2026-06-03 17:55:06,701 [Worker-23: Building] INFO  o.a.m.s.f.DefaultMavenResourcesFiltering - Copying 0 resource from src\main\resources to target\classes
2026-06-03 17:55:06,705 [Worker-23: Building] INFO  o.a.m.s.f.DefaultMavenResourcesFiltering - skip non existing resourceDirectory C:\Tejas Kasare Sir\T224\spring\_6_Mapping_Specification\src\test\resources
2026-06-03 18:11:44,495 [Worker-29: Building] INFO  o.a.m.s.f.DefaultMavenResourcesFiltering - Copying 1 resource from src\main\resources to target\classes
2026-06-03 18:11:44,517 [Worker-29: Building] INFO  o.a.m.s.f.DefaultMavenResourcesFiltering - Copying 0 resource from src\main\resources to target\classes
2026-06-03 18:11:44,520 [Worker-29: Building] INFO  o.a.m.s.f.DefaultMavenResourcesFiltering - skip non existing resourceDirectory C:\Tejas Kasare Sir\T224\spring\_6_Mapping_Specification\src\test\resources
2026-06-03 18:44:09,133 [Worker-32: Building] INFO  o.a.m.s.f.DefaultMavenResourcesFiltering - Copying 1 resource from src\main\resources to target\classes
2026-06-03 18:44:09,141 [Worker-32: Building] INFO  o.a.m.s.f.DefaultMavenResourcesFiltering - Copying 0 resource from src\main\resources to target\classes
2026-06-03 18:44:09,145 [Worker-32: Building] INFO  o.a.m.s.f.DefaultMavenResourcesFiltering - skip non existing resourceDirectory C:\Tejas Kasare Sir\T224\spring\_6_Mapping_Specification\src\test\resources
2026-06-03 18:44:58,109 [Worker-32: Building] INFO  o.a.m.s.f.DefaultMavenResourcesFiltering - Copying 1 resource from src\main\resources to target\classes
2026-06-03 18:44:58,116 [Worker-32: Building] INFO  o.a.m.s.f.DefaultMavenResourcesFiltering - Copying 0 resource from src\main\resources to target\classes
2026-06-03 18:44:58,119 [Worker-32: Building] INFO  o.a.m.s.f.DefaultMavenResourcesFiltering - skip non existing resourceDirectory C:\Tejas Kasare Sir\T224\spring\_6_Mapping_Specification\src\test\resources
2026-06-03 18:45:33,427 [Worker-32: Building] INFO  o.a.m.s.f.DefaultMavenResourcesFiltering - Copying 1 resource from src\main\resources to target\classes
2026-06-03 18:45:33,434 [Worker-32: Building] INFO  o.a.m.s.f.DefaultMavenResourcesFiltering - Copying 0 resource from src\main\resources to target\classes
2026-06-03 18:45:33,438 [Worker-32: Building] INFO  o.a.m.s.f.DefaultMavenResourcesFiltering - skip non existing resourceDirectory C:\Tejas Kasare Sir\T224\spring\_6_Mapping_Specification\src\test\resources
2026-06-03 18:46:27,187 [Worker-35: Building] INFO  o.a.m.s.f.DefaultMavenResourcesFiltering - Copying 1 resource from src\main\resources to target\classes
2026-06-03 18:46:27,193 [Worker-35: Building] INFO  o.a.m.s.f.DefaultMavenResourcesFiltering - Copying 0 resource from src\main\resources to target\classes
2026-06-03 18:46:27,198 [Worker-35: Building] INFO  o.a.m.s.f.DefaultMavenResourcesFiltering - skip non existing resourceDirectory C:\Tejas Kasare Sir\T224\spring\_6_Mapping_Specification\src\test\resources
2026-06-03 18:56:51,856 [Worker-35: Building] INFO  o.a.m.s.f.DefaultMavenResourcesFiltering - Copying 1 resource from src\main\resources to target\classes
2026-06-03 18:56:51,864 [Worker-35: Building] INFO  o.a.m.s.f.DefaultMavenResourcesFiltering - Copying 0 resource from src\main\resources to target\classes
2026-06-03 18:56:51,868 [Worker-35: Building] INFO  o.a.m.s.f.DefaultMavenResourcesFiltering - skip non existing resourceDirectory C:\Tejas Kasare Sir\T224\spring\_6_Mapping_Specification\src\test\resources
2026-06-03 19:00:45,301 [Worker-39: Building] INFO  o.a.m.s.f.DefaultMavenResourcesFiltering - Copying 1 resource from src\main\resources to target\classes
2026-06-03 19:00:45,308 [Worker-39: Building] INFO  o.a.m.s.f.DefaultMavenResourcesFiltering - Copying 0 resource from src\main\resources to target\classes
2026-06-03 19:00:45,311 [Worker-39: Building] INFO  o.a.m.s.f.DefaultMavenResourcesFiltering - skip non existing resourceDirectory C:\Tejas Kasare Sir\T224\spring\_6_Mapping_Specification\src\test\resources
2026-06-04 17:13:35,027 [Worker-1: Loading available Gradle versions] INFO  o.e.b.c.i.u.g.PublishedGradleVersions - Gradle version information cache is out-of-date. Trying to update.
2026-06-04 17:27:26,566 [Worker-12: Building] INFO  o.a.m.s.f.DefaultMavenResourcesFiltering - Copying 1 resource from src\main\resources to target\classes
2026-06-04 17:27:26,609 [Worker-12: Building] INFO  o.a.m.s.f.DefaultMavenResourcesFiltering - Copying 0 resource from src\main\resources to target\classes
2026-06-04 17:27:26,618 [Worker-12: Building] INFO  o.a.m.s.f.DefaultMavenResourcesFiltering - skip non existing resourceDirectory C:\Tejas Kasare Sir\T224\spring\_6_Mapping_Specification\src\test\resources
2026-06-04 17:28:46,475 [Worker-7: Building] INFO  o.a.m.s.f.DefaultMavenResourcesFiltering - Copying 1 resource from src\main\resources to target\classes
2026-06-04 17:28:46,482 [Worker-7: Building] INFO  o.a.m.s.f.DefaultMavenResourcesFiltering - Copying 0 resource from src\main\resources to target\classes
2026-06-04 17:28:46,487 [Worker-7: Building] INFO  o.a.m.s.f.DefaultMavenResourcesFiltering - skip non existing resourceDirectory C:\Tejas Kasare Sir\T224\spring\_6_Mapping_Specification\src\test\resources
2026-06-04 18:16:03,193 [Worker-14: Building] INFO  o.a.m.s.f.DefaultMavenResourcesFiltering - Copying 1 resource from src\main\resources to target\classes
2026-06-04 18:16:03,200 [Worker-14: Building] INFO  o.a.m.s.f.DefaultMavenResourcesFiltering - Copying 0 resource from src\main\resources to target\classes
2026-06-04 18:16:03,208 [Worker-14: Building] INFO  o.a.m.s.f.DefaultMavenResourcesFiltering - skip non existing resourceDirectory C:\Tejas Kasare Sir\T224\spring\_6_Mapping_Specification\src\test\resources
2026-06-04 18:29:12,365 [Worker-29: Building] INFO  o.a.m.s.f.DefaultMavenResourcesFiltering - Copying 1 resource from src\main\resources to target\classes
2026-06-04 18:29:12,411 [Worker-29: Building] INFO  o.a.m.s.f.DefaultMavenResourcesFiltering - Copying 0 resource from src\main\resources to target\classes
2026-06-04 18:29:12,417 [Worker-29: Building] INFO  o.a.m.s.f.DefaultMavenResourcesFiltering - skip non existing resourceDirectory C:\Tejas Kasare Sir\T224\spring\_6_Mapping_Specification\src\test\resources
2026-06-04 18:33:04,217 [Worker-31: Building] INFO  o.a.m.s.f.DefaultMavenResourcesFiltering - Copying 1 resource from src\main\resources to target\classes
2026-06-04 18:33:04,274 [Worker-31: Building] INFO  o.a.m.s.f.DefaultMavenResourcesFiltering - Copying 0 resource from src\main\resources to target\classes
2026-06-04 18:33:04,299 [Worker-31: Building] INFO  o.a.m.s.f.DefaultMavenResourcesFiltering - skip non existing resourceDirectory C:\Tejas Kasare Sir\T224\spring\_6_Mapping_Specification\src\test\resources
2026-06-04 18:35:41,923 [Worker-31: Building] INFO  o.a.m.s.f.DefaultMavenResourcesFiltering - Copying 1 resource from src\main\resources to target\classes
2026-06-04 18:35:42,012 [Worker-31: Building] INFO  o.a.m.s.f.DefaultMavenResourcesFiltering - Copying 0 resource from src\main\resources to target\classes
2026-06-04 18:35:42,018 [Worker-31: Building] INFO  o.a.m.s.f.DefaultMavenResourcesFiltering - skip non existing resourceDirectory C:\Tejas Kasare Sir\T224\spring\_6_Mapping_Specification\src\test\resources
2026-06-04 18:38:55,193 [Worker-37: Building] INFO  o.a.m.s.f.DefaultMavenResourcesFiltering - Copying 1 resource from src\main\resources to target\classes
2026-06-04 18:38:55,209 [Worker-37: Building] INFO  o.a.m.s.f.DefaultMavenResourcesFiltering - Copying 0 resource from src\main\resources to target\classes
2026-06-04 18:38:55,215 [Worker-37: Building] INFO  o.a.m.s.f.DefaultMavenResourcesFiltering - skip non existing resourceDirectory C:\Tejas Kasare Sir\T224\spring\_6_Mapping_Specification\src\test\resources
2026-06-04 18:39:01,472 [Worker-37: Building] INFO  o.a.m.s.f.DefaultMavenResourcesFiltering - Copying 1 resource from src\main\resources to target\classes
2026-06-04 18:39:01,479 [Worker-37: Building] INFO  o.a.m.s.f.DefaultMavenResourcesFiltering - Copying 0 resource from src\main\resources to target\classes
2026-06-04 18:39:01,485 [Worker-37: Building] INFO  o.a.m.s.f.DefaultMavenResourcesFiltering - skip non existing resourceDirectory C:\Tejas Kasare Sir\T224\spring\_6_Mapping_Specification\src\test\resources
2026-06-04 20:26:53,210 [Worker-2: Loading available Gradle versions] INFO  o.e.b.c.i.u.g.PublishedGradleVersions - Gradle version information cache is up-to-date. Trying to read.
2026-06-05 17:17:56,384 [Worker-1: Loading available Gradle versions] INFO  o.e.b.c.i.u.g.PublishedGradleVersions - Gradle version information cache is out-of-date. Trying to update.
2026-06-05 17:56:55,297 [Worker-14: Launching _6_Mapping_Specification - Application] INFO  o.a.m.s.f.DefaultMavenResourcesFiltering - Copying 1 resource from src\main\resources to target\classes
2026-06-05 17:56:55,348 [Worker-14: Launching _6_Mapping_Specification - Application] INFO  o.a.m.s.f.DefaultMavenResourcesFiltering - Copying 0 resource from src\main\resources to target\classes
2026-06-05 17:56:55,358 [Worker-14: Launching _6_Mapping_Specification - Application] INFO  o.a.m.s.f.DefaultMavenResourcesFiltering - skip non existing resourceDirectory C:\Tejas Kasare Sir\T224\spring\_6_Mapping_Specification\src\test\resources
2026-06-05 17:57:02,197 [Worker-13: Building] INFO  o.a.m.s.f.DefaultMavenResourcesFiltering - Copying 1 resource from src\main\resources to target\classes
2026-06-05 17:57:02,283 [Worker-13: Building] INFO  o.a.m.s.f.DefaultMavenResourcesFiltering - Copying 0 resource from src\main\resources to target\classes
2026-06-05 17:57:02,297 [Worker-13: Building] INFO  o.a.m.s.f.DefaultMavenResourcesFiltering - skip non existing resourceDirectory C:\Tejas Kasare Sir\T224\spring\_1_firstAPI\src\test\resources
2026-06-05 17:57:06,857 [Worker-13: Building] INFO  o.a.m.s.f.DefaultMavenResourcesFiltering - Copying 1 resource from src\main\resources to target\classes
2026-06-05 17:57:06,941 [Worker-13: Building] INFO  o.a.m.s.f.DefaultMavenResourcesFiltering - Copying 0 resource from src\main\resources to target\classes
2026-06-05 17:57:06,960 [Worker-13: Building] INFO  o.a.m.s.f.DefaultMavenResourcesFiltering - skip non existing resourceDirectory C:\Tejas Kasare Sir\T224\spring\_2_Annotations\src\test\resources
2026-06-05 17:57:10,107 [Worker-13: Building] INFO  o.a.m.s.f.DefaultMavenResourcesFiltering - Copying 1 resource from src\main\resources to target\classes
2026-06-05 17:57:10,155 [Worker-13: Building] INFO  o.a.m.s.f.DefaultMavenResourcesFiltering - Copying 0 resource from src\main\resources to target\classes
2026-06-05 17:57:10,161 [Worker-13: Building] INFO  o.a.m.s.f.DefaultMavenResourcesFiltering - skip non existing resourceDirectory C:\Tejas Kasare Sir\T224\spring\_3_Service_Controller_Basics\src\test\resources
2026-06-05 17:57:14,834 [Worker-13: Building] INFO  o.a.m.s.f.DefaultMavenResourcesFiltering - Copying 1 resource from src\main\resources to target\classes
2026-06-05 17:57:14,963 [Worker-13: Building] INFO  o.a.m.s.f.DefaultMavenResourcesFiltering - Copying 0 resource from src\main\resources to target\classes
2026-06-05 17:57:14,974 [Worker-13: Building] INFO  o.a.m.s.f.DefaultMavenResourcesFiltering - skip non existing resourceDirectory C:\Tejas Kasare Sir\T224\spring\_4_Mysql_JPA_Crud\src\test\resources
2026-06-05 17:57:19,255 [Worker-13: Building] INFO  o.a.m.s.f.DefaultMavenResourcesFiltering - Copying 1 resource from src\main\resources to target\classes
2026-06-05 17:57:19,351 [Worker-13: Building] INFO  o.a.m.s.f.DefaultMavenResourcesFiltering - Copying 0 resource from src\main\resources to target\classes
2026-06-05 17:57:19,359 [Worker-13: Building] INFO  o.a.m.s.f.DefaultMavenResourcesFiltering - skip non existing resourceDirectory C:\Tejas Kasare Sir\T224\spring\_5_Lombok_Auditing_JPAMethods_Validation_CustomResponse\src\test\resources
2026-06-05 18:01:43,160 [Worker-13: Building] INFO  o.a.m.s.f.DefaultMavenResourcesFiltering - Copying 1 resource from src\main\resources to target\classes
2026-06-05 18:01:43,170 [Worker-13: Building] INFO  o.a.m.s.f.DefaultMavenResourcesFiltering - Copying 0 resource from src\main\resources to target\classes
2026-06-05 18:01:43,175 [Worker-13: Building] INFO  o.a.m.s.f.DefaultMavenResourcesFiltering - skip non existing resourceDirectory C:\Tejas Kasare Sir\T224\spring\_6_Mapping_Specification\src\test\resources
2026-06-05 18:26:01,968 [Worker-23: Building] INFO  o.a.m.s.f.DefaultMavenResourcesFiltering - Copying 1 resource from src\main\resources to target\classes
2026-06-05 18:26:02,014 [Worker-23: Building] INFO  o.a.m.s.f.DefaultMavenResourcesFiltering - Copying 0 resource from src\main\resources to target\classes
2026-06-05 18:26:02,023 [Worker-23: Building] INFO  o.a.m.s.f.DefaultMavenResourcesFiltering - skip non existing resourceDirectory C:\Tejas Kasare Sir\T224\spring\_6_Mapping_Specification\src\test\resources
2026-06-05 18:44:33,917 [Worker-18: Building] INFO  o.a.m.s.f.DefaultMavenResourcesFiltering - Copying 1 resource from src\main\resources to target\classes
2026-06-05 18:44:33,926 [Worker-18: Building] INFO  o.a.m.s.f.DefaultMavenResourcesFiltering - Copying 0 resource from src\main\resources to target\classes
2026-06-05 18:44:33,934 [Worker-18: Building] INFO  o.a.m.s.f.DefaultMavenResourcesFiltering - skip non existing resourceDirectory C:\Tejas Kasare Sir\T224\spring\_6_Mapping_Specification\src\test\resources
2026-06-05 18:45:43,135 [Worker-22: Building] INFO  o.a.m.s.f.DefaultMavenResourcesFiltering - Copying 1 resource from src\main\resources to target\classes
2026-06-05 18:45:43,164 [Worker-22: Building] INFO  o.a.m.s.f.DefaultMavenResourcesFiltering - Copying 0 resource from src\main\resources to target\classes
2026-06-05 18:45:43,169 [Worker-22: Building] INFO  o.a.m.s.f.DefaultMavenResourcesFiltering - skip non existing resourceDirectory C:\Tejas Kasare Sir\T224\spring\_6_Mapping_Specification\src\test\resources
2026-06-05 18:47:09,423 [Worker-18: Building] INFO  o.a.m.s.f.DefaultMavenResourcesFiltering - Copying 1 resource from src\main\resources to target\classes
2026-06-05 18:47:09,429 [Worker-18: Building] INFO  o.a.m.s.f.DefaultMavenResourcesFiltering - Copying 0 resource from src\main\resources to target\classes
2026-06-05 18:47:09,434 [Worker-18: Building] INFO  o.a.m.s.f.DefaultMavenResourcesFiltering - skip non existing resourceDirectory C:\Tejas Kasare Sir\T224\spring\_6_Mapping_Specification\src\test\resources
2026-06-05 18:49:06,664 [Worker-26: Building] INFO  o.a.m.s.f.DefaultMavenResourcesFiltering - Copying 1 resource from src\main\resources to target\classes
2026-06-05 18:49:06,672 [Worker-26: Building] INFO  o.a.m.s.f.DefaultMavenResourcesFiltering - Copying 0 resource from src\main\resources to target\classes
2026-06-05 18:49:06,677 [Worker-26: Building] INFO  o.a.m.s.f.DefaultMavenResourcesFiltering - skip non existing resourceDirectory C:\Tejas Kasare Sir\T224\spring\_6_Mapping_Specification\src\test\resources
2026-06-05 18:57:35,628 [Worker-27: Building] INFO  o.a.m.s.f.DefaultMavenResourcesFiltering - Copying 1 resource from src\main\resources to target\classes
2026-06-05 18:57:35,635 [Worker-27: Building] INFO  o.a.m.s.f.DefaultMavenResourcesFiltering - Copying 0 resource from src\main\resources to target\classes
2026-06-05 18:57:35,641 [Worker-27: Building] INFO  o.a.m.s.f.DefaultMavenResourcesFiltering - skip non existing resourceDirectory C:\Tejas Kasare Sir\T224\spring\_6_Mapping_Specification\src\test\resources
2026-06-05 18:59:42,746 [Worker-29: Building] INFO  o.a.m.s.f.DefaultMavenResourcesFiltering - Copying 1 resource from src\main\resources to target\classes
2026-06-05 18:59:42,751 [Worker-29: Building] INFO  o.a.m.s.f.DefaultMavenResourcesFiltering - Copying 0 resource from src\main\resources to target\classes
2026-06-05 18:59:42,755 [Worker-29: Building] INFO  o.a.m.s.f.DefaultMavenResourcesFiltering - skip non existing resourceDirectory C:\Tejas Kasare Sir\T224\spring\_6_Mapping_Specification\src\test\resources
2026-06-09 17:40:42,974 [Worker-4: Loading available Gradle versions] INFO  o.e.b.c.i.u.g.PublishedGradleVersions - Gradle version information cache is up-to-date. Trying to read.
2026-06-09 18:06:19,956 [Worker-3: Loading available Gradle versions] INFO  o.e.b.c.i.u.g.PublishedGradleVersions - Gradle version information cache is up-to-date. Trying to read.
2026-06-09 18:06:57,740 [Worker-3: Building] INFO  o.a.m.s.f.DefaultMavenResourcesFiltering - Copying 1 resource from src\main\resources to target\classes
2026-06-09 18:06:57,800 [Worker-3: Building] INFO  o.a.m.s.f.DefaultMavenResourcesFiltering - Copying 0 resource from src\main\resources to target\classes
2026-06-09 18:06:57,809 [Worker-3: Building] INFO  o.a.m.s.f.DefaultMavenResourcesFiltering - skip non existing resourceDirectory C:\Tejas Kasare Sir\T224\spring\_6_Mapping_Specification\src\test\resources
2026-06-09 18:10:29,370 [Worker-9: Import Getting Started Content] INFO  o.e.m.c.i.l.LifecycleMappingFactory - Using org.eclipse.m2e.jdt.JarLifecycleMapping lifecycle mapping for MavenProject: com.tejas:Easy-Mart:1.0.0 @ C:\Tejas Kasare Sir\T224\spring\Easy-Mart\pom.xml.
2026-06-09 18:10:32,163 [Worker-9: Import Getting Started Content] INFO  o.e.m.j.i.AbstractJavaProjectConfigurator - Adding source folder /Easy-Mart/src/main/java
2026-06-09 18:10:32,165 [Worker-9: Import Getting Started Content] INFO  o.e.m.j.i.AbstractJavaProjectConfigurator - Adding resource folder /Easy-Mart/src/main/resources
2026-06-09 18:10:32,194 [Worker-9: Import Getting Started Content] INFO  o.e.m.j.i.AbstractJavaProjectConfigurator - Adding resource folder /Easy-Mart/src/main/resources
2026-06-09 18:10:32,236 [Worker-9: Import Getting Started Content] INFO  o.e.m.j.i.AbstractJavaProjectConfigurator - Adding source folder /Easy-Mart/src/test/java
2026-06-09 18:10:32,918 [Worker-9: Import Getting Started Content] WARN  o.e.m.c.i.embedder.EclipseLogger - The POM for org.projectlombok:lombok:jar: is missing, no dependency information available
2026-06-09 18:10:32,941 [Worker-9: Import Getting Started Content] ERROR o.e.m.a.i.u.PluginDependencyResolver - Unable to collect dependencies for plugin
org.eclipse.aether.resolution.DependencyResolutionException: org.projectlombok:lombok:jar: was not found in https://repo.maven.apache.org/maven2 during a previous attempt. This failure was cached in the local repository and resolution is not reattempted until the update interval of central has elapsed or updates are forced
	at org.eclipse.aether.internal.impl.DefaultRepositorySystem.resolveDependencies(DefaultRepositorySystem.java:357)
	at org.eclipse.m2e.apt.internal.utils.PluginDependencyResolver.getResolvedPluginDependencies(PluginDependencyResolver.java:106)
	at org.eclipse.m2e.apt.internal.compiler.MavenCompilerJdtAptDelegate.getAnnotationProcessorConfiguration(MavenCompilerJdtAptDelegate.java:172)
	at org.eclipse.m2e.apt.internal.AbstractAptConfiguratorDelegate.configureClasspath(AbstractAptConfiguratorDelegate.java:242)
	at org.eclipse.m2e.apt.internal.AbstractAptProjectConfigurator.lambda$1(AbstractAptProjectConfigurator.java:156)
	at org.eclipse.m2e.core.internal.embedder.MavenExecutionContext.executeBare(MavenExecutionContext.java:394)
	at org.eclipse.m2e.core.internal.embedder.MavenExecutionContext.execute(MavenExecutionContext.java:275)
	at org.eclipse.m2e.core.internal.embedder.MavenExecutionContext.execute(MavenExecutionContext.java:214)
	at org.eclipse.m2e.apt.internal.AbstractAptProjectConfigurator.configureRawClasspath(AbstractAptProjectConfigurator.java:150)
	at org.eclipse.m2e.jdt.internal.AbstractJavaProjectConfigurator.invokeJavaProjectConfigurators(AbstractJavaProjectConfigurator.java:213)
	at org.eclipse.m2e.jdt.internal.AbstractJavaProjectConfigurator.configure(AbstractJavaProjectConfigurator.java:172)
	at org.eclipse.m2e.core.project.configurator.AbstractLifecycleMapping.configure(AbstractLifecycleMapping.java:123)
	at org.eclipse.m2e.core.internal.project.ProjectConfigurationManager.lambda$6(ProjectConfigurationManager.java:504)
	at org.eclipse.m2e.core.internal.embedder.MavenExecutionContext.executeBare(MavenExecutionContext.java:394)
	at org.eclipse.m2e.core.internal.embedder.MavenExecutionContext.execute(MavenExecutionContext.java:275)
	at org.eclipse.m2e.core.internal.project.ProjectConfigurationManager.updateProjectConfiguration(ProjectConfigurationManager.java:498)
	at org.eclipse.m2e.core.internal.project.ProjectConfigurationManager.configureNewMavenProjects(ProjectConfigurationManager.java:279)
	at org.eclipse.m2e.core.internal.project.ProjectConfigurationManager.lambda$1(ProjectConfigurationManager.java:166)
	at org.eclipse.m2e.core.internal.embedder.MavenExecutionContext.executeBare(MavenExecutionContext.java:394)
	at org.eclipse.m2e.core.internal.embedder.MavenExecutionContext.execute(MavenExecutionContext.java:275)
	at org.eclipse.m2e.core.internal.embedder.MavenExecutionContext.execute(MavenExecutionContext.java:214)
	at org.eclipse.m2e.core.internal.project.ProjectConfigurationManager.importProjects(ProjectConfigurationManager.java:139)
	at org.eclipse.m2e.core.internal.project.ProjectConfigurationManager.importProjects(ProjectConfigurationManager.java:130)
	at org.springframework.ide.eclipse.boot.wizard.importing.MavenStrategy.createEclipseProjectFromExistingMavenProject(MavenStrategy.java:134)
	at org.springframework.ide.eclipse.boot.wizard.importing.MavenStrategy$MavenCodeSetImport.run(MavenStrategy.java:85)
	at org.springframework.ide.eclipse.boot.wizard.NewSpringBootWizardModel.importProject(NewSpringBootWizardModel.java:343)
	at org.springframework.ide.eclipse.boot.wizard.NewSpringBootWizardModel.performFinish(NewSpringBootWizardModel.java:322)
	at org.springframework.ide.eclipse.boot.wizard.NewSpringBootWizard$1.runInWorkspace(NewSpringBootWizard.java:239)
	at org.eclipse.core.internal.resources.InternalWorkspaceJob.run(InternalWorkspaceJob.java:43)
	at org.eclipse.core.internal.jobs.Worker.run(Worker.java:63)
Caused by: org.eclipse.aether.resolution.ArtifactResolutionException: org.projectlombok:lombok:jar: was not found in https://repo.maven.apache.org/maven2 during a previous attempt. This failure was cached in the local repository and resolution is not reattempted until the update interval of central has elapsed or updates are forced
	at org.eclipse.aether.internal.impl.DefaultArtifactResolver.resolve(DefaultArtifactResolver.java:425)
	at org.eclipse.aether.internal.impl.DefaultArtifactResolver.resolveArtifacts(DefaultArtifactResolver.java:229)
	at org.eclipse.aether.internal.impl.DefaultRepositorySystem.resolveDependencies(DefaultRepositorySystem.java:340)
	... 29 common frames omitted
Caused by: org.eclipse.aether.transfer.ArtifactNotFoundException: org.projectlombok:lombok:jar: was not found in https://repo.maven.apache.org/maven2 during a previous attempt. This failure was cached in the local repository and resolution is not reattempted until the update interval of central has elapsed or updates are forced
	at org.eclipse.aether.internal.impl.DefaultUpdateCheckManager.newException(DefaultUpdateCheckManager.java:217)
	at org.eclipse.aether.internal.impl.DefaultUpdateCheckManager.checkArtifact(DefaultUpdateCheckManager.java:189)
	at org.eclipse.aether.internal.impl.DefaultArtifactResolver.gatherDownloads(DefaultArtifactResolver.java:574)
	at org.eclipse.aether.internal.impl.DefaultArtifactResolver.performDownloads(DefaultArtifactResolver.java:484)
	at org.eclipse.aether.internal.impl.DefaultArtifactResolver.resolve(DefaultArtifactResolver.java:402)
	... 31 common frames omitted
2026-06-09 18:10:35,288 [Worker-11: Building] INFO  o.a.m.s.f.DefaultMavenResourcesFiltering - Copying 1 resource from src\main\resources to target\classes
2026-06-09 18:10:35,321 [Worker-11: Building] INFO  o.a.m.s.f.DefaultMavenResourcesFiltering - Copying 0 resource from src\main\resources to target\classes
2026-06-09 18:10:35,329 [Worker-11: Building] INFO  o.a.m.s.f.DefaultMavenResourcesFiltering - skip non existing resourceDirectory C:\Tejas Kasare Sir\T224\spring\Easy-Mart\src\test\resources
2026-06-09 18:12:02,902 [Worker-9: Building] INFO  o.e.m.c.i.l.LifecycleMappingFactory - Using org.eclipse.m2e.jdt.JarLifecycleMapping lifecycle mapping for MavenProject: com.tejas:Easy-Mart:1.0.0 @ C:\Tejas Kasare Sir\T224\spring\Easy-Mart\pom.xml.
2026-06-09 18:12:04,300 [Worker-9: Building] INFO  o.a.m.s.f.DefaultMavenResourcesFiltering - Copying 0 resource from src\main\resources to target\classes
2026-06-09 18:12:04,301 [Worker-9: Building] INFO  o.a.m.s.f.DefaultMavenResourcesFiltering - Copying 0 resource from src\main\resources to target\classes
2026-06-09 18:12:04,317 [Worker-9: Building] INFO  o.a.m.s.f.DefaultMavenResourcesFiltering - skip non existing resourceDirectory C:\Tejas Kasare Sir\T224\spring\Easy-Mart\src\test\resources
2026-06-09 18:12:04,389 [Worker-12: Updating Maven Project] INFO  o.e.m.c.i.p.ProjectConfigurationManager - Update started
2026-06-09 18:12:04,975 [Worker-12: Updating Maven Project] INFO  o.e.m.c.i.l.LifecycleMappingFactory - Using org.eclipse.m2e.jdt.JarLifecycleMapping lifecycle mapping for MavenProject: com.tejas:Easy-Mart:1.0.0 @ C:\Tejas Kasare Sir\T224\spring\Easy-Mart\pom.xml.
2026-06-09 18:12:06,012 [Worker-12: Updating Maven Project] INFO  o.e.m.j.i.AbstractJavaProjectConfigurator - Adding source folder /Easy-Mart/src/main/java
2026-06-09 18:12:06,013 [Worker-12: Updating Maven Project] INFO  o.e.m.j.i.AbstractJavaProjectConfigurator - Adding resource folder /Easy-Mart/src/main/resources
2026-06-09 18:12:06,014 [Worker-12: Updating Maven Project] INFO  o.e.m.j.i.AbstractJavaProjectConfigurator - Adding resource folder /Easy-Mart/src/main/resources
2026-06-09 18:12:06,014 [Worker-12: Updating Maven Project] INFO  o.e.m.j.i.AbstractJavaProjectConfigurator - Adding source folder /Easy-Mart/src/test/java
2026-06-09 18:12:06,053 [Worker-12: Updating Maven Project] WARN  o.e.m.c.i.embedder.EclipseLogger - The POM for org.projectlombok:lombok:jar: is missing, no dependency information available
2026-06-09 18:12:06,055 [Worker-12: Updating Maven Project] ERROR o.e.m.a.i.u.PluginDependencyResolver - Unable to collect dependencies for plugin
org.eclipse.aether.resolution.DependencyResolutionException: org.projectlombok:lombok:jar: was not found in https://repo.maven.apache.org/maven2 during a previous attempt. This failure was cached in the local repository and resolution is not reattempted until the update interval of central has elapsed or updates are forced
	at org.eclipse.aether.internal.impl.DefaultRepositorySystem.resolveDependencies(DefaultRepositorySystem.java:357)
	at org.eclipse.m2e.apt.internal.utils.PluginDependencyResolver.getResolvedPluginDependencies(PluginDependencyResolver.java:106)
	at org.eclipse.m2e.apt.internal.compiler.MavenCompilerJdtAptDelegate.getAnnotationProcessorConfiguration(MavenCompilerJdtAptDelegate.java:172)
	at org.eclipse.m2e.apt.internal.AbstractAptConfiguratorDelegate.configureClasspath(AbstractAptConfiguratorDelegate.java:242)
	at org.eclipse.m2e.apt.internal.AbstractAptProjectConfigurator.lambda$1(AbstractAptProjectConfigurator.java:156)
	at org.eclipse.m2e.core.internal.embedder.MavenExecutionContext.executeBare(MavenExecutionContext.java:394)
	at org.eclipse.m2e.core.internal.embedder.MavenExecutionContext.execute(MavenExecutionContext.java:275)
	at org.eclipse.m2e.core.internal.embedder.MavenExecutionContext.execute(MavenExecutionContext.java:214)
	at org.eclipse.m2e.apt.internal.AbstractAptProjectConfigurator.configureRawClasspath(AbstractAptProjectConfigurator.java:150)
	at org.eclipse.m2e.jdt.internal.AbstractJavaProjectConfigurator.invokeJavaProjectConfigurators(AbstractJavaProjectConfigurator.java:213)
	at org.eclipse.m2e.jdt.internal.AbstractJavaProjectConfigurator.configure(AbstractJavaProjectConfigurator.java:172)
	at org.eclipse.m2e.core.project.configurator.AbstractLifecycleMapping.configure(AbstractLifecycleMapping.java:123)
	at org.eclipse.m2e.core.internal.project.ProjectConfigurationManager.lambda$6(ProjectConfigurationManager.java:504)
	at org.eclipse.m2e.core.internal.embedder.MavenExecutionContext.executeBare(MavenExecutionContext.java:394)
	at org.eclipse.m2e.core.internal.embedder.MavenExecutionContext.execute(MavenExecutionContext.java:275)
	at org.eclipse.m2e.core.internal.project.ProjectConfigurationManager.updateProjectConfiguration(ProjectConfigurationManager.java:498)
	at org.eclipse.m2e.core.internal.project.ProjectConfigurationManager.lambda$4(ProjectConfigurationManager.java:426)
	at java.base/java.util.Collection.removeIf(Collection.java:576)
	at org.eclipse.m2e.core.internal.project.ProjectConfigurationManager.updateProjectConfiguration0(ProjectConfigurationManager.java:414)
	at org.eclipse.m2e.core.internal.project.ProjectConfigurationManager.lambda$3(ProjectConfigurationManager.java:340)
	at org.eclipse.m2e.core.internal.embedder.MavenExecutionContext.executeBare(MavenExecutionContext.java:394)
	at org.eclipse.m2e.core.internal.embedder.MavenExecutionContext.execute(MavenExecutionContext.java:275)
	at org.eclipse.m2e.core.internal.embedder.MavenExecutionContext.execute(MavenExecutionContext.java:214)
	at org.eclipse.m2e.core.internal.embedder.MavenImpl.execute(MavenImpl.java:1097)
	at org.eclipse.m2e.core.internal.project.ProjectConfigurationManager.updateProjectConfiguration(ProjectConfigurationManager.java:339)
	at org.eclipse.m2e.core.ui.internal.UpdateMavenProjectJob.runInWorkspace(UpdateMavenProjectJob.java:80)
	at org.eclipse.core.internal.resources.InternalWorkspaceJob.run(InternalWorkspaceJob.java:43)
	at org.eclipse.core.internal.jobs.Worker.run(Worker.java:63)
Caused by: org.eclipse.aether.resolution.ArtifactResolutionException: org.projectlombok:lombok:jar: was not found in https://repo.maven.apache.org/maven2 during a previous attempt. This failure was cached in the local repository and resolution is not reattempted until the update interval of central has elapsed or updates are forced
	at org.eclipse.aether.internal.impl.DefaultArtifactResolver.resolve(DefaultArtifactResolver.java:425)
	at org.eclipse.aether.internal.impl.DefaultArtifactResolver.resolveArtifacts(DefaultArtifactResolver.java:229)
	at org.eclipse.aether.internal.impl.DefaultRepositorySystem.resolveDependencies(DefaultRepositorySystem.java:340)
	... 27 common frames omitted
Caused by: org.eclipse.aether.transfer.ArtifactNotFoundException: org.projectlombok:lombok:jar: was not found in https://repo.maven.apache.org/maven2 during a previous attempt. This failure was cached in the local repository and resolution is not reattempted until the update interval of central has elapsed or updates are forced
	at org.eclipse.aether.internal.impl.DefaultUpdateCheckManager.newException(DefaultUpdateCheckManager.java:217)
	at org.eclipse.aether.internal.impl.DefaultUpdateCheckManager.checkArtifact(DefaultUpdateCheckManager.java:189)
	at org.eclipse.aether.internal.impl.DefaultArtifactResolver.gatherDownloads(DefaultArtifactResolver.java:574)
	at org.eclipse.aether.internal.impl.DefaultArtifactResolver.performDownloads(DefaultArtifactResolver.java:484)
	at org.eclipse.aether.internal.impl.DefaultArtifactResolver.resolve(DefaultArtifactResolver.java:402)
	... 29 common frames omitted
2026-06-09 18:12:06,060 [Worker-12: Updating Maven Project] INFO  o.e.m.c.i.p.ProjectConfigurationManager - Update completed for 1 poms: local refresh takes 0.00 sec, refresh facades takes 1.00 sec, update config takes 0.00 sec 
2026-06-09 18:12:06,103 [Worker-13: Updating Maven Project] INFO  o.e.m.c.i.p.ProjectConfigurationManager - Update started
2026-06-09 18:12:06,776 [Worker-13: Updating Maven Project] INFO  o.e.m.c.i.l.LifecycleMappingFactory - Using org.eclipse.m2e.jdt.JarLifecycleMapping lifecycle mapping for MavenProject: com.tejas:Easy-Mart:1.0.0 @ C:\Tejas Kasare Sir\T224\spring\Easy-Mart\pom.xml.
2026-06-09 18:12:07,698 [Worker-13: Updating Maven Project] INFO  o.e.m.j.i.AbstractJavaProjectConfigurator - Adding source folder /Easy-Mart/src/main/java
2026-06-09 18:12:07,700 [Worker-13: Updating Maven Project] INFO  o.e.m.j.i.AbstractJavaProjectConfigurator - Adding resource folder /Easy-Mart/src/main/resources
2026-06-09 18:12:07,700 [Worker-13: Updating Maven Project] INFO  o.e.m.j.i.AbstractJavaProjectConfigurator - Adding resource folder /Easy-Mart/src/main/resources
2026-06-09 18:12:07,701 [Worker-13: Updating Maven Project] INFO  o.e.m.j.i.AbstractJavaProjectConfigurator - Adding source folder /Easy-Mart/src/test/java
2026-06-09 18:12:07,730 [Worker-13: Updating Maven Project] WARN  o.e.m.c.i.embedder.EclipseLogger - The POM for org.projectlombok:lombok:jar: is missing, no dependency information available
2026-06-09 18:12:07,733 [Worker-13: Updating Maven Project] ERROR o.e.m.a.i.u.PluginDependencyResolver - Unable to collect dependencies for plugin
org.eclipse.aether.resolution.DependencyResolutionException: org.projectlombok:lombok:jar: was not found in https://repo.maven.apache.org/maven2 during a previous attempt. This failure was cached in the local repository and resolution is not reattempted until the update interval of central has elapsed or updates are forced
	at org.eclipse.aether.internal.impl.DefaultRepositorySystem.resolveDependencies(DefaultRepositorySystem.java:357)
	at org.eclipse.m2e.apt.internal.utils.PluginDependencyResolver.getResolvedPluginDependencies(PluginDependencyResolver.java:106)
	at org.eclipse.m2e.apt.internal.compiler.MavenCompilerJdtAptDelegate.getAnnotationProcessorConfiguration(MavenCompilerJdtAptDelegate.java:172)
	at org.eclipse.m2e.apt.internal.AbstractAptConfiguratorDelegate.configureClasspath(AbstractAptConfiguratorDelegate.java:242)
	at org.eclipse.m2e.apt.internal.AbstractAptProjectConfigurator.lambda$1(AbstractAptProjectConfigurator.java:156)
	at org.eclipse.m2e.core.internal.embedder.MavenExecutionContext.executeBare(MavenExecutionContext.java:394)
	at org.eclipse.m2e.core.internal.embedder.MavenExecutionContext.execute(MavenExecutionContext.java:275)
	at org.eclipse.m2e.core.internal.embedder.MavenExecutionContext.execute(MavenExecutionContext.java:214)
	at org.eclipse.m2e.apt.internal.AbstractAptProjectConfigurator.configureRawClasspath(AbstractAptProjectConfigurator.java:150)
	at org.eclipse.m2e.jdt.internal.AbstractJavaProjectConfigurator.invokeJavaProjectConfigurators(AbstractJavaProjectConfigurator.java:213)
	at org.eclipse.m2e.jdt.internal.AbstractJavaProjectConfigurator.configure(AbstractJavaProjectConfigurator.java:172)
	at org.eclipse.m2e.core.project.configurator.AbstractLifecycleMapping.configure(AbstractLifecycleMapping.java:123)
	at org.eclipse.m2e.core.internal.project.ProjectConfigurationManager.lambda$6(ProjectConfigurationManager.java:504)
	at org.eclipse.m2e.core.internal.embedder.MavenExecutionContext.executeBare(MavenExecutionContext.java:394)
	at org.eclipse.m2e.core.internal.embedder.MavenExecutionContext.execute(MavenExecutionContext.java:275)
	at org.eclipse.m2e.core.internal.project.ProjectConfigurationManager.updateProjectConfiguration(ProjectConfigurationManager.java:498)
	at org.eclipse.m2e.core.internal.project.ProjectConfigurationManager.lambda$4(ProjectConfigurationManager.java:426)
	at java.base/java.util.Collection.removeIf(Collection.java:576)
	at org.eclipse.m2e.core.internal.project.ProjectConfigurationManager.updateProjectConfiguration0(ProjectConfigurationManager.java:414)
	at org.eclipse.m2e.core.internal.project.ProjectConfigurationManager.lambda$3(ProjectConfigurationManager.java:340)
	at org.eclipse.m2e.core.internal.embedder.MavenExecutionContext.executeBare(MavenExecutionContext.java:394)
	at org.eclipse.m2e.core.internal.embedder.MavenExecutionContext.execute(MavenExecutionContext.java:275)
	at org.eclipse.m2e.core.internal.embedder.MavenExecutionContext.execute(MavenExecutionContext.java:214)
	at org.eclipse.m2e.core.internal.embedder.MavenImpl.execute(MavenImpl.java:1097)
	at org.eclipse.m2e.core.internal.project.ProjectConfigurationManager.updateProjectConfiguration(ProjectConfigurationManager.java:339)
	at org.eclipse.m2e.core.ui.internal.UpdateMavenProjectJob.runInWorkspace(UpdateMavenProjectJob.java:80)
	at org.eclipse.core.internal.resources.InternalWorkspaceJob.run(InternalWorkspaceJob.java:43)
	at org.eclipse.core.internal.jobs.Worker.run(Worker.java:63)
Caused by: org.eclipse.aether.resolution.ArtifactResolutionException: org.projectlombok:lombok:jar: was not found in https://repo.maven.apache.org/maven2 during a previous attempt. This failure was cached in the local repository and resolution is not reattempted until the update interval of central has elapsed or updates are forced
	at org.eclipse.aether.internal.impl.DefaultArtifactResolver.resolve(DefaultArtifactResolver.java:425)
	at org.eclipse.aether.internal.impl.DefaultArtifactResolver.resolveArtifacts(DefaultArtifactResolver.java:229)
	at org.eclipse.aether.internal.impl.DefaultRepositorySystem.resolveDependencies(DefaultRepositorySystem.java:340)
	... 27 common frames omitted
Caused by: org.eclipse.aether.transfer.ArtifactNotFoundException: org.projectlombok:lombok:jar: was not found in https://repo.maven.apache.org/maven2 during a previous attempt. This failure was cached in the local repository and resolution is not reattempted until the update interval of central has elapsed or updates are forced
	at org.eclipse.aether.internal.impl.DefaultUpdateCheckManager.newException(DefaultUpdateCheckManager.java:217)
	at org.eclipse.aether.internal.impl.DefaultUpdateCheckManager.checkArtifact(DefaultUpdateCheckManager.java:189)
	at org.eclipse.aether.internal.impl.DefaultArtifactResolver.gatherDownloads(DefaultArtifactResolver.java:574)
	at org.eclipse.aether.internal.impl.DefaultArtifactResolver.performDownloads(DefaultArtifactResolver.java:484)
	at org.eclipse.aether.internal.impl.DefaultArtifactResolver.resolve(DefaultArtifactResolver.java:402)
	... 29 common frames omitted
2026-06-09 18:12:07,736 [Worker-13: Updating Maven Project] INFO  o.e.m.c.i.p.ProjectConfigurationManager - Update completed for 1 poms: local refresh takes 0.00 sec, refresh facades takes 1.00 sec, update config takes 0.00 sec 
2026-06-09 18:12:07,772 [Worker-14: Updating Maven Project] INFO  o.e.m.c.i.p.ProjectConfigurationManager - Update started
2026-06-09 18:12:08,338 [Worker-14: Updating Maven Project] INFO  o.e.m.c.i.l.LifecycleMappingFactory - Using org.eclipse.m2e.jdt.JarLifecycleMapping lifecycle mapping for MavenProject: com.tejas:Easy-Mart:1.0.0 @ C:\Tejas Kasare Sir\T224\spring\Easy-Mart\pom.xml.
2026-06-09 18:12:09,237 [Worker-14: Updating Maven Project] INFO  o.e.m.j.i.AbstractJavaProjectConfigurator - Adding source folder /Easy-Mart/src/main/java
2026-06-09 18:12:09,238 [Worker-14: Updating Maven Project] INFO  o.e.m.j.i.AbstractJavaProjectConfigurator - Adding resource folder /Easy-Mart/src/main/resources
2026-06-09 18:12:09,238 [Worker-14: Updating Maven Project] INFO  o.e.m.j.i.AbstractJavaProjectConfigurator - Adding resource folder /Easy-Mart/src/main/resources
2026-06-09 18:12:09,239 [Worker-14: Updating Maven Project] INFO  o.e.m.j.i.AbstractJavaProjectConfigurator - Adding source folder /Easy-Mart/src/test/java
2026-06-09 18:12:09,264 [Worker-14: Updating Maven Project] WARN  o.e.m.c.i.embedder.EclipseLogger - The POM for org.projectlombok:lombok:jar: is missing, no dependency information available
2026-06-09 18:12:09,266 [Worker-14: Updating Maven Project] ERROR o.e.m.a.i.u.PluginDependencyResolver - Unable to collect dependencies for plugin
org.eclipse.aether.resolution.DependencyResolutionException: org.projectlombok:lombok:jar: was not found in https://repo.maven.apache.org/maven2 during a previous attempt. This failure was cached in the local repository and resolution is not reattempted until the update interval of central has elapsed or updates are forced
	at org.eclipse.aether.internal.impl.DefaultRepositorySystem.resolveDependencies(DefaultRepositorySystem.java:357)
	at org.eclipse.m2e.apt.internal.utils.PluginDependencyResolver.getResolvedPluginDependencies(PluginDependencyResolver.java:106)
	at org.eclipse.m2e.apt.internal.compiler.MavenCompilerJdtAptDelegate.getAnnotationProcessorConfiguration(MavenCompilerJdtAptDelegate.java:172)
	at org.eclipse.m2e.apt.internal.AbstractAptConfiguratorDelegate.configureClasspath(AbstractAptConfiguratorDelegate.java:242)
	at org.eclipse.m2e.apt.internal.AbstractAptProjectConfigurator.lambda$1(AbstractAptProjectConfigurator.java:156)
	at org.eclipse.m2e.core.internal.embedder.MavenExecutionContext.executeBare(MavenExecutionContext.java:394)
	at org.eclipse.m2e.core.internal.embedder.MavenExecutionContext.execute(MavenExecutionContext.java:275)
	at org.eclipse.m2e.core.internal.embedder.MavenExecutionContext.execute(MavenExecutionContext.java:214)
	at org.eclipse.m2e.apt.internal.AbstractAptProjectConfigurator.configureRawClasspath(AbstractAptProjectConfigurator.java:150)
	at org.eclipse.m2e.jdt.internal.AbstractJavaProjectConfigurator.invokeJavaProjectConfigurators(AbstractJavaProjectConfigurator.java:213)
	at org.eclipse.m2e.jdt.internal.AbstractJavaProjectConfigurator.configure(AbstractJavaProjectConfigurator.java:172)
	at org.eclipse.m2e.core.project.configurator.AbstractLifecycleMapping.configure(AbstractLifecycleMapping.java:123)
	at org.eclipse.m2e.core.internal.project.ProjectConfigurationManager.lambda$6(ProjectConfigurationManager.java:504)
	at org.eclipse.m2e.core.internal.embedder.MavenExecutionContext.executeBare(MavenExecutionContext.java:394)
	at org.eclipse.m2e.core.internal.embedder.MavenExecutionContext.execute(MavenExecutionContext.java:275)
	at org.eclipse.m2e.core.internal.project.ProjectConfigurationManager.updateProjectConfiguration(ProjectConfigurationManager.java:498)
	at org.eclipse.m2e.core.internal.project.ProjectConfigurationManager.lambda$4(ProjectConfigurationManager.java:426)
	at java.base/java.util.Collection.removeIf(Collection.java:576)
	at org.eclipse.m2e.core.internal.project.ProjectConfigurationManager.updateProjectConfiguration0(ProjectConfigurationManager.java:414)
	at org.eclipse.m2e.core.internal.project.ProjectConfigurationManager.lambda$3(ProjectConfigurationManager.java:340)
	at org.eclipse.m2e.core.internal.embedder.MavenExecutionContext.executeBare(MavenExecutionContext.java:394)
	at org.eclipse.m2e.core.internal.embedder.MavenExecutionContext.execute(MavenExecutionContext.java:275)
	at org.eclipse.m2e.core.internal.embedder.MavenExecutionContext.execute(MavenExecutionContext.java:214)
	at org.eclipse.m2e.core.internal.embedder.MavenImpl.execute(MavenImpl.java:1097)
	at org.eclipse.m2e.core.internal.project.ProjectConfigurationManager.updateProjectConfiguration(ProjectConfigurationManager.java:339)
	at org.eclipse.m2e.core.ui.internal.UpdateMavenProjectJob.runInWorkspace(UpdateMavenProjectJob.java:80)
	at org.eclipse.core.internal.resources.InternalWorkspaceJob.run(InternalWorkspaceJob.java:43)
	at org.eclipse.core.internal.jobs.Worker.run(Worker.java:63)
Caused by: org.eclipse.aether.resolution.ArtifactResolutionException: org.projectlombok:lombok:jar: was not found in https://repo.maven.apache.org/maven2 during a previous attempt. This failure was cached in the local repository and resolution is not reattempted until the update interval of central has elapsed or updates are forced
	at org.eclipse.aether.internal.impl.DefaultArtifactResolver.resolve(DefaultArtifactResolver.java:425)
	at org.eclipse.aether.internal.impl.DefaultArtifactResolver.resolveArtifacts(DefaultArtifactResolver.java:229)
	at org.eclipse.aether.internal.impl.DefaultRepositorySystem.resolveDependencies(DefaultRepositorySystem.java:340)
	... 27 common frames omitted
Caused by: org.eclipse.aether.transfer.ArtifactNotFoundException: org.projectlombok:lombok:jar: was not found in https://repo.maven.apache.org/maven2 during a previous attempt. This failure was cached in the local repository and resolution is not reattempted until the update interval of central has elapsed or updates are forced
	at org.eclipse.aether.internal.impl.DefaultUpdateCheckManager.newException(DefaultUpdateCheckManager.java:217)
	at org.eclipse.aether.internal.impl.DefaultUpdateCheckManager.checkArtifact(DefaultUpdateCheckManager.java:189)
	at org.eclipse.aether.internal.impl.DefaultArtifactResolver.gatherDownloads(DefaultArtifactResolver.java:574)
	at org.eclipse.aether.internal.impl.DefaultArtifactResolver.performDownloads(DefaultArtifactResolver.java:484)
	at org.eclipse.aether.internal.impl.DefaultArtifactResolver.resolve(DefaultArtifactResolver.java:402)
	... 29 common frames omitted
2026-06-09 18:12:09,269 [Worker-14: Updating Maven Project] INFO  o.e.m.c.i.p.ProjectConfigurationManager - Update completed for 1 poms: local refresh takes 0.00 sec, refresh facades takes 1.00 sec, update config takes 0.00 sec 
2026-06-09 18:12:09,786 [Worker-14: Building] INFO  o.a.m.s.f.DefaultMavenResourcesFiltering - Copying 1 resource from src\main\resources to target\classes
2026-06-09 18:12:09,812 [Worker-14: Building] INFO  o.a.m.s.f.DefaultMavenResourcesFiltering - Copying 0 resource from src\main\resources to target\classes
2026-06-09 18:12:09,817 [Worker-14: Building] INFO  o.a.m.s.f.DefaultMavenResourcesFiltering - skip non existing resourceDirectory C:\Tejas Kasare Sir\T224\spring\Easy-Mart\src\test\resources
2026-06-09 18:17:08,702 [Worker-14: Building] INFO  o.a.m.s.f.DefaultMavenResourcesFiltering - Copying 1 resource from src\main\resources to target\classes
2026-06-09 18:17:08,711 [Worker-14: Building] INFO  o.a.m.s.f.DefaultMavenResourcesFiltering - Copying 0 resource from src\main\resources to target\classes
2026-06-09 18:17:08,716 [Worker-14: Building] INFO  o.a.m.s.f.DefaultMavenResourcesFiltering - skip non existing resourceDirectory C:\Tejas Kasare Sir\T224\spring\Easy-Mart\src\test\resources
2026-06-09 18:31:48,543 [Worker-21: Building] INFO  o.a.m.s.f.DefaultMavenResourcesFiltering - Copying 1 resource from src\main\resources to target\classes
2026-06-09 18:31:48,552 [Worker-21: Building] INFO  o.a.m.s.f.DefaultMavenResourcesFiltering - Copying 0 resource from src\main\resources to target\classes
2026-06-09 18:31:48,555 [Worker-21: Building] INFO  o.a.m.s.f.DefaultMavenResourcesFiltering - skip non existing resourceDirectory C:\Tejas Kasare Sir\T224\spring\Easy-Mart\src\test\resources
2026-06-09 18:31:59,577 [Worker-20: Building] INFO  o.a.m.s.f.DefaultMavenResourcesFiltering - Copying 1 resource from src\main\resources to target\classes
2026-06-09 18:31:59,583 [Worker-20: Building] INFO  o.a.m.s.f.DefaultMavenResourcesFiltering - Copying 0 resource from src\main\resources to target\classes
2026-06-09 18:31:59,588 [Worker-20: Building] INFO  o.a.m.s.f.DefaultMavenResourcesFiltering - skip non existing resourceDirectory C:\Tejas Kasare Sir\T224\spring\Easy-Mart\src\test\resources
2026-06-09 18:32:09,175 [Worker-22: Building] INFO  o.a.m.s.f.DefaultMavenResourcesFiltering - Copying 1 resource from src\main\resources to target\classes
2026-06-09 18:32:09,181 [Worker-22: Building] INFO  o.a.m.s.f.DefaultMavenResourcesFiltering - Copying 0 resource from src\main\resources to target\classes
2026-06-09 18:32:09,301 [Worker-22: Building] INFO  o.a.m.s.f.DefaultMavenResourcesFiltering - skip non existing resourceDirectory C:\Tejas Kasare Sir\T224\spring\Easy-Mart\src\test\resources
2026-06-09 18:32:19,128 [Worker-23: Building] INFO  o.a.m.s.f.DefaultMavenResourcesFiltering - Copying 1 resource from src\main\resources to target\classes
2026-06-09 18:32:19,133 [Worker-23: Building] INFO  o.a.m.s.f.DefaultMavenResourcesFiltering - Copying 0 resource from src\main\resources to target\classes
2026-06-09 18:32:19,138 [Worker-23: Building] INFO  o.a.m.s.f.DefaultMavenResourcesFiltering - skip non existing resourceDirectory C:\Tejas Kasare Sir\T224\spring\Easy-Mart\src\test\resources
2026-06-09 18:32:30,299 [Worker-21: Building] INFO  o.a.m.s.f.DefaultMavenResourcesFiltering - Copying 1 resource from src\main\resources to target\classes
2026-06-09 18:32:30,379 [Worker-21: Building] INFO  o.a.m.s.f.DefaultMavenResourcesFiltering - Copying 0 resource from src\main\resources to target\classes
2026-06-09 18:32:30,387 [Worker-21: Building] INFO  o.a.m.s.f.DefaultMavenResourcesFiltering - skip non existing resourceDirectory C:\Tejas Kasare Sir\T224\spring\Easy-Mart\src\test\resources
2026-06-09 18:32:40,035 [Worker-21: Building] INFO  o.a.m.s.f.DefaultMavenResourcesFiltering - Copying 1 resource from src\main\resources to target\classes
2026-06-09 18:32:40,043 [Worker-21: Building] INFO  o.a.m.s.f.DefaultMavenResourcesFiltering - Copying 0 resource from src\main\resources to target\classes
2026-06-09 18:32:40,050 [Worker-21: Building] INFO  o.a.m.s.f.DefaultMavenResourcesFiltering - skip non existing resourceDirectory C:\Tejas Kasare Sir\T224\spring\Easy-Mart\src\test\resources
2026-06-09 18:32:50,966 [Worker-20: Building] INFO  o.a.m.s.f.DefaultMavenResourcesFiltering - Copying 1 resource from src\main\resources to target\classes
2026-06-09 18:32:50,971 [Worker-20: Building] INFO  o.a.m.s.f.DefaultMavenResourcesFiltering - Copying 0 resource from src\main\resources to target\classes
2026-06-09 18:32:50,976 [Worker-20: Building] INFO  o.a.m.s.f.DefaultMavenResourcesFiltering - skip non existing resourceDirectory C:\Tejas Kasare Sir\T224\spring\Easy-Mart\src\test\resources
2026-06-09 18:36:34,039 [Worker-23: Building] INFO  o.a.m.s.f.DefaultMavenResourcesFiltering - Copying 1 resource from src\main\resources to target\classes
2026-06-09 18:36:34,049 [Worker-23: Building] INFO  o.a.m.s.f.DefaultMavenResourcesFiltering - Copying 0 resource from src\main\resources to target\classes
2026-06-09 18:36:34,053 [Worker-23: Building] INFO  o.a.m.s.f.DefaultMavenResourcesFiltering - skip non existing resourceDirectory C:\Tejas Kasare Sir\T224\spring\Easy-Mart\src\test\resources
2026-06-09 18:37:02,111 [Worker-26: Building] INFO  o.a.m.s.f.DefaultMavenResourcesFiltering - Copying 1 resource from src\main\resources to target\classes
2026-06-09 18:37:02,119 [Worker-26: Building] INFO  o.a.m.s.f.DefaultMavenResourcesFiltering - Copying 0 resource from src\main\resources to target\classes
2026-06-09 18:37:02,123 [Worker-26: Building] INFO  o.a.m.s.f.DefaultMavenResourcesFiltering - skip non existing resourceDirectory C:\Tejas Kasare Sir\T224\spring\Easy-Mart\src\test\resources
2026-06-09 18:37:09,345 [Worker-23: Building] INFO  o.a.m.s.f.DefaultMavenResourcesFiltering - Copying 1 resource from src\main\resources to target\classes
2026-06-09 18:37:09,353 [Worker-23: Building] INFO  o.a.m.s.f.DefaultMavenResourcesFiltering - Copying 0 resource from src\main\resources to target\classes
2026-06-09 18:37:09,357 [Worker-23: Building] INFO  o.a.m.s.f.DefaultMavenResourcesFiltering - skip non existing resourceDirectory C:\Tejas Kasare Sir\T224\spring\Easy-Mart\src\test\resources
2026-06-09 18:43:47,059 [Worker-25: Building] INFO  o.a.m.s.f.DefaultMavenResourcesFiltering - Copying 1 resource from src\main\resources to target\classes
2026-06-09 18:43:47,065 [Worker-25: Building] INFO  o.a.m.s.f.DefaultMavenResourcesFiltering - Copying 0 resource from src\main\resources to target\classes
2026-06-09 18:43:47,071 [Worker-25: Building] INFO  o.a.m.s.f.DefaultMavenResourcesFiltering - skip non existing resourceDirectory C:\Tejas Kasare Sir\T224\spring\Easy-Mart\src\test\resources
2026-06-09 18:44:35,085 [Worker-27: Building] INFO  o.a.m.s.f.DefaultMavenResourcesFiltering - Copying 1 resource from src\main\resources to target\classes
2026-06-09 18:44:35,121 [Worker-27: Building] INFO  o.a.m.s.f.DefaultMavenResourcesFiltering - Copying 0 resource from src\main\resources to target\classes
2026-06-09 18:44:35,125 [Worker-27: Building] INFO  o.a.m.s.f.DefaultMavenResourcesFiltering - skip non existing resourceDirectory C:\Tejas Kasare Sir\T224\spring\Easy-Mart\src\test\resources
2026-06-09 18:45:02,911 [Worker-25: Building] INFO  o.a.m.s.f.DefaultMavenResourcesFiltering - Copying 1 resource from src\main\resources to target\classes
2026-06-09 18:45:02,919 [Worker-25: Building] INFO  o.a.m.s.f.DefaultMavenResourcesFiltering - Copying 0 resource from src\main\resources to target\classes
2026-06-09 18:45:02,924 [Worker-25: Building] INFO  o.a.m.s.f.DefaultMavenResourcesFiltering - skip non existing resourceDirectory C:\Tejas Kasare Sir\T224\spring\Easy-Mart\src\test\resources
2026-06-09 18:48:49,092 [Worker-30: Building] INFO  o.a.m.s.f.DefaultMavenResourcesFiltering - Copying 1 resource from src\main\resources to target\classes
2026-06-09 18:48:49,097 [Worker-30: Building] INFO  o.a.m.s.f.DefaultMavenResourcesFiltering - Copying 0 resource from src\main\resources to target\classes
2026-06-09 18:48:49,103 [Worker-30: Building] INFO  o.a.m.s.f.DefaultMavenResourcesFiltering - skip non existing resourceDirectory C:\Tejas Kasare Sir\T224\spring\Easy-Mart\src\test\resources
2026-06-10 16:29:04,427 [Worker-33: Building] INFO  o.a.m.s.f.DefaultMavenResourcesFiltering - Copying 1 resource from src\main\resources to target\classes
2026-06-10 16:29:04,521 [Worker-33: Building] INFO  o.a.m.s.f.DefaultMavenResourcesFiltering - Copying 0 resource from src\main\resources to target\classes
2026-06-10 16:29:04,528 [Worker-33: Building] INFO  o.a.m.s.f.DefaultMavenResourcesFiltering - skip non existing resourceDirectory C:\Tejas Kasare Sir\T224\spring\Easy-Mart\src\test\resources
2026-06-10 16:41:10,095 [Worker-37: Building] INFO  o.a.m.s.f.DefaultMavenResourcesFiltering - Copying 1 resource from src\main\resources to target\classes
2026-06-10 16:41:10,103 [Worker-37: Building] INFO  o.a.m.s.f.DefaultMavenResourcesFiltering - Copying 0 resource from src\main\resources to target\classes
2026-06-10 16:41:10,108 [Worker-37: Building] INFO  o.a.m.s.f.DefaultMavenResourcesFiltering - skip non existing resourceDirectory C:\Tejas Kasare Sir\T224\spring\Easy-Mart\src\test\resources
2026-06-10 16:41:42,013 [Worker-36: Building] INFO  o.a.m.s.f.DefaultMavenResourcesFiltering - Copying 1 resource from src\main\resources to target\classes
2026-06-10 16:41:42,022 [Worker-36: Building] INFO  o.a.m.s.f.DefaultMavenResourcesFiltering - Copying 0 resource from src\main\resources to target\classes
2026-06-10 16:41:42,026 [Worker-36: Building] INFO  o.a.m.s.f.DefaultMavenResourcesFiltering - skip non existing resourceDirectory C:\Tejas Kasare Sir\T224\spring\Easy-Mart\src\test\resources
2026-06-10 16:42:15,906 [Worker-38: Building] INFO  o.a.m.s.f.DefaultMavenResourcesFiltering - Copying 1 resource from src\main\resources to target\classes
2026-06-10 16:42:15,910 [Worker-38: Building] INFO  o.a.m.s.f.DefaultMavenResourcesFiltering - Copying 0 resource from src\main\resources to target\classes
2026-06-10 16:42:15,915 [Worker-38: Building] INFO  o.a.m.s.f.DefaultMavenResourcesFiltering - skip non existing resourceDirectory C:\Tejas Kasare Sir\T224\spring\Easy-Mart\src\test\resources
2026-06-10 16:55:06,775 [Worker-43: Building] INFO  o.a.m.s.f.DefaultMavenResourcesFiltering - Copying 1 resource from src\main\resources to target\classes
2026-06-10 16:55:06,798 [Worker-43: Building] INFO  o.a.m.s.f.DefaultMavenResourcesFiltering - Copying 0 resource from src\main\resources to target\classes
2026-06-10 16:55:06,802 [Worker-43: Building] INFO  o.a.m.s.f.DefaultMavenResourcesFiltering - skip non existing resourceDirectory C:\Tejas Kasare Sir\T224\spring\Easy-Mart\src\test\resources
2026-06-10 16:55:07,946 [Worker-44: Building] INFO  o.a.m.s.f.DefaultMavenResourcesFiltering - Copying 1 resource from src\main\resources to target\classes
2026-06-10 16:55:07,961 [Worker-44: Building] INFO  o.a.m.s.f.DefaultMavenResourcesFiltering - Copying 0 resource from src\main\resources to target\classes
2026-06-10 16:55:07,966 [Worker-44: Building] INFO  o.a.m.s.f.DefaultMavenResourcesFiltering - skip non existing resourceDirectory C:\Tejas Kasare Sir\T224\spring\Easy-Mart\src\test\resources
2026-06-10 16:55:29,662 [Worker-43: Building] INFO  o.a.m.s.f.DefaultMavenResourcesFiltering - Copying 1 resource from src\main\resources to target\classes
2026-06-10 16:55:29,670 [Worker-43: Building] INFO  o.a.m.s.f.DefaultMavenResourcesFiltering - Copying 0 resource from src\main\resources to target\classes
2026-06-10 16:55:29,674 [Worker-43: Building] INFO  o.a.m.s.f.DefaultMavenResourcesFiltering - skip non existing resourceDirectory C:\Tejas Kasare Sir\T224\spring\Easy-Mart\src\test\resources
2026-06-10 16:57:56,311 [Worker-40: Building] INFO  o.a.m.s.f.DefaultMavenResourcesFiltering - Copying 1 resource from src\main\resources to target\classes
2026-06-10 16:57:56,317 [Worker-40: Building] INFO  o.a.m.s.f.DefaultMavenResourcesFiltering - Copying 0 resource from src\main\resources to target\classes
2026-06-10 16:57:56,321 [Worker-40: Building] INFO  o.a.m.s.f.DefaultMavenResourcesFiltering - skip non existing resourceDirectory C:\Tejas Kasare Sir\T224\spring\Easy-Mart\src\test\resources
2026-06-10 16:58:09,976 [Worker-45: Building] INFO  o.a.m.s.f.DefaultMavenResourcesFiltering - Copying 1 resource from src\main\resources to target\classes
2026-06-10 16:58:10,029 [Worker-45: Building] INFO  o.a.m.s.f.DefaultMavenResourcesFiltering - Copying 0 resource from src\main\resources to target\classes
2026-06-10 16:58:10,081 [Worker-45: Building] INFO  o.a.m.s.f.DefaultMavenResourcesFiltering - skip non existing resourceDirectory C:\Tejas Kasare Sir\T224\spring\Easy-Mart\src\test\resources
2026-06-10 16:59:56,906 [Worker-44: Building] INFO  o.a.m.s.f.DefaultMavenResourcesFiltering - Copying 1 resource from src\main\resources to target\classes
2026-06-10 16:59:56,911 [Worker-44: Building] INFO  o.a.m.s.f.DefaultMavenResourcesFiltering - Copying 0 resource from src\main\resources to target\classes
2026-06-10 16:59:56,915 [Worker-44: Building] INFO  o.a.m.s.f.DefaultMavenResourcesFiltering - skip non existing resourceDirectory C:\Tejas Kasare Sir\T224\spring\Easy-Mart\src\test\resources
2026-06-10 17:19:18,066 [Worker-47: Building] INFO  o.a.m.s.f.DefaultMavenResourcesFiltering - Copying 1 resource from src\main\resources to target\classes
2026-06-10 17:19:18,077 [Worker-47: Building] INFO  o.a.m.s.f.DefaultMavenResourcesFiltering - Copying 0 resource from src\main\resources to target\classes
2026-06-10 17:19:18,080 [Worker-47: Building] INFO  o.a.m.s.f.DefaultMavenResourcesFiltering - skip non existing resourceDirectory C:\Tejas Kasare Sir\T224\spring\Easy-Mart\src\test\resources
2026-06-10 17:23:43,764 [Worker-50: Building] INFO  o.a.m.s.f.DefaultMavenResourcesFiltering - Copying 1 resource from src\main\resources to target\classes
2026-06-10 17:23:43,780 [Worker-50: Building] INFO  o.a.m.s.f.DefaultMavenResourcesFiltering - Copying 0 resource from src\main\resources to target\classes
2026-06-10 17:23:43,784 [Worker-50: Building] INFO  o.a.m.s.f.DefaultMavenResourcesFiltering - skip non existing resourceDirectory C:\Tejas Kasare Sir\T224\spring\Easy-Mart\src\test\resources
2026-06-10 17:48:33,886 [Worker-56: Building] INFO  o.a.m.s.f.DefaultMavenResourcesFiltering - Copying 1 resource from src\main\resources to target\classes
2026-06-10 17:48:33,893 [Worker-56: Building] INFO  o.a.m.s.f.DefaultMavenResourcesFiltering - Copying 0 resource from src\main\resources to target\classes
2026-06-10 17:48:33,897 [Worker-56: Building] INFO  o.a.m.s.f.DefaultMavenResourcesFiltering - skip non existing resourceDirectory C:\Tejas Kasare Sir\T224\spring\Easy-Mart\src\test\resources
2026-06-10 18:04:10,828 [Worker-56: Building] INFO  o.a.m.s.f.DefaultMavenResourcesFiltering - Copying 1 resource from src\main\resources to target\classes
2026-06-10 18:04:10,836 [Worker-56: Building] INFO  o.a.m.s.f.DefaultMavenResourcesFiltering - Copying 0 resource from src\main\resources to target\classes
2026-06-10 18:04:10,845 [Worker-56: Building] INFO  o.a.m.s.f.DefaultMavenResourcesFiltering - skip non existing resourceDirectory C:\Tejas Kasare Sir\T224\spring\Easy-Mart\src\test\resources
2026-06-10 18:10:48,600 [Worker-58: Building] INFO  o.a.m.s.f.DefaultMavenResourcesFiltering - Copying 1 resource from src\main\resources to target\classes
2026-06-10 18:10:48,618 [Worker-58: Building] INFO  o.a.m.s.f.DefaultMavenResourcesFiltering - Copying 0 resource from src\main\resources to target\classes
2026-06-10 18:10:48,622 [Worker-58: Building] INFO  o.a.m.s.f.DefaultMavenResourcesFiltering - skip non existing resourceDirectory C:\Tejas Kasare Sir\T224\spring\Easy-Mart\src\test\resources
2026-06-10 18:13:54,642 [Worker-64: Building] INFO  o.a.m.s.f.DefaultMavenResourcesFiltering - Copying 1 resource from src\main\resources to target\classes
2026-06-10 18:13:54,656 [Worker-64: Building] INFO  o.a.m.s.f.DefaultMavenResourcesFiltering - Copying 0 resource from src\main\resources to target\classes
2026-06-10 18:13:54,660 [Worker-64: Building] INFO  o.a.m.s.f.DefaultMavenResourcesFiltering - skip non existing resourceDirectory C:\Tejas Kasare Sir\T224\spring\Easy-Mart\src\test\resources
2026-06-10 18:14:13,765 [Worker-63: Building] INFO  o.a.m.s.f.DefaultMavenResourcesFiltering - Copying 1 resource from src\main\resources to target\classes
2026-06-10 18:14:13,770 [Worker-63: Building] INFO  o.a.m.s.f.DefaultMavenResourcesFiltering - Copying 0 resource from src\main\resources to target\classes
2026-06-10 18:14:13,776 [Worker-63: Building] INFO  o.a.m.s.f.DefaultMavenResourcesFiltering - skip non existing resourceDirectory C:\Tejas Kasare Sir\T224\spring\Easy-Mart\src\test\resources
2026-06-10 18:14:26,170 [Worker-64: Building] INFO  o.a.m.s.f.DefaultMavenResourcesFiltering - Copying 1 resource from src\main\resources to target\classes
2026-06-10 18:14:26,175 [Worker-64: Building] INFO  o.a.m.s.f.DefaultMavenResourcesFiltering - Copying 0 resource from src\main\resources to target\classes
2026-06-10 18:14:26,181 [Worker-64: Building] INFO  o.a.m.s.f.DefaultMavenResourcesFiltering - skip non existing resourceDirectory C:\Tejas Kasare Sir\T224\spring\Easy-Mart\src\test\resources
2026-06-10 18:23:38,407 [Worker-63: Building] INFO  o.a.m.s.f.DefaultMavenResourcesFiltering - Copying 1 resource from src\main\resources to target\classes
2026-06-10 18:23:38,414 [Worker-63: Building] INFO  o.a.m.s.f.DefaultMavenResourcesFiltering - Copying 0 resource from src\main\resources to target\classes
2026-06-10 18:23:38,418 [Worker-63: Building] INFO  o.a.m.s.f.DefaultMavenResourcesFiltering - skip non existing resourceDirectory C:\Tejas Kasare Sir\T224\spring\Easy-Mart\src\test\resources
2026-06-10 18:24:02,617 [Worker-63: Building] INFO  o.a.m.s.f.DefaultMavenResourcesFiltering - Copying 1 resource from src\main\resources to target\classes
2026-06-10 18:24:02,622 [Worker-63: Building] INFO  o.a.m.s.f.DefaultMavenResourcesFiltering - Copying 0 resource from src\main\resources to target\classes
2026-06-10 18:24:02,625 [Worker-63: Building] INFO  o.a.m.s.f.DefaultMavenResourcesFiltering - skip non existing resourceDirectory C:\Tejas Kasare Sir\T224\spring\Easy-Mart\src\test\resources
2026-06-10 18:24:23,895 [Worker-64: Building] INFO  o.a.m.s.f.DefaultMavenResourcesFiltering - Copying 1 resource from src\main\resources to target\classes
2026-06-10 18:24:23,951 [Worker-64: Building] INFO  o.a.m.s.f.DefaultMavenResourcesFiltering - Copying 0 resource from src\main\resources to target\classes
2026-06-10 18:24:23,957 [Worker-64: Building] INFO  o.a.m.s.f.DefaultMavenResourcesFiltering - skip non existing resourceDirectory C:\Tejas Kasare Sir\T224\spring\Easy-Mart\src\test\resources
2026-06-10 18:35:02,774 [Worker-75: Building] INFO  o.a.m.s.f.DefaultMavenResourcesFiltering - Copying 1 resource from src\main\resources to target\classes
2026-06-10 18:35:02,780 [Worker-75: Building] INFO  o.a.m.s.f.DefaultMavenResourcesFiltering - Copying 0 resource from src\main\resources to target\classes
2026-06-10 18:35:02,808 [Worker-75: Building] INFO  o.a.m.s.f.DefaultMavenResourcesFiltering - skip non existing resourceDirectory C:\Tejas Kasare Sir\T224\spring\Easy-Mart\src\test\resources
2026-06-10 18:37:03,576 [Worker-76: Building] INFO  o.a.m.s.f.DefaultMavenResourcesFiltering - Copying 1 resource from src\main\resources to target\classes
2026-06-10 18:37:03,582 [Worker-76: Building] INFO  o.a.m.s.f.DefaultMavenResourcesFiltering - Copying 0 resource from src\main\resources to target\classes
2026-06-10 18:37:03,585 [Worker-76: Building] INFO  o.a.m.s.f.DefaultMavenResourcesFiltering - skip non existing resourceDirectory C:\Tejas Kasare Sir\T224\spring\Easy-Mart\src\test\resources
2026-06-10 18:39:04,745 [Worker-79: Building] INFO  o.a.m.s.f.DefaultMavenResourcesFiltering - Copying 1 resource from src\main\resources to target\classes
2026-06-10 18:39:04,750 [Worker-79: Building] INFO  o.a.m.s.f.DefaultMavenResourcesFiltering - Copying 0 resource from src\main\resources to target\classes
2026-06-10 18:39:04,768 [Worker-79: Building] INFO  o.a.m.s.f.DefaultMavenResourcesFiltering - skip non existing resourceDirectory C:\Tejas Kasare Sir\T224\spring\Easy-Mart\src\test\resources
2026-06-10 18:39:59,954 [Worker-80: Building] INFO  o.a.m.s.f.DefaultMavenResourcesFiltering - Copying 1 resource from src\main\resources to target\classes
2026-06-10 18:39:59,959 [Worker-80: Building] INFO  o.a.m.s.f.DefaultMavenResourcesFiltering - Copying 0 resource from src\main\resources to target\classes
2026-06-10 18:39:59,962 [Worker-80: Building] INFO  o.a.m.s.f.DefaultMavenResourcesFiltering - skip non existing resourceDirectory C:\Tejas Kasare Sir\T224\spring\Easy-Mart\src\test\resources
2026-06-10 18:43:50,174 [Worker-79: Building] INFO  o.a.m.s.f.DefaultMavenResourcesFiltering - Copying 1 resource from src\main\resources to target\classes
2026-06-10 18:43:50,191 [Worker-79: Building] INFO  o.a.m.s.f.DefaultMavenResourcesFiltering - Copying 0 resource from src\main\resources to target\classes
2026-06-10 18:43:50,196 [Worker-79: Building] INFO  o.a.m.s.f.DefaultMavenResourcesFiltering - skip non existing resourceDirectory C:\Tejas Kasare Sir\T224\spring\Easy-Mart\src\test\resources
2026-06-11 16:32:43,587 [Worker-2: Loading available Gradle versions] INFO  o.e.b.c.i.u.g.PublishedGradleVersions - Gradle version information cache is out-of-date. Trying to update.
2026-06-11 16:35:53,140 [Worker-3: Building] INFO  o.a.m.s.f.DefaultMavenResourcesFiltering - Copying 1 resource from src\main\resources to target\classes
2026-06-11 16:35:53,202 [Worker-3: Building] INFO  o.a.m.s.f.DefaultMavenResourcesFiltering - Copying 0 resource from src\main\resources to target\classes
2026-06-11 16:35:53,214 [Worker-3: Building] INFO  o.a.m.s.f.DefaultMavenResourcesFiltering - skip non existing resourceDirectory C:\Tejas Kasare Sir\T224\spring\Easy-Mart\src\test\resources
2026-06-11 16:36:19,824 [Worker-2: Building] INFO  o.a.m.s.f.DefaultMavenResourcesFiltering - Copying 1 resource from src\main\resources to target\classes
2026-06-11 16:36:19,840 [Worker-2: Building] INFO  o.a.m.s.f.DefaultMavenResourcesFiltering - Copying 0 resource from src\main\resources to target\classes
2026-06-11 16:36:19,847 [Worker-2: Building] INFO  o.a.m.s.f.DefaultMavenResourcesFiltering - skip non existing resourceDirectory C:\Tejas Kasare Sir\T224\spring\Easy-Mart\src\test\resources
2026-06-11 16:47:37,684 [Worker-14: Building] INFO  o.a.m.s.f.DefaultMavenResourcesFiltering - Copying 1 resource from src\main\resources to target\classes
2026-06-11 16:47:37,691 [Worker-14: Building] INFO  o.a.m.s.f.DefaultMavenResourcesFiltering - Copying 0 resource from src\main\resources to target\classes
2026-06-11 16:47:37,721 [Worker-14: Building] INFO  o.a.m.s.f.DefaultMavenResourcesFiltering - skip non existing resourceDirectory C:\Tejas Kasare Sir\T224\spring\Easy-Mart\src\test\resources
2026-06-11 17:07:39,868 [Worker-12: Building] INFO  o.a.m.s.f.DefaultMavenResourcesFiltering - Copying 1 resource from src\main\resources to target\classes
2026-06-11 17:07:39,879 [Worker-12: Building] INFO  o.a.m.s.f.DefaultMavenResourcesFiltering - Copying 0 resource from src\main\resources to target\classes
2026-06-11 17:07:39,886 [Worker-12: Building] INFO  o.a.m.s.f.DefaultMavenResourcesFiltering - skip non existing resourceDirectory C:\Tejas Kasare Sir\T224\spring\Easy-Mart\src\test\resources
2026-06-11 17:07:56,113 [Worker-16: Building] INFO  o.a.m.s.f.DefaultMavenResourcesFiltering - Copying 1 resource from src\main\resources to target\classes
2026-06-11 17:07:56,118 [Worker-16: Building] INFO  o.a.m.s.f.DefaultMavenResourcesFiltering - Copying 0 resource from src\main\resources to target\classes
2026-06-11 17:07:56,122 [Worker-16: Building] INFO  o.a.m.s.f.DefaultMavenResourcesFiltering - skip non existing resourceDirectory C:\Tejas Kasare Sir\T224\spring\Easy-Mart\src\test\resources
2026-06-11 17:10:15,297 [Worker-15: Building] INFO  o.a.m.s.f.DefaultMavenResourcesFiltering - Copying 1 resource from src\main\resources to target\classes
2026-06-11 17:10:15,303 [Worker-15: Building] INFO  o.a.m.s.f.DefaultMavenResourcesFiltering - Copying 0 resource from src\main\resources to target\classes
2026-06-11 17:10:15,308 [Worker-15: Building] INFO  o.a.m.s.f.DefaultMavenResourcesFiltering - skip non existing resourceDirectory C:\Tejas Kasare Sir\T224\spring\Easy-Mart\src\test\resources
2026-06-11 17:10:22,950 [Worker-12: Building] INFO  o.a.m.s.f.DefaultMavenResourcesFiltering - Copying 1 resource from src\main\resources to target\classes
2026-06-11 17:10:22,955 [Worker-12: Building] INFO  o.a.m.s.f.DefaultMavenResourcesFiltering - Copying 0 resource from src\main\resources to target\classes
2026-06-11 17:10:22,960 [Worker-12: Building] INFO  o.a.m.s.f.DefaultMavenResourcesFiltering - skip non existing resourceDirectory C:\Tejas Kasare Sir\T224\spring\Easy-Mart\src\test\resources
2026-06-11 17:10:43,563 [Worker-11: Building] INFO  o.a.m.s.f.DefaultMavenResourcesFiltering - Copying 1 resource from src\main\resources to target\classes
2026-06-11 17:10:43,568 [Worker-11: Building] INFO  o.a.m.s.f.DefaultMavenResourcesFiltering - Copying 0 resource from src\main\resources to target\classes
2026-06-11 17:10:43,577 [Worker-11: Building] INFO  o.a.m.s.f.DefaultMavenResourcesFiltering - skip non existing resourceDirectory C:\Tejas Kasare Sir\T224\spring\Easy-Mart\src\test\resources
2026-06-11 17:11:15,749 [Worker-12: Building] INFO  o.a.m.s.f.DefaultMavenResourcesFiltering - Copying 1 resource from src\main\resources to target\classes
2026-06-11 17:11:15,754 [Worker-12: Building] INFO  o.a.m.s.f.DefaultMavenResourcesFiltering - Copying 0 resource from src\main\resources to target\classes
2026-06-11 17:11:15,759 [Worker-12: Building] INFO  o.a.m.s.f.DefaultMavenResourcesFiltering - skip non existing resourceDirectory C:\Tejas Kasare Sir\T224\spring\Easy-Mart\src\test\resources
2026-06-11 17:11:18,118 [Worker-11: Building] INFO  o.a.m.s.f.DefaultMavenResourcesFiltering - Copying 1 resource from src\main\resources to target\classes
2026-06-11 17:11:18,124 [Worker-11: Building] INFO  o.a.m.s.f.DefaultMavenResourcesFiltering - Copying 0 resource from src\main\resources to target\classes
2026-06-11 17:11:18,129 [Worker-11: Building] INFO  o.a.m.s.f.DefaultMavenResourcesFiltering - skip non existing resourceDirectory C:\Tejas Kasare Sir\T224\spring\Easy-Mart\src\test\resources
2026-06-11 17:11:36,170 [Worker-18: Building] INFO  o.a.m.s.f.DefaultMavenResourcesFiltering - Copying 1 resource from src\main\resources to target\classes
2026-06-11 17:11:36,175 [Worker-18: Building] INFO  o.a.m.s.f.DefaultMavenResourcesFiltering - Copying 0 resource from src\main\resources to target\classes
2026-06-11 17:11:36,179 [Worker-18: Building] INFO  o.a.m.s.f.DefaultMavenResourcesFiltering - skip non existing resourceDirectory C:\Tejas Kasare Sir\T224\spring\Easy-Mart\src\test\resources
2026-06-11 17:16:36,020 [Worker-17: Building] INFO  o.a.m.s.f.DefaultMavenResourcesFiltering - Copying 1 resource from src\main\resources to target\classes
2026-06-11 17:16:36,028 [Worker-17: Building] INFO  o.a.m.s.f.DefaultMavenResourcesFiltering - Copying 0 resource from src\main\resources to target\classes
2026-06-11 17:16:36,032 [Worker-17: Building] INFO  o.a.m.s.f.DefaultMavenResourcesFiltering - skip non existing resourceDirectory C:\Tejas Kasare Sir\T224\spring\Easy-Mart\src\test\resources
2026-06-11 17:25:48,784 [Worker-19: Building] INFO  o.a.m.s.f.DefaultMavenResourcesFiltering - Copying 1 resource from src\main\resources to target\classes
2026-06-11 17:25:48,804 [Worker-19: Building] INFO  o.a.m.s.f.DefaultMavenResourcesFiltering - Copying 0 resource from src\main\resources to target\classes
2026-06-11 17:25:48,808 [Worker-19: Building] INFO  o.a.m.s.f.DefaultMavenResourcesFiltering - skip non existing resourceDirectory C:\Tejas Kasare Sir\T224\spring\Easy-Mart\src\test\resources
2026-06-11 17:31:57,225 [Worker-20: Building] INFO  o.a.m.s.f.DefaultMavenResourcesFiltering - Copying 1 resource from src\main\resources to target\classes
2026-06-11 17:31:57,231 [Worker-20: Building] INFO  o.a.m.s.f.DefaultMavenResourcesFiltering - Copying 0 resource from src\main\resources to target\classes
2026-06-11 17:31:57,236 [Worker-20: Building] INFO  o.a.m.s.f.DefaultMavenResourcesFiltering - skip non existing resourceDirectory C:\Tejas Kasare Sir\T224\spring\Easy-Mart\src\test\resources
2026-06-11 17:32:17,079 [Worker-19: Building] INFO  o.a.m.s.f.DefaultMavenResourcesFiltering - Copying 1 resource from src\main\resources to target\classes
2026-06-11 17:32:17,085 [Worker-19: Building] INFO  o.a.m.s.f.DefaultMavenResourcesFiltering - Copying 0 resource from src\main\resources to target\classes
2026-06-11 17:32:17,089 [Worker-19: Building] INFO  o.a.m.s.f.DefaultMavenResourcesFiltering - skip non existing resourceDirectory C:\Tejas Kasare Sir\T224\spring\Easy-Mart\src\test\resources
2026-06-11 17:35:24,685 [Worker-22: Building] INFO  o.a.m.s.f.DefaultMavenResourcesFiltering - Copying 1 resource from src\main\resources to target\classes
2026-06-11 17:35:24,689 [Worker-22: Building] INFO  o.a.m.s.f.DefaultMavenResourcesFiltering - Copying 0 resource from src\main\resources to target\classes
2026-06-11 17:35:24,695 [Worker-22: Building] INFO  o.a.m.s.f.DefaultMavenResourcesFiltering - skip non existing resourceDirectory C:\Tejas Kasare Sir\T224\spring\Easy-Mart\src\test\resources
2026-06-11 17:37:51,326 [Worker-25: Building] INFO  o.a.m.s.f.DefaultMavenResourcesFiltering - Copying 1 resource from src\main\resources to target\classes
2026-06-11 17:37:51,334 [Worker-25: Building] INFO  o.a.m.s.f.DefaultMavenResourcesFiltering - Copying 0 resource from src\main\resources to target\classes
2026-06-11 17:37:51,338 [Worker-25: Building] INFO  o.a.m.s.f.DefaultMavenResourcesFiltering - skip non existing resourceDirectory C:\Tejas Kasare Sir\T224\spring\Easy-Mart\src\test\resources
2026-06-11 17:38:29,521 [Worker-25: Building] INFO  o.a.m.s.f.DefaultMavenResourcesFiltering - Copying 1 resource from src\main\resources to target\classes
2026-06-11 17:38:29,527 [Worker-25: Building] INFO  o.a.m.s.f.DefaultMavenResourcesFiltering - Copying 0 resource from src\main\resources to target\classes
2026-06-11 17:38:29,531 [Worker-25: Building] INFO  o.a.m.s.f.DefaultMavenResourcesFiltering - skip non existing resourceDirectory C:\Tejas Kasare Sir\T224\spring\Easy-Mart\src\test\resources
2026-06-11 17:38:35,709 [Worker-23: Building] INFO  o.a.m.s.f.DefaultMavenResourcesFiltering - Copying 1 resource from src\main\resources to target\classes
2026-06-11 17:38:35,714 [Worker-23: Building] INFO  o.a.m.s.f.DefaultMavenResourcesFiltering - Copying 0 resource from src\main\resources to target\classes
2026-06-11 17:38:35,718 [Worker-23: Building] INFO  o.a.m.s.f.DefaultMavenResourcesFiltering - skip non existing resourceDirectory C:\Tejas Kasare Sir\T224\spring\Easy-Mart\src\test\resources
2026-06-11 17:40:52,172 [Worker-22: Building] INFO  o.a.m.s.f.DefaultMavenResourcesFiltering - Copying 1 resource from src\main\resources to target\classes
2026-06-11 17:40:52,189 [Worker-22: Building] INFO  o.a.m.s.f.DefaultMavenResourcesFiltering - Copying 0 resource from src\main\resources to target\classes
2026-06-11 17:40:52,194 [Worker-22: Building] INFO  o.a.m.s.f.DefaultMavenResourcesFiltering - skip non existing resourceDirectory C:\Tejas Kasare Sir\T224\spring\Easy-Mart\src\test\resources
2026-06-11 17:41:02,520 [Worker-26: Building] INFO  o.a.m.s.f.DefaultMavenResourcesFiltering - Copying 1 resource from src\main\resources to target\classes
2026-06-11 17:41:02,526 [Worker-26: Building] INFO  o.a.m.s.f.DefaultMavenResourcesFiltering - Copying 0 resource from src\main\resources to target\classes
2026-06-11 17:41:02,530 [Worker-26: Building] INFO  o.a.m.s.f.DefaultMavenResourcesFiltering - skip non existing resourceDirectory C:\Tejas Kasare Sir\T224\spring\Easy-Mart\src\test\resources
2026-06-11 17:41:23,090 [Worker-24: Building] INFO  o.a.m.s.f.DefaultMavenResourcesFiltering - Copying 1 resource from src\main\resources to target\classes
2026-06-11 17:41:23,096 [Worker-24: Building] INFO  o.a.m.s.f.DefaultMavenResourcesFiltering - Copying 0 resource from src\main\resources to target\classes
2026-06-11 17:41:23,101 [Worker-24: Building] INFO  o.a.m.s.f.DefaultMavenResourcesFiltering - skip non existing resourceDirectory C:\Tejas Kasare Sir\T224\spring\Easy-Mart\src\test\resources
2026-06-11 18:08:31,807 [Worker-28: Building] INFO  o.a.m.s.f.DefaultMavenResourcesFiltering - Copying 1 resource from src\main\resources to target\classes
2026-06-11 18:08:31,855 [Worker-28: Building] INFO  o.a.m.s.f.DefaultMavenResourcesFiltering - Copying 0 resource from src\main\resources to target\classes
2026-06-11 18:08:31,859 [Worker-28: Building] INFO  o.a.m.s.f.DefaultMavenResourcesFiltering - skip non existing resourceDirectory C:\Tejas Kasare Sir\T224\spring\Easy-Mart\src\test\resources
2026-06-11 18:09:16,818 [Worker-28: Building] INFO  o.a.m.s.f.DefaultMavenResourcesFiltering - Copying 1 resource from src\main\resources to target\classes
2026-06-11 18:09:16,825 [Worker-28: Building] INFO  o.a.m.s.f.DefaultMavenResourcesFiltering - Copying 0 resource from src\main\resources to target\classes
2026-06-11 18:09:16,829 [Worker-28: Building] INFO  o.a.m.s.f.DefaultMavenResourcesFiltering - skip non existing resourceDirectory C:\Tejas Kasare Sir\T224\spring\Easy-Mart\src\test\resources
2026-06-11 18:10:33,040 [Worker-26: Building] INFO  o.a.m.s.f.DefaultMavenResourcesFiltering - Copying 1 resource from src\main\resources to target\classes
2026-06-11 18:10:33,059 [Worker-26: Building] INFO  o.a.m.s.f.DefaultMavenResourcesFiltering - Copying 0 resource from src\main\resources to target\classes
2026-06-11 18:10:33,070 [Worker-26: Building] INFO  o.a.m.s.f.DefaultMavenResourcesFiltering - skip non existing resourceDirectory C:\Tejas Kasare Sir\T224\spring\Easy-Mart\src\test\resources
2026-06-11 18:11:13,441 [Worker-26: Building] INFO  o.a.m.s.f.DefaultMavenResourcesFiltering - Copying 1 resource from src\main\resources to target\classes
2026-06-11 18:11:13,446 [Worker-26: Building] INFO  o.a.m.s.f.DefaultMavenResourcesFiltering - Copying 0 resource from src\main\resources to target\classes
2026-06-11 18:11:13,460 [Worker-26: Building] INFO  o.a.m.s.f.DefaultMavenResourcesFiltering - skip non existing resourceDirectory C:\Tejas Kasare Sir\T224\spring\Easy-Mart\src\test\resources
2026-06-11 18:16:39,252 [Worker-31: Building] INFO  o.a.m.s.f.DefaultMavenResourcesFiltering - Copying 1 resource from src\main\resources to target\classes
2026-06-11 18:16:39,279 [Worker-31: Building] INFO  o.a.m.s.f.DefaultMavenResourcesFiltering - Copying 0 resource from src\main\resources to target\classes
2026-06-11 18:16:39,283 [Worker-31: Building] INFO  o.a.m.s.f.DefaultMavenResourcesFiltering - skip non existing resourceDirectory C:\Tejas Kasare Sir\T224\spring\Easy-Mart\src\test\resources
2026-06-11 18:27:47,894 [Worker-35: Building] INFO  o.a.m.s.f.DefaultMavenResourcesFiltering - Copying 1 resource from src\main\resources to target\classes
2026-06-11 18:27:47,913 [Worker-35: Building] INFO  o.a.m.s.f.DefaultMavenResourcesFiltering - Copying 0 resource from src\main\resources to target\classes
2026-06-11 18:27:47,919 [Worker-35: Building] INFO  o.a.m.s.f.DefaultMavenResourcesFiltering - skip non existing resourceDirectory C:\Tejas Kasare Sir\T224\spring\Easy-Mart\src\test\resources
2026-06-11 18:29:35,976 [Worker-32: Building] INFO  o.a.m.s.f.DefaultMavenResourcesFiltering - Copying 1 resource from src\main\resources to target\classes
2026-06-11 18:29:35,981 [Worker-32: Building] INFO  o.a.m.s.f.DefaultMavenResourcesFiltering - Copying 0 resource from src\main\resources to target\classes
2026-06-11 18:29:35,987 [Worker-32: Building] INFO  o.a.m.s.f.DefaultMavenResourcesFiltering - skip non existing resourceDirectory C:\Tejas Kasare Sir\T224\spring\Easy-Mart\src\test\resources
2026-06-11 18:29:58,096 [Worker-34: Building] INFO  o.a.m.s.f.DefaultMavenResourcesFiltering - Copying 1 resource from src\main\resources to target\classes
2026-06-11 18:29:58,102 [Worker-34: Building] INFO  o.a.m.s.f.DefaultMavenResourcesFiltering - Copying 0 resource from src\main\resources to target\classes
2026-06-11 18:29:58,107 [Worker-34: Building] INFO  o.a.m.s.f.DefaultMavenResourcesFiltering - skip non existing resourceDirectory C:\Tejas Kasare Sir\T224\spring\Easy-Mart\src\test\resources
2026-06-11 18:32:05,374 [Worker-32: Building] INFO  o.a.m.s.f.DefaultMavenResourcesFiltering - Copying 1 resource from src\main\resources to target\classes
2026-06-11 18:32:05,379 [Worker-32: Building] INFO  o.a.m.s.f.DefaultMavenResourcesFiltering - Copying 0 resource from src\main\resources to target\classes
2026-06-11 18:32:05,383 [Worker-32: Building] INFO  o.a.m.s.f.DefaultMavenResourcesFiltering - skip non existing resourceDirectory C:\Tejas Kasare Sir\T224\spring\Easy-Mart\src\test\resources
2026-06-12 17:11:50,617 [Worker-56: Building] INFO  o.a.m.s.f.DefaultMavenResourcesFiltering - Copying 1 resource from src\main\resources to target\classes
2026-06-12 17:11:50,688 [Worker-56: Building] INFO  o.a.m.s.f.DefaultMavenResourcesFiltering - Copying 0 resource from src\main\resources to target\classes
2026-06-12 17:11:50,693 [Worker-56: Building] INFO  o.a.m.s.f.DefaultMavenResourcesFiltering - skip non existing resourceDirectory C:\Tejas Kasare Sir\T224\spring\Easy-Mart\src\test\resources
2026-06-12 17:29:05,855 [Worker-59: Building] INFO  o.a.m.s.f.DefaultMavenResourcesFiltering - Copying 1 resource from src\main\resources to target\classes
2026-06-12 17:29:05,897 [Worker-59: Building] INFO  o.a.m.s.f.DefaultMavenResourcesFiltering - Copying 0 resource from src\main\resources to target\classes
2026-06-12 17:29:05,901 [Worker-59: Building] INFO  o.a.m.s.f.DefaultMavenResourcesFiltering - skip non existing resourceDirectory C:\Tejas Kasare Sir\T224\spring\Easy-Mart\src\test\resources
2026-06-12 17:31:21,252 [Worker-61: Building] INFO  o.a.m.s.f.DefaultMavenResourcesFiltering - Copying 1 resource from src\main\resources to target\classes
2026-06-12 17:31:21,257 [Worker-61: Building] INFO  o.a.m.s.f.DefaultMavenResourcesFiltering - Copying 0 resource from src\main\resources to target\classes
2026-06-12 17:31:21,261 [Worker-61: Building] INFO  o.a.m.s.f.DefaultMavenResourcesFiltering - skip non existing resourceDirectory C:\Tejas Kasare Sir\T224\spring\Easy-Mart\src\test\resources
2026-06-12 17:48:24,542 [Worker-65: Building] INFO  o.a.m.s.f.DefaultMavenResourcesFiltering - Copying 1 resource from src\main\resources to target\classes
2026-06-12 17:48:24,564 [Worker-65: Building] INFO  o.a.m.s.f.DefaultMavenResourcesFiltering - Copying 0 resource from src\main\resources to target\classes
2026-06-12 17:48:24,568 [Worker-65: Building] INFO  o.a.m.s.f.DefaultMavenResourcesFiltering - skip non existing resourceDirectory C:\Tejas Kasare Sir\T224\spring\Easy-Mart\src\test\resources
2026-06-12 17:56:39,880 [Worker-71: Building] INFO  o.a.m.s.f.DefaultMavenResourcesFiltering - Copying 1 resource from src\main\resources to target\classes
2026-06-12 17:56:39,893 [Worker-71: Building] INFO  o.a.m.s.f.DefaultMavenResourcesFiltering - Copying 0 resource from src\main\resources to target\classes
2026-06-12 17:56:39,896 [Worker-71: Building] INFO  o.a.m.s.f.DefaultMavenResourcesFiltering - skip non existing resourceDirectory C:\Tejas Kasare Sir\T224\spring\Easy-Mart\src\test\resources
2026-06-12 17:58:04,199 [Worker-73: Building] INFO  o.a.m.s.f.DefaultMavenResourcesFiltering - Copying 1 resource from src\main\resources to target\classes
2026-06-12 17:58:04,206 [Worker-73: Building] INFO  o.a.m.s.f.DefaultMavenResourcesFiltering - Copying 0 resource from src\main\resources to target\classes
2026-06-12 17:58:04,210 [Worker-73: Building] INFO  o.a.m.s.f.DefaultMavenResourcesFiltering - skip non existing resourceDirectory C:\Tejas Kasare Sir\T224\spring\Easy-Mart\src\test\resources
2026-06-12 17:58:13,887 [Worker-68: Building] INFO  o.a.m.s.f.DefaultMavenResourcesFiltering - Copying 1 resource from src\main\resources to target\classes
2026-06-12 17:58:13,890 [Worker-68: Building] INFO  o.a.m.s.f.DefaultMavenResourcesFiltering - Copying 0 resource from src\main\resources to target\classes
2026-06-12 17:58:13,894 [Worker-68: Building] INFO  o.a.m.s.f.DefaultMavenResourcesFiltering - skip non existing resourceDirectory C:\Tejas Kasare Sir\T224\spring\Easy-Mart\src\test\resources
2026-06-12 18:15:38,145 [Worker-77: Building] INFO  o.a.m.s.f.DefaultMavenResourcesFiltering - Copying 1 resource from src\main\resources to target\classes
2026-06-12 18:15:38,153 [Worker-77: Building] INFO  o.a.m.s.f.DefaultMavenResourcesFiltering - Copying 0 resource from src\main\resources to target\classes
2026-06-12 18:15:38,159 [Worker-77: Building] INFO  o.a.m.s.f.DefaultMavenResourcesFiltering - skip non existing resourceDirectory C:\Tejas Kasare Sir\T224\spring\Easy-Mart\src\test\resources
2026-06-12 18:17:58,473 [Worker-78: Building] INFO  o.a.m.s.f.DefaultMavenResourcesFiltering - Copying 1 resource from src\main\resources to target\classes
2026-06-12 18:17:58,478 [Worker-78: Building] INFO  o.a.m.s.f.DefaultMavenResourcesFiltering - Copying 0 resource from src\main\resources to target\classes
2026-06-12 18:17:58,481 [Worker-78: Building] INFO  o.a.m.s.f.DefaultMavenResourcesFiltering - skip non existing resourceDirectory C:\Tejas Kasare Sir\T224\spring\Easy-Mart\src\test\resources
2026-06-12 18:19:03,984 [Worker-78: Building] INFO  o.a.m.s.f.DefaultMavenResourcesFiltering - Copying 1 resource from src\main\resources to target\classes
2026-06-12 18:19:03,988 [Worker-78: Building] INFO  o.a.m.s.f.DefaultMavenResourcesFiltering - Copying 0 resource from src\main\resources to target\classes
2026-06-12 18:19:03,990 [Worker-78: Building] INFO  o.a.m.s.f.DefaultMavenResourcesFiltering - skip non existing resourceDirectory C:\Tejas Kasare Sir\T224\spring\Easy-Mart\src\test\resources
2026-06-15 17:09:08,544 [Worker-91: Building] INFO  o.a.m.s.f.DefaultMavenResourcesFiltering - Copying 1 resource from src\main\resources to target\classes
2026-06-15 17:09:08,727 [Worker-91: Building] INFO  o.a.m.s.f.DefaultMavenResourcesFiltering - Copying 0 resource from src\main\resources to target\classes
2026-06-15 17:09:08,731 [Worker-91: Building] INFO  o.a.m.s.f.DefaultMavenResourcesFiltering - skip non existing resourceDirectory C:\Tejas Kasare Sir\T224\spring\Easy-Mart\src\test\resources
2026-06-15 17:10:52,808 [Worker-92: Building] INFO  o.a.m.s.f.DefaultMavenResourcesFiltering - Copying 1 resource from src\main\resources to target\classes
2026-06-15 17:10:52,813 [Worker-92: Building] INFO  o.a.m.s.f.DefaultMavenResourcesFiltering - Copying 0 resource from src\main\resources to target\classes
2026-06-15 17:10:52,818 [Worker-92: Building] INFO  o.a.m.s.f.DefaultMavenResourcesFiltering - skip non existing resourceDirectory C:\Tejas Kasare Sir\T224\spring\Easy-Mart\src\test\resources
2026-06-15 17:12:54,891 [Worker-94: Building] INFO  o.a.m.s.f.DefaultMavenResourcesFiltering - Copying 1 resource from src\main\resources to target\classes
2026-06-15 17:12:54,944 [Worker-94: Building] INFO  o.a.m.s.f.DefaultMavenResourcesFiltering - Copying 0 resource from src\main\resources to target\classes
2026-06-15 17:12:54,949 [Worker-94: Building] INFO  o.a.m.s.f.DefaultMavenResourcesFiltering - skip non existing resourceDirectory C:\Tejas Kasare Sir\T224\spring\Easy-Mart\src\test\resources
2026-06-15 17:15:10,038 [Worker-92: Building] INFO  o.a.m.s.f.DefaultMavenResourcesFiltering - Copying 1 resource from src\main\resources to target\classes
2026-06-15 17:15:10,097 [Worker-92: Building] INFO  o.a.m.s.f.DefaultMavenResourcesFiltering - Copying 0 resource from src\main\resources to target\classes
2026-06-15 17:15:10,100 [Worker-92: Building] INFO  o.a.m.s.f.DefaultMavenResourcesFiltering - skip non existing resourceDirectory C:\Tejas Kasare Sir\T224\spring\Easy-Mart\src\test\resources
2026-06-15 17:15:28,357 [Worker-98: Building] INFO  o.a.m.s.f.DefaultMavenResourcesFiltering - Copying 1 resource from src\main\resources to target\classes
2026-06-15 17:15:28,413 [Worker-98: Building] INFO  o.a.m.s.f.DefaultMavenResourcesFiltering - Copying 0 resource from src\main\resources to target\classes
2026-06-15 17:15:28,419 [Worker-98: Building] INFO  o.a.m.s.f.DefaultMavenResourcesFiltering - skip non existing resourceDirectory C:\Tejas Kasare Sir\T224\spring\Easy-Mart\src\test\resources
2026-06-15 17:15:58,027 [Worker-97: Building] INFO  o.a.m.s.f.DefaultMavenResourcesFiltering - Copying 1 resource from src\main\resources to target\classes
2026-06-15 17:15:58,034 [Worker-97: Building] INFO  o.a.m.s.f.DefaultMavenResourcesFiltering - Copying 0 resource from src\main\resources to target\classes
2026-06-15 17:15:58,038 [Worker-97: Building] INFO  o.a.m.s.f.DefaultMavenResourcesFiltering - skip non existing resourceDirectory C:\Tejas Kasare Sir\T224\spring\Easy-Mart\src\test\resources
2026-06-15 17:16:05,065 [Worker-97: Building] INFO  o.a.m.s.f.DefaultMavenResourcesFiltering - Copying 1 resource from src\main\resources to target\classes
2026-06-15 17:16:05,074 [Worker-97: Building] INFO  o.a.m.s.f.DefaultMavenResourcesFiltering - Copying 0 resource from src\main\resources to target\classes
2026-06-15 17:16:05,078 [Worker-97: Building] INFO  o.a.m.s.f.DefaultMavenResourcesFiltering - skip non existing resourceDirectory C:\Tejas Kasare Sir\T224\spring\Easy-Mart\src\test\resources
2026-06-15 17:42:37,847 [Worker-97: Building] INFO  o.a.m.s.f.DefaultMavenResourcesFiltering - Copying 1 resource from src\main\resources to target\classes
2026-06-15 17:42:37,900 [Worker-97: Building] INFO  o.a.m.s.f.DefaultMavenResourcesFiltering - Copying 0 resource from src\main\resources to target\classes
2026-06-15 17:42:37,906 [Worker-97: Building] INFO  o.a.m.s.f.DefaultMavenResourcesFiltering - skip non existing resourceDirectory C:\Tejas Kasare Sir\T224\spring\Easy-Mart\src\test\resources
2026-06-15 17:53:32,858 [Worker-104: Building] INFO  o.a.m.s.f.DefaultMavenResourcesFiltering - Copying 1 resource from src\main\resources to target\classes
2026-06-15 17:53:32,864 [Worker-104: Building] INFO  o.a.m.s.f.DefaultMavenResourcesFiltering - Copying 0 resource from src\main\resources to target\classes
2026-06-15 17:53:32,867 [Worker-104: Building] INFO  o.a.m.s.f.DefaultMavenResourcesFiltering - skip non existing resourceDirectory C:\Tejas Kasare Sir\T224\spring\Easy-Mart\src\test\resources
2026-06-15 17:54:21,013 [Worker-102: Building] INFO  o.a.m.s.f.DefaultMavenResourcesFiltering - Copying 1 resource from src\main\resources to target\classes
2026-06-15 17:54:21,125 [Worker-102: Building] INFO  o.a.m.s.f.DefaultMavenResourcesFiltering - Copying 0 resource from src\main\resources to target\classes
2026-06-15 17:54:21,130 [Worker-102: Building] INFO  o.a.m.s.f.DefaultMavenResourcesFiltering - skip non existing resourceDirectory C:\Tejas Kasare Sir\T224\spring\Easy-Mart\src\test\resources
2026-06-15 17:55:39,716 [Worker-106: Building] INFO  o.a.m.s.f.DefaultMavenResourcesFiltering - Copying 1 resource from src\main\resources to target\classes
2026-06-15 17:55:39,725 [Worker-106: Building] INFO  o.a.m.s.f.DefaultMavenResourcesFiltering - Copying 0 resource from src\main\resources to target\classes
2026-06-15 17:55:39,729 [Worker-106: Building] INFO  o.a.m.s.f.DefaultMavenResourcesFiltering - skip non existing resourceDirectory C:\Tejas Kasare Sir\T224\spring\Easy-Mart\src\test\resources
2026-06-16 16:22:00,782 [Worker-106: Building] INFO  o.a.m.s.f.DefaultMavenResourcesFiltering - Copying 1 resource from src\main\resources to target\classes
2026-06-16 16:22:00,895 [Worker-106: Building] INFO  o.a.m.s.f.DefaultMavenResourcesFiltering - Copying 0 resource from src\main\resources to target\classes
2026-06-16 16:22:00,899 [Worker-106: Building] INFO  o.a.m.s.f.DefaultMavenResourcesFiltering - skip non existing resourceDirectory C:\Tejas Kasare Sir\T224\spring\Easy-Mart\src\test\resources
2026-06-18 16:13:19,268 [Worker-1: Loading available Gradle versions] INFO  o.e.b.c.i.u.g.PublishedGradleVersions - Gradle version information cache is up-to-date. Trying to read.
2026-06-19 18:15:45,281 [Worker-29: Building] INFO  o.a.m.s.f.DefaultMavenResourcesFiltering - Copying 1 resource from src\main\resources to target\classes
2026-06-19 18:15:45,618 [Worker-29: Building] INFO  o.a.m.s.f.DefaultMavenResourcesFiltering - Copying 0 resource from src\main\resources to target\classes
2026-06-19 18:15:45,631 [Worker-29: Building] INFO  o.a.m.s.f.DefaultMavenResourcesFiltering - skip non existing resourceDirectory C:\Tejas Kasare Sir\T224\spring\Easy-Mart\src\test\resources
2026-06-22 17:48:46,229 [Worker-2: Loading available Gradle versions] INFO  o.e.b.c.i.u.g.PublishedGradleVersions - Gradle version information cache is out-of-date. Trying to update.
2026-06-23 17:01:49,422 [Worker-2: Loading available Gradle versions] INFO  o.e.b.c.i.u.g.PublishedGradleVersions - Gradle version information cache is up-to-date. Trying to read.
2026-06-23 17:20:29,655 [Worker-4: Building] INFO  o.a.m.s.f.DefaultMavenResourcesFiltering - Copying 1 resource from src\main\resources to target\classes
2026-06-23 17:20:29,712 [Worker-4: Building] INFO  o.a.m.s.f.DefaultMavenResourcesFiltering - Copying 0 resource from src\main\resources to target\classes
2026-06-23 17:20:29,727 [Worker-4: Building] INFO  o.a.m.s.f.DefaultMavenResourcesFiltering - skip non existing resourceDirectory C:\Tejas Kasare Sir\T224\spring\Easy-Mart\src\test\resources
2026-06-23 17:20:34,323 [Worker-11: Building] INFO  o.a.m.s.f.DefaultMavenResourcesFiltering - Copying 1 resource from src\main\resources to target\classes
2026-06-23 17:20:34,372 [Worker-11: Building] INFO  o.a.m.s.f.DefaultMavenResourcesFiltering - Copying 0 resource from src\main\resources to target\classes
2026-06-23 17:20:34,379 [Worker-11: Building] INFO  o.a.m.s.f.DefaultMavenResourcesFiltering - skip non existing resourceDirectory C:\Tejas Kasare Sir\T224\spring\_1_firstAPI\src\test\resources
2026-06-23 17:20:35,878 [Worker-11: Building] INFO  o.a.m.s.f.DefaultMavenResourcesFiltering - Copying 1 resource from src\main\resources to target\classes
2026-06-23 17:20:35,925 [Worker-11: Building] INFO  o.a.m.s.f.DefaultMavenResourcesFiltering - Copying 0 resource from src\main\resources to target\classes
2026-06-23 17:20:35,939 [Worker-11: Building] INFO  o.a.m.s.f.DefaultMavenResourcesFiltering - skip non existing resourceDirectory C:\Tejas Kasare Sir\T224\spring\_2_Annotations\src\test\resources
2026-06-23 17:20:37,775 [Worker-11: Building] INFO  o.a.m.s.f.DefaultMavenResourcesFiltering - Copying 1 resource from src\main\resources to target\classes
2026-06-23 17:20:37,822 [Worker-11: Building] INFO  o.a.m.s.f.DefaultMavenResourcesFiltering - Copying 0 resource from src\main\resources to target\classes
2026-06-23 17:20:37,830 [Worker-11: Building] INFO  o.a.m.s.f.DefaultMavenResourcesFiltering - skip non existing resourceDirectory C:\Tejas Kasare Sir\T224\spring\_3_Service_Controller_Basics\src\test\resources
2026-06-23 17:20:39,835 [Worker-11: Building] INFO  o.a.m.s.f.DefaultMavenResourcesFiltering - Copying 1 resource from src\main\resources to target\classes
2026-06-23 17:20:39,878 [Worker-11: Building] INFO  o.a.m.s.f.DefaultMavenResourcesFiltering - Copying 0 resource from src\main\resources to target\classes
2026-06-23 17:20:39,888 [Worker-11: Building] INFO  o.a.m.s.f.DefaultMavenResourcesFiltering - skip non existing resourceDirectory C:\Tejas Kasare Sir\T224\spring\_4_Mysql_JPA_Crud\src\test\resources
2026-06-23 17:20:41,835 [Worker-11: Building] INFO  o.a.m.s.f.DefaultMavenResourcesFiltering - Copying 1 resource from src\main\resources to target\classes
2026-06-23 17:20:41,886 [Worker-11: Building] INFO  o.a.m.s.f.DefaultMavenResourcesFiltering - Copying 0 resource from src\main\resources to target\classes
2026-06-23 17:20:41,892 [Worker-11: Building] INFO  o.a.m.s.f.DefaultMavenResourcesFiltering - skip non existing resourceDirectory C:\Tejas Kasare Sir\T224\spring\_5_Lombok_Auditing_JPAMethods_Validation_CustomResponse\src\test\resources
2026-06-23 17:20:44,811 [Worker-11: Building] INFO  o.a.m.s.f.DefaultMavenResourcesFiltering - Copying 1 resource from src\main\resources to target\classes
2026-06-23 17:20:44,912 [Worker-11: Building] INFO  o.a.m.s.f.DefaultMavenResourcesFiltering - Copying 0 resource from src\main\resources to target\classes
2026-06-23 17:20:44,918 [Worker-11: Building] INFO  o.a.m.s.f.DefaultMavenResourcesFiltering - skip non existing resourceDirectory C:\Tejas Kasare Sir\T224\spring\_6_Mapping_Specification\src\test\resources
2026-06-23 17:26:03,623 [Worker-9: Building] INFO  o.a.m.s.f.DefaultMavenResourcesFiltering - Copying 1 resource from src\main\resources to target\classes
2026-06-23 17:26:03,632 [Worker-9: Building] INFO  o.a.m.s.f.DefaultMavenResourcesFiltering - Copying 0 resource from src\main\resources to target\classes
2026-06-23 17:26:03,639 [Worker-9: Building] INFO  o.a.m.s.f.DefaultMavenResourcesFiltering - skip non existing resourceDirectory C:\Tejas Kasare Sir\T224\spring\Easy-Mart\src\test\resources
2026-06-23 17:36:09,528 [Worker-9: Building] INFO  o.a.m.s.f.DefaultMavenResourcesFiltering - Copying 1 resource from src\main\resources to target\classes
2026-06-23 17:36:09,536 [Worker-9: Building] INFO  o.a.m.s.f.DefaultMavenResourcesFiltering - Copying 0 resource from src\main\resources to target\classes
2026-06-23 17:36:09,540 [Worker-9: Building] INFO  o.a.m.s.f.DefaultMavenResourcesFiltering - skip non existing resourceDirectory C:\Tejas Kasare Sir\T224\spring\Easy-Mart\src\test\resources
2026-06-23 17:53:28,126 [Worker-16: Building] INFO  o.a.m.s.f.DefaultMavenResourcesFiltering - Copying 1 resource from src\main\resources to target\classes
2026-06-23 17:53:28,173 [Worker-16: Building] INFO  o.a.m.s.f.DefaultMavenResourcesFiltering - Copying 0 resource from src\main\resources to target\classes
2026-06-23 17:53:28,177 [Worker-16: Building] INFO  o.a.m.s.f.DefaultMavenResourcesFiltering - skip non existing resourceDirectory C:\Tejas Kasare Sir\T224\spring\Easy-Mart\src\test\resources
2026-06-23 17:57:12,112 [Worker-10: Building] INFO  o.a.m.s.f.DefaultMavenResourcesFiltering - Copying 1 resource from src\main\resources to target\classes
2026-06-23 17:57:12,135 [Worker-10: Building] INFO  o.a.m.s.f.DefaultMavenResourcesFiltering - Copying 0 resource from src\main\resources to target\classes
2026-06-23 17:57:12,139 [Worker-10: Building] INFO  o.a.m.s.f.DefaultMavenResourcesFiltering - skip non existing resourceDirectory C:\Tejas Kasare Sir\T224\spring\Easy-Mart\src\test\resources
2026-06-23 17:59:21,333 [Worker-17: Building] INFO  o.a.m.s.f.DefaultMavenResourcesFiltering - Copying 1 resource from src\main\resources to target\classes
2026-06-23 17:59:21,340 [Worker-17: Building] INFO  o.a.m.s.f.DefaultMavenResourcesFiltering - Copying 0 resource from src\main\resources to target\classes
2026-06-23 17:59:21,346 [Worker-17: Building] INFO  o.a.m.s.f.DefaultMavenResourcesFiltering - skip non existing resourceDirectory C:\Tejas Kasare Sir\T224\spring\Easy-Mart\src\test\resources
2026-06-23 18:00:26,659 [Worker-21: Building] INFO  o.a.m.s.f.DefaultMavenResourcesFiltering - Copying 1 resource from src\main\resources to target\classes
2026-06-23 18:00:26,665 [Worker-21: Building] INFO  o.a.m.s.f.DefaultMavenResourcesFiltering - Copying 0 resource from src\main\resources to target\classes
2026-06-23 18:00:26,670 [Worker-21: Building] INFO  o.a.m.s.f.DefaultMavenResourcesFiltering - skip non existing resourceDirectory C:\Tejas Kasare Sir\T224\spring\Easy-Mart\src\test\resources
2026-06-23 18:05:50,608 [Worker-20: Building] INFO  o.a.m.s.f.DefaultMavenResourcesFiltering - Copying 1 resource from src\main\resources to target\classes
2026-06-23 18:05:50,616 [Worker-20: Building] INFO  o.a.m.s.f.DefaultMavenResourcesFiltering - Copying 0 resource from src\main\resources to target\classes
2026-06-23 18:05:50,623 [Worker-20: Building] INFO  o.a.m.s.f.DefaultMavenResourcesFiltering - skip non existing resourceDirectory C:\Tejas Kasare Sir\T224\spring\Easy-Mart\src\test\resources
2026-06-23 18:29:43,335 [Worker-27: Building] INFO  o.a.m.s.f.DefaultMavenResourcesFiltering - Copying 1 resource from src\main\resources to target\classes
2026-06-23 18:29:43,343 [Worker-27: Building] INFO  o.a.m.s.f.DefaultMavenResourcesFiltering - Copying 0 resource from src\main\resources to target\classes
2026-06-23 18:29:43,348 [Worker-27: Building] INFO  o.a.m.s.f.DefaultMavenResourcesFiltering - skip non existing resourceDirectory C:\Tejas Kasare Sir\T224\spring\Easy-Mart\src\test\resources
2026-06-23 18:30:49,686 [Worker-27: Building] INFO  o.a.m.s.f.DefaultMavenResourcesFiltering - Copying 1 resource from src\main\resources to target\classes
2026-06-23 18:30:49,693 [Worker-27: Building] INFO  o.a.m.s.f.DefaultMavenResourcesFiltering - Copying 0 resource from src\main\resources to target\classes
2026-06-23 18:30:49,698 [Worker-27: Building] INFO  o.a.m.s.f.DefaultMavenResourcesFiltering - skip non existing resourceDirectory C:\Tejas Kasare Sir\T224\spring\Easy-Mart\src\test\resources
2026-06-23 18:30:55,408 [Worker-26: Building] INFO  o.a.m.s.f.DefaultMavenResourcesFiltering - Copying 1 resource from src\main\resources to target\classes
2026-06-23 18:30:55,412 [Worker-26: Building] INFO  o.a.m.s.f.DefaultMavenResourcesFiltering - Copying 0 resource from src\main\resources to target\classes
2026-06-23 18:30:55,416 [Worker-26: Building] INFO  o.a.m.s.f.DefaultMavenResourcesFiltering - skip non existing resourceDirectory C:\Tejas Kasare Sir\T224\spring\Easy-Mart\src\test\resources
2026-06-23 18:31:16,051 [Worker-24: Building] INFO  o.a.m.s.f.DefaultMavenResourcesFiltering - Copying 1 resource from src\main\resources to target\classes
2026-06-23 18:31:16,056 [Worker-24: Building] INFO  o.a.m.s.f.DefaultMavenResourcesFiltering - Copying 0 resource from src\main\resources to target\classes
2026-06-23 18:31:16,061 [Worker-24: Building] INFO  o.a.m.s.f.DefaultMavenResourcesFiltering - skip non existing resourceDirectory C:\Tejas Kasare Sir\T224\spring\Easy-Mart\src\test\resources
2026-06-23 18:31:22,562 [Worker-24: Building] INFO  o.a.m.s.f.DefaultMavenResourcesFiltering - Copying 1 resource from src\main\resources to target\classes
2026-06-23 18:31:22,571 [Worker-24: Building] INFO  o.a.m.s.f.DefaultMavenResourcesFiltering - Copying 0 resource from src\main\resources to target\classes
2026-06-23 18:31:22,574 [Worker-24: Building] INFO  o.a.m.s.f.DefaultMavenResourcesFiltering - skip non existing resourceDirectory C:\Tejas Kasare Sir\T224\spring\Easy-Mart\src\test\resources
2026-06-23 19:25:49,786 [Worker-29: Building] INFO  o.a.m.s.f.DefaultMavenResourcesFiltering - Copying 1 resource from src\main\resources to target\classes
2026-06-23 19:25:49,795 [Worker-29: Building] INFO  o.a.m.s.f.DefaultMavenResourcesFiltering - Copying 0 resource from src\main\resources to target\classes
2026-06-23 19:25:49,800 [Worker-29: Building] INFO  o.a.m.s.f.DefaultMavenResourcesFiltering - skip non existing resourceDirectory C:\Tejas Kasare Sir\T224\spring\Easy-Mart\src\test\resources
2026-07-01 16:20:46,542 [Worker-1: Loading available Gradle versions] INFO  o.e.b.c.i.u.g.PublishedGradleVersions - Gradle version information cache is out-of-date. Trying to update.
2026-07-01 16:37:11,133 [Worker-1: Building] INFO  o.a.m.s.f.DefaultMavenResourcesFiltering - Copying 1 resource from src\main\resources to target\classes
2026-07-01 16:37:11,222 [Worker-1: Building] INFO  o.a.m.s.f.DefaultMavenResourcesFiltering - Copying 0 resource from src\main\resources to target\classes
2026-07-01 16:37:11,233 [Worker-1: Building] INFO  o.a.m.s.f.DefaultMavenResourcesFiltering - skip non existing resourceDirectory C:\Tejas Kasare Sir\T224\spring\Easy-Mart\src\test\resources
2026-07-01 16:41:30,615 [Worker-2: Building] INFO  o.a.m.s.f.DefaultMavenResourcesFiltering - Copying 1 resource from src\main\resources to target\classes
2026-07-01 16:41:30,716 [Worker-2: Building] INFO  o.a.m.s.f.DefaultMavenResourcesFiltering - Copying 0 resource from src\main\resources to target\classes
2026-07-01 16:41:30,726 [Worker-2: Building] INFO  o.a.m.s.f.DefaultMavenResourcesFiltering - skip non existing resourceDirectory C:\Tejas Kasare Sir\T224\spring\Easy-Mart\src\test\resources
2026-07-01 16:55:43,042 [Worker-18: Building] INFO  o.a.m.s.f.DefaultMavenResourcesFiltering - Copying 1 resource from src\main\resources to target\classes
2026-07-01 16:55:43,084 [Worker-18: Building] INFO  o.a.m.s.f.DefaultMavenResourcesFiltering - Copying 0 resource from src\main\resources to target\classes
2026-07-01 16:55:43,093 [Worker-18: Building] INFO  o.a.m.s.f.DefaultMavenResourcesFiltering - skip non existing resourceDirectory C:\Tejas Kasare Sir\T224\spring\Easy-Mart\src\test\resources
2026-07-01 16:57:33,864 [Worker-16: Building] INFO  o.a.m.s.f.DefaultMavenResourcesFiltering - Copying 1 resource from src\main\resources to target\classes
2026-07-01 16:57:33,872 [Worker-16: Building] INFO  o.a.m.s.f.DefaultMavenResourcesFiltering - Copying 0 resource from src\main\resources to target\classes
2026-07-01 16:57:33,877 [Worker-16: Building] INFO  o.a.m.s.f.DefaultMavenResourcesFiltering - skip non existing resourceDirectory C:\Tejas Kasare Sir\T224\spring\Easy-Mart\src\test\resources
2026-07-01 17:00:23,981 [Worker-18: Building] INFO  o.a.m.s.f.DefaultMavenResourcesFiltering - Copying 1 resource from src\main\resources to target\classes
2026-07-01 17:00:23,988 [Worker-18: Building] INFO  o.a.m.s.f.DefaultMavenResourcesFiltering - Copying 0 resource from src\main\resources to target\classes
2026-07-01 17:00:23,993 [Worker-18: Building] INFO  o.a.m.s.f.DefaultMavenResourcesFiltering - skip non existing resourceDirectory C:\Tejas Kasare Sir\T224\spring\Easy-Mart\src\test\resources
2026-07-02 17:51:01,273 [Worker-42: Building] INFO  o.a.m.s.f.DefaultMavenResourcesFiltering - Copying 1 resource from src\main\resources to target\classes
2026-07-02 17:51:01,526 [Worker-42: Building] INFO  o.a.m.s.f.DefaultMavenResourcesFiltering - Copying 0 resource from src\main\resources to target\classes
2026-07-02 17:51:01,535 [Worker-42: Building] INFO  o.a.m.s.f.DefaultMavenResourcesFiltering - skip non existing resourceDirectory C:\Tejas Kasare Sir\T224\spring\Easy-Mart\src\test\resources
2026-07-02 17:54:13,895 [Worker-45: Building] INFO  o.a.m.s.f.DefaultMavenResourcesFiltering - Copying 1 resource from src\main\resources to target\classes
2026-07-02 17:54:13,903 [Worker-45: Building] INFO  o.a.m.s.f.DefaultMavenResourcesFiltering - Copying 0 resource from src\main\resources to target\classes
2026-07-02 17:54:13,907 [Worker-45: Building] INFO  o.a.m.s.f.DefaultMavenResourcesFiltering - skip non existing resourceDirectory C:\Tejas Kasare Sir\T224\spring\Easy-Mart\src\test\resources
2026-07-02 17:54:23,482 [Worker-44: Building] INFO  o.a.m.s.f.DefaultMavenResourcesFiltering - Copying 1 resource from src\main\resources to target\classes
2026-07-02 17:54:23,492 [Worker-44: Building] INFO  o.a.m.s.f.DefaultMavenResourcesFiltering - Copying 0 resource from src\main\resources to target\classes
2026-07-02 17:54:23,502 [Worker-44: Building] INFO  o.a.m.s.f.DefaultMavenResourcesFiltering - skip non existing resourceDirectory C:\Tejas Kasare Sir\T224\spring\Easy-Mart\src\test\resources
2026-07-02 17:56:32,457 [Worker-42: Building] INFO  o.a.m.s.f.DefaultMavenResourcesFiltering - Copying 1 resource from src\main\resources to target\classes
2026-07-02 17:56:32,464 [Worker-42: Building] INFO  o.a.m.s.f.DefaultMavenResourcesFiltering - Copying 0 resource from src\main\resources to target\classes
2026-07-02 17:56:32,469 [Worker-42: Building] INFO  o.a.m.s.f.DefaultMavenResourcesFiltering - skip non existing resourceDirectory C:\Tejas Kasare Sir\T224\spring\Easy-Mart\src\test\resources
2026-07-02 17:59:22,612 [Worker-45: Building] INFO  o.a.m.s.f.DefaultMavenResourcesFiltering - Copying 1 resource from src\main\resources to target\classes
2026-07-02 17:59:22,617 [Worker-45: Building] INFO  o.a.m.s.f.DefaultMavenResourcesFiltering - Copying 0 resource from src\main\resources to target\classes
2026-07-02 17:59:22,622 [Worker-45: Building] INFO  o.a.m.s.f.DefaultMavenResourcesFiltering - skip non existing resourceDirectory C:\Tejas Kasare Sir\T224\spring\Easy-Mart\src\test\resources
2026-07-02 18:00:16,434 [Worker-48: Building] INFO  o.a.m.s.f.DefaultMavenResourcesFiltering - Copying 1 resource from src\main\resources to target\classes
2026-07-02 18:00:16,475 [Worker-48: Building] INFO  o.a.m.s.f.DefaultMavenResourcesFiltering - Copying 0 resource from src\main\resources to target\classes
2026-07-02 18:00:16,481 [Worker-48: Building] INFO  o.a.m.s.f.DefaultMavenResourcesFiltering - skip non existing resourceDirectory C:\Tejas Kasare Sir\T224\spring\Easy-Mart\src\test\resources
2026-07-02 18:08:42,795 [Worker-46: Building] INFO  o.a.m.s.f.DefaultMavenResourcesFiltering - Copying 1 resource from src\main\resources to target\classes
2026-07-02 18:08:42,805 [Worker-46: Building] INFO  o.a.m.s.f.DefaultMavenResourcesFiltering - Copying 0 resource from src\main\resources to target\classes
2026-07-02 18:08:42,809 [Worker-46: Building] INFO  o.a.m.s.f.DefaultMavenResourcesFiltering - skip non existing resourceDirectory C:\Tejas Kasare Sir\T224\spring\Easy-Mart\src\test\resources
2026-07-02 18:09:33,684 [Worker-49: Building] INFO  o.a.m.s.f.DefaultMavenResourcesFiltering - Copying 1 resource from src\main\resources to target\classes
2026-07-02 18:09:33,691 [Worker-49: Building] INFO  o.a.m.s.f.DefaultMavenResourcesFiltering - Copying 0 resource from src\main\resources to target\classes
2026-07-02 18:09:33,697 [Worker-49: Building] INFO  o.a.m.s.f.DefaultMavenResourcesFiltering - skip non existing resourceDirectory C:\Tejas Kasare Sir\T224\spring\Easy-Mart\src\test\resources
2026-07-02 18:21:00,804 [Worker-46: Building] INFO  o.a.m.s.f.DefaultMavenResourcesFiltering - Copying 1 resource from src\main\resources to target\classes
2026-07-02 18:21:00,819 [Worker-46: Building] INFO  o.a.m.s.f.DefaultMavenResourcesFiltering - Copying 0 resource from src\main\resources to target\classes
2026-07-02 18:21:00,823 [Worker-46: Building] INFO  o.a.m.s.f.DefaultMavenResourcesFiltering - skip non existing resourceDirectory C:\Tejas Kasare Sir\T224\spring\Easy-Mart\src\test\resources
2026-07-02 18:21:03,538 [Worker-52: Building] INFO  o.a.m.s.f.DefaultMavenResourcesFiltering - Copying 1 resource from src\main\resources to target\classes
2026-07-02 18:21:03,551 [Worker-52: Building] INFO  o.a.m.s.f.DefaultMavenResourcesFiltering - Copying 0 resource from src\main\resources to target\classes
2026-07-02 18:21:03,555 [Worker-52: Building] INFO  o.a.m.s.f.DefaultMavenResourcesFiltering - skip non existing resourceDirectory C:\Tejas Kasare Sir\T224\spring\Easy-Mart\src\test\resources
2026-07-02 18:44:26,557 [Worker-62: Building] INFO  o.a.m.s.f.DefaultMavenResourcesFiltering - Copying 1 resource from src\main\resources to target\classes
2026-07-02 18:44:26,564 [Worker-62: Building] INFO  o.a.m.s.f.DefaultMavenResourcesFiltering - Copying 0 resource from src\main\resources to target\classes
2026-07-02 18:44:26,568 [Worker-62: Building] INFO  o.a.m.s.f.DefaultMavenResourcesFiltering - skip non existing resourceDirectory C:\Tejas Kasare Sir\T224\spring\Easy-Mart\src\test\resources
2026-07-03 16:43:35,869 [Worker-66: Building] INFO  o.a.m.s.f.DefaultMavenResourcesFiltering - Copying 1 resource from src\main\resources to target\classes
2026-07-03 16:43:35,952 [Worker-66: Building] INFO  o.a.m.s.f.DefaultMavenResourcesFiltering - Copying 0 resource from src\main\resources to target\classes
2026-07-03 16:43:35,956 [Worker-66: Building] INFO  o.a.m.s.f.DefaultMavenResourcesFiltering - skip non existing resourceDirectory C:\Tejas Kasare Sir\T224\spring\Easy-Mart\src\test\resources
2026-07-03 16:45:50,242 [Worker-66: Building] INFO  o.a.m.s.f.DefaultMavenResourcesFiltering - Copying 1 resource from src\main\resources to target\classes
2026-07-03 16:45:50,248 [Worker-66: Building] INFO  o.a.m.s.f.DefaultMavenResourcesFiltering - Copying 0 resource from src\main\resources to target\classes
2026-07-03 16:45:50,253 [Worker-66: Building] INFO  o.a.m.s.f.DefaultMavenResourcesFiltering - skip non existing resourceDirectory C:\Tejas Kasare Sir\T224\spring\Easy-Mart\src\test\resources
2026-07-03 17:27:03,486 [Worker-78: Building] INFO  o.a.m.s.f.DefaultMavenResourcesFiltering - Copying 1 resource from src\main\resources to target\classes
2026-07-03 17:27:03,493 [Worker-78: Building] INFO  o.a.m.s.f.DefaultMavenResourcesFiltering - Copying 0 resource from src\main\resources to target\classes
2026-07-03 17:27:03,496 [Worker-78: Building] INFO  o.a.m.s.f.DefaultMavenResourcesFiltering - skip non existing resourceDirectory C:\Tejas Kasare Sir\T224\spring\Easy-Mart\src\test\resources
2026-07-03 17:28:01,059 [Worker-78: Building] INFO  o.a.m.s.f.DefaultMavenResourcesFiltering - Copying 1 resource from src\main\resources to target\classes
2026-07-03 17:28:01,069 [Worker-78: Building] INFO  o.a.m.s.f.DefaultMavenResourcesFiltering - Copying 0 resource from src\main\resources to target\classes
2026-07-03 17:28:01,074 [Worker-78: Building] INFO  o.a.m.s.f.DefaultMavenResourcesFiltering - skip non existing resourceDirectory C:\Tejas Kasare Sir\T224\spring\Easy-Mart\src\test\resources
2026-07-03 17:37:44,670 [Worker-83: Building] INFO  o.a.m.s.f.DefaultMavenResourcesFiltering - Copying 1 resource from src\main\resources to target\classes
2026-07-03 17:37:44,690 [Worker-83: Building] INFO  o.a.m.s.f.DefaultMavenResourcesFiltering - Copying 0 resource from src\main\resources to target\classes
2026-07-03 17:37:44,694 [Worker-83: Building] INFO  o.a.m.s.f.DefaultMavenResourcesFiltering - skip non existing resourceDirectory C:\Tejas Kasare Sir\T224\spring\Easy-Mart\src\test\resources
2026-07-03 17:38:00,079 [Worker-86: Building] INFO  o.a.m.s.f.DefaultMavenResourcesFiltering - Copying 1 resource from src\main\resources to target\classes
2026-07-03 17:38:00,090 [Worker-86: Building] INFO  o.a.m.s.f.DefaultMavenResourcesFiltering - Copying 0 resource from src\main\resources to target\classes
2026-07-03 17:38:00,098 [Worker-86: Building] INFO  o.a.m.s.f.DefaultMavenResourcesFiltering - skip non existing resourceDirectory C:\Tejas Kasare Sir\T224\spring\Easy-Mart\src\test\resources
2026-07-03 17:45:39,371 [Worker-84: Building] INFO  o.a.m.s.f.DefaultMavenResourcesFiltering - Copying 1 resource from src\main\resources to target\classes
2026-07-03 17:45:39,382 [Worker-84: Building] INFO  o.a.m.s.f.DefaultMavenResourcesFiltering - Copying 0 resource from src\main\resources to target\classes
2026-07-03 17:45:39,386 [Worker-84: Building] INFO  o.a.m.s.f.DefaultMavenResourcesFiltering - skip non existing resourceDirectory C:\Tejas Kasare Sir\T224\spring\Easy-Mart\src\test\resources
2026-07-03 17:45:46,129 [Worker-84: Building] INFO  o.a.m.s.f.DefaultMavenResourcesFiltering - Copying 1 resource from src\main\resources to target\classes
2026-07-03 17:45:46,134 [Worker-84: Building] INFO  o.a.m.s.f.DefaultMavenResourcesFiltering - Copying 0 resource from src\main\resources to target\classes
2026-07-03 17:45:46,138 [Worker-84: Building] INFO  o.a.m.s.f.DefaultMavenResourcesFiltering - skip non existing resourceDirectory C:\Tejas Kasare Sir\T224\spring\Easy-Mart\src\test\resources
2026-07-03 18:05:16,908 [Worker-96: Building] INFO  o.a.m.s.f.DefaultMavenResourcesFiltering - Copying 1 resource from src\main\resources to target\classes
2026-07-03 18:05:16,918 [Worker-96: Building] INFO  o.a.m.s.f.DefaultMavenResourcesFiltering - Copying 0 resource from src\main\resources to target\classes
2026-07-03 18:05:16,922 [Worker-96: Building] INFO  o.a.m.s.f.DefaultMavenResourcesFiltering - skip non existing resourceDirectory C:\Tejas Kasare Sir\T224\spring\Easy-Mart\src\test\resources
2026-07-04 11:24:31,791 [Worker-118: Building] INFO  o.a.m.s.f.DefaultMavenResourcesFiltering - Copying 1 resource from src\main\resources to target\classes
2026-07-04 11:24:32,014 [Worker-118: Building] INFO  o.a.m.s.f.DefaultMavenResourcesFiltering - Copying 0 resource from src\main\resources to target\classes
2026-07-04 11:24:32,019 [Worker-118: Building] INFO  o.a.m.s.f.DefaultMavenResourcesFiltering - skip non existing resourceDirectory C:\Tejas Kasare Sir\T224\spring\Easy-Mart\src\test\resources
2026-07-04 11:26:35,421 [Worker-120: Building] INFO  o.a.m.s.f.DefaultMavenResourcesFiltering - Copying 1 resource from src\main\resources to target\classes
2026-07-04 11:26:35,436 [Worker-120: Building] INFO  o.a.m.s.f.DefaultMavenResourcesFiltering - Copying 0 resource from src\main\resources to target\classes
2026-07-04 11:26:35,442 [Worker-120: Building] INFO  o.a.m.s.f.DefaultMavenResourcesFiltering - skip non existing resourceDirectory C:\Tejas Kasare Sir\T224\spring\Easy-Mart\src\test\resources
2026-07-04 11:26:49,060 [Worker-118: Building] INFO  o.a.m.s.f.DefaultMavenResourcesFiltering - Copying 1 resource from src\main\resources to target\classes
2026-07-04 11:26:49,065 [Worker-118: Building] INFO  o.a.m.s.f.DefaultMavenResourcesFiltering - Copying 0 resource from src\main\resources to target\classes
2026-07-04 11:26:49,070 [Worker-118: Building] INFO  o.a.m.s.f.DefaultMavenResourcesFiltering - skip non existing resourceDirectory C:\Tejas Kasare Sir\T224\spring\Easy-Mart\src\test\resources
2026-07-04 11:32:26,634 [Worker-118: Building] INFO  o.a.m.s.f.DefaultMavenResourcesFiltering - Copying 1 resource from src\main\resources to target\classes
2026-07-04 11:32:26,643 [Worker-118: Building] INFO  o.a.m.s.f.DefaultMavenResourcesFiltering - Copying 0 resource from src\main\resources to target\classes
2026-07-04 11:32:26,648 [Worker-118: Building] INFO  o.a.m.s.f.DefaultMavenResourcesFiltering - skip non existing resourceDirectory C:\Tejas Kasare Sir\T224\spring\Easy-Mart\src\test\resources
2026-07-04 12:12:55,378 [Worker-126: Building] INFO  o.a.m.s.f.DefaultMavenResourcesFiltering - Copying 1 resource from src\main\resources to target\classes
2026-07-04 12:12:55,399 [Worker-126: Building] INFO  o.a.m.s.f.DefaultMavenResourcesFiltering - Copying 0 resource from src\main\resources to target\classes
2026-07-04 12:12:55,405 [Worker-126: Building] INFO  o.a.m.s.f.DefaultMavenResourcesFiltering - skip non existing resourceDirectory C:\Tejas Kasare Sir\T224\spring\Easy-Mart\src\test\resources
2026-07-04 12:44:13,043 [Worker-130: Building] INFO  o.a.m.s.f.DefaultMavenResourcesFiltering - Copying 1 resource from src\main\resources to target\classes
2026-07-04 12:44:13,056 [Worker-130: Building] INFO  o.a.m.s.f.DefaultMavenResourcesFiltering - Copying 0 resource from src\main\resources to target\classes
2026-07-04 12:44:13,060 [Worker-130: Building] INFO  o.a.m.s.f.DefaultMavenResourcesFiltering - skip non existing resourceDirectory C:\Tejas Kasare Sir\T224\spring\Easy-Mart\src\test\resources
2026-07-04 12:48:56,697 [Worker-134: Building] INFO  o.a.m.s.f.DefaultMavenResourcesFiltering - Copying 1 resource from src\main\resources to target\classes
2026-07-04 12:48:56,711 [Worker-134: Building] INFO  o.a.m.s.f.DefaultMavenResourcesFiltering - Copying 0 resource from src\main\resources to target\classes
2026-07-04 12:48:56,716 [Worker-134: Building] INFO  o.a.m.s.f.DefaultMavenResourcesFiltering - skip non existing resourceDirectory C:\Tejas Kasare Sir\T224\spring\Easy-Mart\src\test\resources
2026-07-04 12:55:18,301 [Worker-127: Building] INFO  o.a.m.s.f.DefaultMavenResourcesFiltering - Copying 1 resource from src\main\resources to target\classes
2026-07-04 12:55:18,308 [Worker-127: Building] INFO  o.a.m.s.f.DefaultMavenResourcesFiltering - Copying 0 resource from src\main\resources to target\classes
2026-07-04 12:55:18,315 [Worker-127: Building] INFO  o.a.m.s.f.DefaultMavenResourcesFiltering - skip non existing resourceDirectory C:\Tejas Kasare Sir\T224\spring\Easy-Mart\src\test\resources
2026-07-04 12:56:14,405 [Worker-134: Building] INFO  o.a.m.s.f.DefaultMavenResourcesFiltering - Copying 1 resource from src\main\resources to target\classes
2026-07-04 12:56:14,414 [Worker-134: Building] INFO  o.a.m.s.f.DefaultMavenResourcesFiltering - Copying 0 resource from src\main\resources to target\classes
2026-07-04 12:56:14,418 [Worker-134: Building] INFO  o.a.m.s.f.DefaultMavenResourcesFiltering - skip non existing resourceDirectory C:\Tejas Kasare Sir\T224\spring\Easy-Mart\src\test\resources
2026-07-04 13:02:24,717 [Worker-138: Building] INFO  o.a.m.s.f.DefaultMavenResourcesFiltering - Copying 1 resource from src\main\resources to target\classes
2026-07-04 13:02:24,724 [Worker-138: Building] INFO  o.a.m.s.f.DefaultMavenResourcesFiltering - Copying 0 resource from src\main\resources to target\classes
2026-07-04 13:02:24,728 [Worker-138: Building] INFO  o.a.m.s.f.DefaultMavenResourcesFiltering - skip non existing resourceDirectory C:\Tejas Kasare Sir\T224\spring\Easy-Mart\src\test\resources
2026-07-04 13:36:17,634 [Worker-145: Building] INFO  o.a.m.s.f.DefaultMavenResourcesFiltering - Copying 1 resource from src\main\resources to target\classes
2026-07-04 13:36:17,646 [Worker-145: Building] INFO  o.a.m.s.f.DefaultMavenResourcesFiltering - Copying 0 resource from src\main\resources to target\classes
2026-07-04 13:36:17,650 [Worker-145: Building] INFO  o.a.m.s.f.DefaultMavenResourcesFiltering - skip non existing resourceDirectory C:\Tejas Kasare Sir\T224\spring\Easy-Mart\src\test\resources
2026-07-04 13:38:03,689 [Worker-145: Building] INFO  o.a.m.s.f.DefaultMavenResourcesFiltering - Copying 1 resource from src\main\resources to target\classes
2026-07-04 13:38:03,725 [Worker-145: Building] INFO  o.a.m.s.f.DefaultMavenResourcesFiltering - Copying 0 resource from src\main\resources to target\classes
2026-07-04 13:38:03,729 [Worker-145: Building] INFO  o.a.m.s.f.DefaultMavenResourcesFiltering - skip non existing resourceDirectory C:\Tejas Kasare Sir\T224\spring\Easy-Mart\src\test\resources
2026-07-06 17:14:46,204 [Worker-158: Building] INFO  o.a.m.s.f.DefaultMavenResourcesFiltering - Copying 1 resource from src\main\resources to target\classes
2026-07-06 17:14:46,387 [Worker-158: Building] INFO  o.a.m.s.f.DefaultMavenResourcesFiltering - Copying 0 resource from src\main\resources to target\classes
2026-07-06 17:14:46,391 [Worker-158: Building] INFO  o.a.m.s.f.DefaultMavenResourcesFiltering - skip non existing resourceDirectory C:\Tejas Kasare Sir\T224\spring\Easy-Mart\src\test\resources
2026-07-06 17:18:10,702 [Worker-154: Building] INFO  o.a.m.s.f.DefaultMavenResourcesFiltering - Copying 1 resource from src\main\resources to target\classes
2026-07-06 17:18:10,740 [Worker-154: Building] INFO  o.a.m.s.f.DefaultMavenResourcesFiltering - Copying 0 resource from src\main\resources to target\classes
2026-07-06 17:18:10,744 [Worker-154: Building] INFO  o.a.m.s.f.DefaultMavenResourcesFiltering - skip non existing resourceDirectory C:\Tejas Kasare Sir\T224\spring\Easy-Mart\src\test\resources
2026-07-06 17:20:17,479 [Worker-154: Building] INFO  o.a.m.s.f.DefaultMavenResourcesFiltering - Copying 1 resource from src\main\resources to target\classes
2026-07-06 17:20:17,487 [Worker-154: Building] INFO  o.a.m.s.f.DefaultMavenResourcesFiltering - Copying 0 resource from src\main\resources to target\classes
2026-07-06 17:20:17,492 [Worker-154: Building] INFO  o.a.m.s.f.DefaultMavenResourcesFiltering - skip non existing resourceDirectory C:\Tejas Kasare Sir\T224\spring\Easy-Mart\src\test\resources
2026-07-06 17:22:55,841 [Worker-154: Building] INFO  o.a.m.s.f.DefaultMavenResourcesFiltering - Copying 1 resource from src\main\resources to target\classes
2026-07-06 17:22:55,850 [Worker-154: Building] INFO  o.a.m.s.f.DefaultMavenResourcesFiltering - Copying 0 resource from src\main\resources to target\classes
2026-07-06 17:22:55,854 [Worker-154: Building] INFO  o.a.m.s.f.DefaultMavenResourcesFiltering - skip non existing resourceDirectory C:\Tejas Kasare Sir\T224\spring\Easy-Mart\src\test\resources
2026-07-06 17:24:59,721 [Worker-167: Building] INFO  o.a.m.s.f.DefaultMavenResourcesFiltering - Copying 1 resource from src\main\resources to target\classes
2026-07-06 17:24:59,726 [Worker-167: Building] INFO  o.a.m.s.f.DefaultMavenResourcesFiltering - Copying 0 resource from src\main\resources to target\classes
2026-07-06 17:24:59,730 [Worker-167: Building] INFO  o.a.m.s.f.DefaultMavenResourcesFiltering - skip non existing resourceDirectory C:\Tejas Kasare Sir\T224\spring\Easy-Mart\src\test\resources
2026-07-06 18:00:24,310 [Worker-174: Building] INFO  o.a.m.s.f.DefaultMavenResourcesFiltering - Copying 1 resource from src\main\resources to target\classes
2026-07-06 18:00:24,345 [Worker-174: Building] INFO  o.a.m.s.f.DefaultMavenResourcesFiltering - Copying 0 resource from src\main\resources to target\classes
2026-07-06 18:00:24,350 [Worker-174: Building] INFO  o.a.m.s.f.DefaultMavenResourcesFiltering - skip non existing resourceDirectory C:\Tejas Kasare Sir\T224\spring\Easy-Mart\src\test\resources
2026-07-06 18:04:18,082 [Worker-172: Building] INFO  o.a.m.s.f.DefaultMavenResourcesFiltering - Copying 1 resource from src\main\resources to target\classes
2026-07-06 18:04:18,093 [Worker-172: Building] INFO  o.a.m.s.f.DefaultMavenResourcesFiltering - Copying 0 resource from src\main\resources to target\classes
2026-07-06 18:04:18,098 [Worker-172: Building] INFO  o.a.m.s.f.DefaultMavenResourcesFiltering - skip non existing resourceDirectory C:\Tejas Kasare Sir\T224\spring\Easy-Mart\src\test\resources
2026-07-06 18:27:12,847 [Worker-177: Building] INFO  o.a.m.s.f.DefaultMavenResourcesFiltering - Copying 1 resource from src\main\resources to target\classes
2026-07-06 18:27:12,876 [Worker-177: Building] INFO  o.a.m.s.f.DefaultMavenResourcesFiltering - Copying 0 resource from src\main\resources to target\classes
2026-07-06 18:27:12,880 [Worker-177: Building] INFO  o.a.m.s.f.DefaultMavenResourcesFiltering - skip non existing resourceDirectory C:\Tejas Kasare Sir\T224\spring\Easy-Mart\src\test\resources
2026-07-06 18:27:48,209 [Worker-175: Building] INFO  o.a.m.s.f.DefaultMavenResourcesFiltering - Copying 1 resource from src\main\resources to target\classes
2026-07-06 18:27:48,273 [Worker-175: Building] INFO  o.a.m.s.f.DefaultMavenResourcesFiltering - Copying 0 resource from src\main\resources to target\classes
2026-07-06 18:27:48,278 [Worker-175: Building] INFO  o.a.m.s.f.DefaultMavenResourcesFiltering - skip non existing resourceDirectory C:\Tejas Kasare Sir\T224\spring\Easy-Mart\src\test\resources
2026-07-06 18:29:25,942 [Worker-178: Building] INFO  o.a.m.s.f.DefaultMavenResourcesFiltering - Copying 1 resource from src\main\resources to target\classes
2026-07-06 18:29:25,968 [Worker-178: Building] INFO  o.a.m.s.f.DefaultMavenResourcesFiltering - Copying 0 resource from src\main\resources to target\classes
2026-07-06 18:29:25,971 [Worker-178: Building] INFO  o.a.m.s.f.DefaultMavenResourcesFiltering - skip non existing resourceDirectory C:\Tejas Kasare Sir\T224\spring\Easy-Mart\src\test\resources
2026-07-06 18:32:26,703 [Worker-1: Loading available Gradle versions] INFO  o.e.b.c.i.u.g.PublishedGradleVersions - Gradle version information cache is out-of-date. Trying to update.
2026-07-06 18:33:36,467 [Worker-1: Building] INFO  o.a.m.s.f.DefaultMavenResourcesFiltering - Copying 1 resource from src\main\resources to target\classes
2026-07-06 18:33:36,490 [Worker-1: Building] INFO  o.a.m.s.f.DefaultMavenResourcesFiltering - Copying 0 resource from src\main\resources to target\classes
2026-07-06 18:33:36,498 [Worker-1: Building] INFO  o.a.m.s.f.DefaultMavenResourcesFiltering - skip non existing resourceDirectory C:\Tejas Kasare Sir\T224\spring\Easy-Mart\src\test\resources
2026-07-08 17:27:18,114 [Worker-17: Building] INFO  o.a.m.s.f.DefaultMavenResourcesFiltering - Copying 1 resource from src\main\resources to target\classes
2026-07-08 17:27:18,179 [Worker-17: Building] INFO  o.a.m.s.f.DefaultMavenResourcesFiltering - Copying 0 resource from src\main\resources to target\classes
2026-07-08 17:27:18,186 [Worker-17: Building] INFO  o.a.m.s.f.DefaultMavenResourcesFiltering - skip non existing resourceDirectory C:\Tejas Kasare Sir\T224\spring\Easy-Mart\src\test\resources
2026-07-08 17:39:32,776 [Worker-17: Building] INFO  o.a.m.s.f.DefaultMavenResourcesFiltering - Copying 1 resource from src\main\resources to target\classes
2026-07-08 17:39:32,800 [Worker-17: Building] INFO  o.a.m.s.f.DefaultMavenResourcesFiltering - Copying 0 resource from src\main\resources to target\classes
2026-07-08 17:39:32,814 [Worker-17: Building] INFO  o.a.m.s.f.DefaultMavenResourcesFiltering - skip non existing resourceDirectory C:\Tejas Kasare Sir\T224\spring\Easy-Mart\src\test\resources
2026-07-08 17:39:49,848 [Worker-24: Building] INFO  o.a.m.s.f.DefaultMavenResourcesFiltering - Copying 1 resource from src\main\resources to target\classes
2026-07-08 17:39:49,854 [Worker-24: Building] INFO  o.a.m.s.f.DefaultMavenResourcesFiltering - Copying 0 resource from src\main\resources to target\classes
2026-07-08 17:39:49,859 [Worker-24: Building] INFO  o.a.m.s.f.DefaultMavenResourcesFiltering - skip non existing resourceDirectory C:\Tejas Kasare Sir\T224\spring\Easy-Mart\src\test\resources
2026-07-08 17:42:37,242 [Worker-23: Building] INFO  o.a.m.s.f.DefaultMavenResourcesFiltering - Copying 1 resource from src\main\resources to target\classes
2026-07-08 17:42:37,284 [Worker-23: Building] INFO  o.a.m.s.f.DefaultMavenResourcesFiltering - Copying 0 resource from src\main\resources to target\classes
2026-07-08 17:42:37,298 [Worker-23: Building] INFO  o.a.m.s.f.DefaultMavenResourcesFiltering - skip non existing resourceDirectory C:\Tejas Kasare Sir\T224\spring\Easy-Mart\src\test\resources
2026-07-08 17:43:44,153 [Worker-27: Building] INFO  o.a.m.s.f.DefaultMavenResourcesFiltering - Copying 1 resource from src\main\resources to target\classes
2026-07-08 17:43:44,185 [Worker-27: Building] INFO  o.a.m.s.f.DefaultMavenResourcesFiltering - Copying 0 resource from src\main\resources to target\classes
2026-07-08 17:43:44,190 [Worker-27: Building] INFO  o.a.m.s.f.DefaultMavenResourcesFiltering - skip non existing resourceDirectory C:\Tejas Kasare Sir\T224\spring\Easy-Mart\src\test\resources
2026-07-08 17:44:17,335 [Worker-28: Building] INFO  o.a.m.s.f.DefaultMavenResourcesFiltering - Copying 1 resource from src\main\resources to target\classes
2026-07-08 17:44:17,341 [Worker-28: Building] INFO  o.a.m.s.f.DefaultMavenResourcesFiltering - Copying 0 resource from src\main\resources to target\classes
2026-07-08 17:44:17,347 [Worker-28: Building] INFO  o.a.m.s.f.DefaultMavenResourcesFiltering - skip non existing resourceDirectory C:\Tejas Kasare Sir\T224\spring\Easy-Mart\src\test\resources
2026-07-08 17:44:37,339 [Worker-28: Building] INFO  o.a.m.s.f.DefaultMavenResourcesFiltering - Copying 1 resource from src\main\resources to target\classes
2026-07-08 17:44:37,344 [Worker-28: Building] INFO  o.a.m.s.f.DefaultMavenResourcesFiltering - Copying 0 resource from src\main\resources to target\classes
2026-07-08 17:44:37,350 [Worker-28: Building] INFO  o.a.m.s.f.DefaultMavenResourcesFiltering - skip non existing resourceDirectory C:\Tejas Kasare Sir\T224\spring\Easy-Mart\src\test\resources
2026-07-08 17:45:12,114 [Worker-23: Building] INFO  o.a.m.s.f.DefaultMavenResourcesFiltering - Copying 1 resource from src\main\resources to target\classes
2026-07-08 17:45:12,146 [Worker-23: Building] INFO  o.a.m.s.f.DefaultMavenResourcesFiltering - Copying 0 resource from src\main\resources to target\classes
2026-07-08 17:45:12,154 [Worker-23: Building] INFO  o.a.m.s.f.DefaultMavenResourcesFiltering - skip non existing resourceDirectory C:\Tejas Kasare Sir\T224\spring\Easy-Mart\src\test\resources
2026-07-08 18:24:45,043 [Worker-40: Building] INFO  o.a.m.s.f.DefaultMavenResourcesFiltering - Copying 1 resource from src\main\resources to target\classes
2026-07-08 18:24:45,050 [Worker-40: Building] INFO  o.a.m.s.f.DefaultMavenResourcesFiltering - Copying 0 resource from src\main\resources to target\classes
2026-07-08 18:24:45,055 [Worker-40: Building] INFO  o.a.m.s.f.DefaultMavenResourcesFiltering - skip non existing resourceDirectory C:\Tejas Kasare Sir\T224\spring\Easy-Mart\src\test\resources
2026-07-08 18:25:34,068 [Worker-40: Building] INFO  o.a.m.s.f.DefaultMavenResourcesFiltering - Copying 1 resource from src\main\resources to target\classes
2026-07-08 18:25:34,082 [Worker-40: Building] INFO  o.a.m.s.f.DefaultMavenResourcesFiltering - Copying 0 resource from src\main\resources to target\classes
2026-07-08 18:25:34,086 [Worker-40: Building] INFO  o.a.m.s.f.DefaultMavenResourcesFiltering - skip non existing resourceDirectory C:\Tejas Kasare Sir\T224\spring\Easy-Mart\src\test\resources
2026-07-08 18:26:07,815 [Worker-41: Building] INFO  o.a.m.s.f.DefaultMavenResourcesFiltering - Copying 1 resource from src\main\resources to target\classes
2026-07-08 18:26:07,826 [Worker-41: Building] INFO  o.a.m.s.f.DefaultMavenResourcesFiltering - Copying 0 resource from src\main\resources to target\classes
2026-07-08 18:26:07,833 [Worker-41: Building] INFO  o.a.m.s.f.DefaultMavenResourcesFiltering - skip non existing resourceDirectory C:\Tejas Kasare Sir\T224\spring\Easy-Mart\src\test\resources
2026-07-09 16:23:33,031 [Worker-56: Building] INFO  o.a.m.s.f.DefaultMavenResourcesFiltering - Copying 1 resource from src\main\resources to target\classes
2026-07-09 16:23:33,193 [Worker-56: Building] INFO  o.a.m.s.f.DefaultMavenResourcesFiltering - Copying 0 resource from src\main\resources to target\classes
2026-07-09 16:23:33,200 [Worker-56: Building] INFO  o.a.m.s.f.DefaultMavenResourcesFiltering - skip non existing resourceDirectory C:\Tejas Kasare Sir\T224\spring\Easy-Mart\src\test\resources
2026-07-09 16:48:18,895 [Worker-59: Building] INFO  o.a.m.s.f.DefaultMavenResourcesFiltering - Copying 1 resource from src\main\resources to target\classes
2026-07-09 16:48:18,937 [Worker-59: Building] INFO  o.a.m.s.f.DefaultMavenResourcesFiltering - Copying 0 resource from src\main\resources to target\classes
2026-07-09 16:48:18,943 [Worker-59: Building] INFO  o.a.m.s.f.DefaultMavenResourcesFiltering - skip non existing resourceDirectory C:\Tejas Kasare Sir\T224\spring\Easy-Mart\src\test\resources
2026-07-09 16:49:04,520 [Worker-62: Building] INFO  o.a.m.s.f.DefaultMavenResourcesFiltering - Copying 1 resource from src\main\resources to target\classes
2026-07-09 16:49:04,531 [Worker-62: Building] INFO  o.a.m.s.f.DefaultMavenResourcesFiltering - Copying 0 resource from src\main\resources to target\classes
2026-07-09 16:49:04,536 [Worker-62: Building] INFO  o.a.m.s.f.DefaultMavenResourcesFiltering - skip non existing resourceDirectory C:\Tejas Kasare Sir\T224\spring\Easy-Mart\src\test\resources
2026-07-09 16:49:34,556 [Worker-60: Building] INFO  o.a.m.s.f.DefaultMavenResourcesFiltering - Copying 1 resource from src\main\resources to target\classes
2026-07-09 16:49:34,561 [Worker-60: Building] INFO  o.a.m.s.f.DefaultMavenResourcesFiltering - Copying 0 resource from src\main\resources to target\classes
2026-07-09 16:49:34,566 [Worker-60: Building] INFO  o.a.m.s.f.DefaultMavenResourcesFiltering - skip non existing resourceDirectory C:\Tejas Kasare Sir\T224\spring\Easy-Mart\src\test\resources
2026-07-09 17:25:11,329 [Worker-65: Building] INFO  o.a.m.s.f.DefaultMavenResourcesFiltering - Copying 1 resource from src\main\resources to target\classes
2026-07-09 17:25:11,349 [Worker-65: Building] INFO  o.a.m.s.f.DefaultMavenResourcesFiltering - Copying 0 resource from src\main\resources to target\classes
2026-07-09 17:25:11,353 [Worker-65: Building] INFO  o.a.m.s.f.DefaultMavenResourcesFiltering - skip non existing resourceDirectory C:\Tejas Kasare Sir\T224\spring\Easy-Mart\src\test\resources
2026-07-09 17:25:19,922 [Worker-66: Building] INFO  o.a.m.s.f.DefaultMavenResourcesFiltering - Copying 1 resource from src\main\resources to target\classes
2026-07-09 17:25:19,927 [Worker-66: Building] INFO  o.a.m.s.f.DefaultMavenResourcesFiltering - Copying 0 resource from src\main\resources to target\classes
2026-07-09 17:25:19,931 [Worker-66: Building] INFO  o.a.m.s.f.DefaultMavenResourcesFiltering - skip non existing resourceDirectory C:\Tejas Kasare Sir\T224\spring\Easy-Mart\src\test\resources
2026-07-09 17:25:54,768 [Worker-65: Building] INFO  o.a.m.s.f.DefaultMavenResourcesFiltering - Copying 1 resource from src\main\resources to target\classes
2026-07-09 17:25:54,773 [Worker-65: Building] INFO  o.a.m.s.f.DefaultMavenResourcesFiltering - Copying 0 resource from src\main\resources to target\classes
2026-07-09 17:25:54,778 [Worker-65: Building] INFO  o.a.m.s.f.DefaultMavenResourcesFiltering - skip non existing resourceDirectory C:\Tejas Kasare Sir\T224\spring\Easy-Mart\src\test\resources
2026-07-09 17:46:31,475 [Worker-69: Building] INFO  o.a.m.s.f.DefaultMavenResourcesFiltering - Copying 1 resource from src\main\resources to target\classes
2026-07-09 17:46:31,482 [Worker-69: Building] INFO  o.a.m.s.f.DefaultMavenResourcesFiltering - Copying 0 resource from src\main\resources to target\classes
2026-07-09 17:46:31,486 [Worker-69: Building] INFO  o.a.m.s.f.DefaultMavenResourcesFiltering - skip non existing resourceDirectory C:\Tejas Kasare Sir\T224\spring\Easy-Mart\src\test\resources
2026-07-09 17:46:45,981 [Worker-70: Building] INFO  o.a.m.s.f.DefaultMavenResourcesFiltering - Copying 1 resource from src\main\resources to target\classes
2026-07-09 17:46:45,988 [Worker-70: Building] INFO  o.a.m.s.f.DefaultMavenResourcesFiltering - Copying 0 resource from src\main\resources to target\classes
2026-07-09 17:46:45,993 [Worker-70: Building] INFO  o.a.m.s.f.DefaultMavenResourcesFiltering - skip non existing resourceDirectory C:\Tejas Kasare Sir\T224\spring\Easy-Mart\src\test\resources
2026-07-09 17:47:08,383 [Worker-69: Building] INFO  o.a.m.s.f.DefaultMavenResourcesFiltering - Copying 1 resource from src\main\resources to target\classes
2026-07-09 17:47:08,389 [Worker-69: Building] INFO  o.a.m.s.f.DefaultMavenResourcesFiltering - Copying 0 resource from src\main\resources to target\classes
2026-07-09 17:47:08,393 [Worker-69: Building] INFO  o.a.m.s.f.DefaultMavenResourcesFiltering - skip non existing resourceDirectory C:\Tejas Kasare Sir\T224\spring\Easy-Mart\src\test\resources
2026-07-09 17:54:33,685 [Worker-69: Building] INFO  o.a.m.s.f.DefaultMavenResourcesFiltering - Copying 1 resource from src\main\resources to target\classes
2026-07-09 17:54:33,696 [Worker-69: Building] INFO  o.a.m.s.f.DefaultMavenResourcesFiltering - Copying 0 resource from src\main\resources to target\classes
2026-07-09 17:54:33,699 [Worker-69: Building] INFO  o.a.m.s.f.DefaultMavenResourcesFiltering - skip non existing resourceDirectory C:\Tejas Kasare Sir\T224\spring\Easy-Mart\src\test\resources
2026-07-09 17:59:05,465 [Worker-72: Building] INFO  o.a.m.s.f.DefaultMavenResourcesFiltering - Copying 1 resource from src\main\resources to target\classes
2026-07-09 17:59:05,471 [Worker-72: Building] INFO  o.a.m.s.f.DefaultMavenResourcesFiltering - Copying 0 resource from src\main\resources to target\classes
2026-07-09 17:59:05,477 [Worker-72: Building] INFO  o.a.m.s.f.DefaultMavenResourcesFiltering - skip non existing resourceDirectory C:\Tejas Kasare Sir\T224\spring\Easy-Mart\src\test\resources
2026-07-09 17:59:21,583 [Worker-70: Building] INFO  o.a.m.s.f.DefaultMavenResourcesFiltering - Copying 1 resource from src\main\resources to target\classes
2026-07-09 17:59:21,590 [Worker-70: Building] INFO  o.a.m.s.f.DefaultMavenResourcesFiltering - Copying 0 resource from src\main\resources to target\classes
2026-07-09 17:59:21,594 [Worker-70: Building] INFO  o.a.m.s.f.DefaultMavenResourcesFiltering - skip non existing resourceDirectory C:\Tejas Kasare Sir\T224\spring\Easy-Mart\src\test\resources
2026-07-09 17:59:53,202 [Worker-71: Building] INFO  o.a.m.s.f.DefaultMavenResourcesFiltering - Copying 1 resource from src\main\resources to target\classes
2026-07-09 17:59:53,206 [Worker-71: Building] INFO  o.a.m.s.f.DefaultMavenResourcesFiltering - Copying 0 resource from src\main\resources to target\classes
2026-07-09 17:59:53,210 [Worker-71: Building] INFO  o.a.m.s.f.DefaultMavenResourcesFiltering - skip non existing resourceDirectory C:\Tejas Kasare Sir\T224\spring\Easy-Mart\src\test\resources
2026-07-09 18:00:31,787 [Worker-70: Building] INFO  o.a.m.s.f.DefaultMavenResourcesFiltering - Copying 1 resource from src\main\resources to target\classes
2026-07-09 18:00:31,792 [Worker-70: Building] INFO  o.a.m.s.f.DefaultMavenResourcesFiltering - Copying 0 resource from src\main\resources to target\classes
2026-07-09 18:00:31,796 [Worker-70: Building] INFO  o.a.m.s.f.DefaultMavenResourcesFiltering - skip non existing resourceDirectory C:\Tejas Kasare Sir\T224\spring\Easy-Mart\src\test\resources
2026-07-09 18:03:21,412 [Worker-28: Building] INFO  o.a.m.s.f.DefaultMavenResourcesFiltering - Copying 1 resource from src\main\resources to target\classes
2026-07-09 18:03:21,420 [Worker-28: Building] INFO  o.a.m.s.f.DefaultMavenResourcesFiltering - Copying 0 resource from src\main\resources to target\classes
2026-07-09 18:03:21,424 [Worker-28: Building] INFO  o.a.m.s.f.DefaultMavenResourcesFiltering - skip non existing resourceDirectory C:\Tejas Kasare Sir\T224\spring\Easy-Mart\src\test\resources
2026-07-09 18:03:35,227 [Worker-73: Building] INFO  o.a.m.s.f.DefaultMavenResourcesFiltering - Copying 1 resource from src\main\resources to target\classes
2026-07-09 18:03:35,239 [Worker-73: Building] INFO  o.a.m.s.f.DefaultMavenResourcesFiltering - Copying 0 resource from src\main\resources to target\classes
2026-07-09 18:03:35,254 [Worker-73: Building] INFO  o.a.m.s.f.DefaultMavenResourcesFiltering - skip non existing resourceDirectory C:\Tejas Kasare Sir\T224\spring\Easy-Mart\src\test\resources
2026-07-09 18:04:49,392 [Worker-70: Building] INFO  o.a.m.s.f.DefaultMavenResourcesFiltering - Copying 1 resource from src\main\resources to target\classes
2026-07-09 18:04:49,396 [Worker-70: Building] INFO  o.a.m.s.f.DefaultMavenResourcesFiltering - Copying 0 resource from src\main\resources to target\classes
2026-07-09 18:04:49,400 [Worker-70: Building] INFO  o.a.m.s.f.DefaultMavenResourcesFiltering - skip non existing resourceDirectory C:\Tejas Kasare Sir\T224\spring\Easy-Mart\src\test\resources
2026-07-09 18:07:50,903 [Worker-72: Building] INFO  o.a.m.s.f.DefaultMavenResourcesFiltering - Copying 1 resource from src\main\resources to target\classes
2026-07-09 18:07:50,908 [Worker-72: Building] INFO  o.a.m.s.f.DefaultMavenResourcesFiltering - Copying 0 resource from src\main\resources to target\classes
2026-07-09 18:07:50,912 [Worker-72: Building] INFO  o.a.m.s.f.DefaultMavenResourcesFiltering - skip non existing resourceDirectory C:\Tejas Kasare Sir\T224\spring\Easy-Mart\src\test\resources
2026-07-09 18:09:09,598 [Worker-77: Building] INFO  o.a.m.s.f.DefaultMavenResourcesFiltering - Copying 1 resource from src\main\resources to target\classes
2026-07-09 18:09:09,603 [Worker-77: Building] INFO  o.a.m.s.f.DefaultMavenResourcesFiltering - Copying 0 resource from src\main\resources to target\classes
2026-07-09 18:09:09,608 [Worker-77: Building] INFO  o.a.m.s.f.DefaultMavenResourcesFiltering - skip non existing resourceDirectory C:\Tejas Kasare Sir\T224\spring\Easy-Mart\src\test\resources
2026-07-10 16:28:02,341 [Worker-84: Building] INFO  o.a.m.s.f.DefaultMavenResourcesFiltering - Copying 1 resource from src\main\resources to target\classes
2026-07-10 16:28:02,520 [Worker-84: Building] INFO  o.a.m.s.f.DefaultMavenResourcesFiltering - Copying 0 resource from src\main\resources to target\classes
2026-07-10 16:28:02,525 [Worker-84: Building] INFO  o.a.m.s.f.DefaultMavenResourcesFiltering - skip non existing resourceDirectory C:\Tejas Kasare Sir\T224\spring\Easy-Mart\src\test\resources
2026-07-10 16:33:50,556 [Worker-84: Building] INFO  o.a.m.s.f.DefaultMavenResourcesFiltering - Copying 1 resource from src\main\resources to target\classes
2026-07-10 16:33:50,614 [Worker-84: Building] INFO  o.a.m.s.f.DefaultMavenResourcesFiltering - Copying 0 resource from src\main\resources to target\classes
2026-07-10 16:33:50,622 [Worker-84: Building] INFO  o.a.m.s.f.DefaultMavenResourcesFiltering - skip non existing resourceDirectory C:\Tejas Kasare Sir\T224\spring\Easy-Mart\src\test\resources
2026-07-10 16:35:39,151 [Worker-87: Building] INFO  o.a.m.s.f.DefaultMavenResourcesFiltering - Copying 1 resource from src\main\resources to target\classes
2026-07-10 16:35:39,162 [Worker-87: Building] INFO  o.a.m.s.f.DefaultMavenResourcesFiltering - Copying 0 resource from src\main\resources to target\classes
2026-07-10 16:35:39,167 [Worker-87: Building] INFO  o.a.m.s.f.DefaultMavenResourcesFiltering - skip non existing resourceDirectory C:\Tejas Kasare Sir\T224\spring\Easy-Mart\src\test\resources
2026-07-10 17:46:46,365 [Worker-93: Building] INFO  o.a.m.s.f.DefaultMavenResourcesFiltering - Copying 1 resource from src\main\resources to target\classes
2026-07-10 17:46:46,568 [Worker-93: Building] INFO  o.a.m.s.f.DefaultMavenResourcesFiltering - Copying 0 resource from src\main\resources to target\classes
2026-07-10 17:46:46,580 [Worker-93: Building] INFO  o.a.m.s.f.DefaultMavenResourcesFiltering - skip non existing resourceDirectory C:\Tejas Kasare Sir\T224\spring\Easy-Mart\src\test\resources
2026-07-10 17:48:27,499 [Worker-92: Building] INFO  o.a.m.s.f.DefaultMavenResourcesFiltering - Copying 1 resource from src\main\resources to target\classes
2026-07-10 17:48:27,504 [Worker-92: Building] INFO  o.a.m.s.f.DefaultMavenResourcesFiltering - Copying 0 resource from src\main\resources to target\classes
2026-07-10 17:48:27,508 [Worker-92: Building] INFO  o.a.m.s.f.DefaultMavenResourcesFiltering - skip non existing resourceDirectory C:\Tejas Kasare Sir\T224\spring\Easy-Mart\src\test\resources
2026-07-16 18:05:16,495 [Worker-130: Building] INFO  o.a.m.s.f.DefaultMavenResourcesFiltering - Copying 1 resource from src\main\resources to target\classes
2026-07-16 18:05:16,611 [Worker-130: Building] INFO  o.a.m.s.f.DefaultMavenResourcesFiltering - Copying 0 resource from src\main\resources to target\classes
2026-07-16 18:05:16,615 [Worker-130: Building] INFO  o.a.m.s.f.DefaultMavenResourcesFiltering - skip non existing resourceDirectory C:\Tejas Kasare Sir\T224\spring\Easy-Mart\src\test\resources
2026-07-16 18:08:01,057 [Worker-130: Building] INFO  o.a.m.s.f.DefaultMavenResourcesFiltering - Copying 1 resource from src\main\resources to target\classes
2026-07-16 18:08:01,064 [Worker-130: Building] INFO  o.a.m.s.f.DefaultMavenResourcesFiltering - Copying 0 resource from src\main\resources to target\classes
2026-07-16 18:08:01,068 [Worker-130: Building] INFO  o.a.m.s.f.DefaultMavenResourcesFiltering - skip non existing resourceDirectory C:\Tejas Kasare Sir\T224\spring\Easy-Mart\src\test\resources
2026-07-16 18:16:49,132 [Worker-136: Building] INFO  o.a.m.s.f.DefaultMavenResourcesFiltering - Copying 1 resource from src\main\resources to target\classes
2026-07-16 18:16:49,204 [Worker-136: Building] INFO  o.a.m.s.f.DefaultMavenResourcesFiltering - Copying 0 resource from src\main\resources to target\classes
2026-07-16 18:16:49,210 [Worker-136: Building] INFO  o.a.m.s.f.DefaultMavenResourcesFiltering - skip non existing resourceDirectory C:\Tejas Kasare Sir\T224\spring\Easy-Mart\src\test\resources
2026-07-18 19:42:22,763 [Worker-69: Building] INFO  o.e.m.c.i.l.LifecycleMappingFactory - Using org.eclipse.m2e.jdt.JarLifecycleMapping lifecycle mapping for MavenProject: com.tejas:Easy-Mart:1.0.0 @ C:\Tejas Kasare Sir\T224\spring\Easy-Mart\pom.xml.
2026-07-18 19:42:34,888 [Worker-69: Building] INFO  o.a.m.s.f.DefaultMavenResourcesFiltering - Copying 0 resource from src\main\resources to target\classes
2026-07-18 19:42:34,889 [Worker-69: Building] INFO  o.a.m.s.f.DefaultMavenResourcesFiltering - Copying 0 resource from src\main\resources to target\classes
2026-07-18 19:42:34,894 [Worker-69: Building] INFO  o.a.m.s.f.DefaultMavenResourcesFiltering - skip non existing resourceDirectory C:\Tejas Kasare Sir\T224\spring\Easy-Mart\src\test\resources
2026-07-18 19:42:35,066 [Worker-69: Updating Maven Project] INFO  o.e.m.c.i.p.ProjectConfigurationManager - Update started
2026-07-18 19:42:35,674 [Worker-69: Updating Maven Project] INFO  o.e.m.c.i.l.LifecycleMappingFactory - Using org.eclipse.m2e.jdt.JarLifecycleMapping lifecycle mapping for MavenProject: com.tejas:Easy-Mart:1.0.0 @ C:\Tejas Kasare Sir\T224\spring\Easy-Mart\pom.xml.
2026-07-18 19:42:36,466 [Worker-150: Download sources and javadoc] INFO  o.e.m.c.i.e.AbstractTransferListenerAdapter - Downloading https://repo.maven.apache.org/maven2/com/razorpay/razorpay-java/1.4.9/razorpay-java-1.4.9-sources.jar
2026-07-18 19:42:37,968 [Worker-150: Download sources and javadoc] INFO  o.e.m.c.i.e.AbstractTransferListenerAdapter - Downloaded https://repo.maven.apache.org/maven2/com/razorpay/razorpay-java/1.4.9/razorpay-java-1.4.9-sources.jar
2026-07-18 19:42:37,983 [Worker-150: Download sources and javadoc] INFO  o.e.m.j.internal.DownloadSourcesJob - Downloaded sources for com.razorpay:razorpay-java:1.4.9
2026-07-18 19:42:38,400 [Worker-69: Updating Maven Project] INFO  o.e.m.j.i.AbstractJavaProjectConfigurator - Adding source folder /Easy-Mart/src/main/java
2026-07-18 19:42:38,400 [Worker-69: Updating Maven Project] INFO  o.e.m.j.i.AbstractJavaProjectConfigurator - Adding resource folder /Easy-Mart/src/main/resources
2026-07-18 19:42:38,401 [Worker-69: Updating Maven Project] INFO  o.e.m.j.i.AbstractJavaProjectConfigurator - Adding resource folder /Easy-Mart/src/main/resources
2026-07-18 19:42:38,402 [Worker-69: Updating Maven Project] INFO  o.e.m.j.i.AbstractJavaProjectConfigurator - Adding source folder /Easy-Mart/src/test/java
2026-07-18 19:42:38,499 [Worker-69: Updating Maven Project] WARN  o.e.m.c.i.embedder.EclipseLogger - The POM for org.projectlombok:lombok:jar: is missing, no dependency information available
2026-07-18 19:42:38,547 [Worker-69: Updating Maven Project] ERROR o.e.m.a.i.u.PluginDependencyResolver - Unable to collect dependencies for plugin
org.eclipse.aether.resolution.DependencyResolutionException: org.projectlombok:lombok:jar: was not found in https://repo.maven.apache.org/maven2 during a previous attempt. This failure was cached in the local repository and resolution is not reattempted until the update interval of central has elapsed or updates are forced
	at org.eclipse.aether.internal.impl.DefaultRepositorySystem.resolveDependencies(DefaultRepositorySystem.java:357)
	at org.eclipse.m2e.apt.internal.utils.PluginDependencyResolver.getResolvedPluginDependencies(PluginDependencyResolver.java:106)
	at org.eclipse.m2e.apt.internal.compiler.MavenCompilerJdtAptDelegate.getAnnotationProcessorConfiguration(MavenCompilerJdtAptDelegate.java:172)
	at org.eclipse.m2e.apt.internal.AbstractAptConfiguratorDelegate.configureClasspath(AbstractAptConfiguratorDelegate.java:242)
	at org.eclipse.m2e.apt.internal.AbstractAptProjectConfigurator.lambda$1(AbstractAptProjectConfigurator.java:156)
	at org.eclipse.m2e.core.internal.embedder.MavenExecutionContext.executeBare(MavenExecutionContext.java:394)
	at org.eclipse.m2e.core.internal.embedder.MavenExecutionContext.execute(MavenExecutionContext.java:275)
	at org.eclipse.m2e.core.internal.embedder.MavenExecutionContext.execute(MavenExecutionContext.java:214)
	at org.eclipse.m2e.apt.internal.AbstractAptProjectConfigurator.configureRawClasspath(AbstractAptProjectConfigurator.java:150)
	at org.eclipse.m2e.jdt.internal.AbstractJavaProjectConfigurator.invokeJavaProjectConfigurators(AbstractJavaProjectConfigurator.java:213)
	at org.eclipse.m2e.jdt.internal.AbstractJavaProjectConfigurator.configure(AbstractJavaProjectConfigurator.java:172)
	at org.eclipse.m2e.core.project.configurator.AbstractLifecycleMapping.configure(AbstractLifecycleMapping.java:123)
	at org.eclipse.m2e.core.internal.project.ProjectConfigurationManager.lambda$6(ProjectConfigurationManager.java:504)
	at org.eclipse.m2e.core.internal.embedder.MavenExecutionContext.executeBare(MavenExecutionContext.java:394)
	at org.eclipse.m2e.core.internal.embedder.MavenExecutionContext.execute(MavenExecutionContext.java:275)
	at org.eclipse.m2e.core.internal.project.ProjectConfigurationManager.updateProjectConfiguration(ProjectConfigurationManager.java:498)
	at org.eclipse.m2e.core.internal.project.ProjectConfigurationManager.lambda$4(ProjectConfigurationManager.java:426)
	at java.base/java.util.Collection.removeIf(Collection.java:576)
	at org.eclipse.m2e.core.internal.project.ProjectConfigurationManager.updateProjectConfiguration0(ProjectConfigurationManager.java:414)
	at org.eclipse.m2e.core.internal.project.ProjectConfigurationManager.lambda$3(ProjectConfigurationManager.java:340)
	at org.eclipse.m2e.core.internal.embedder.MavenExecutionContext.executeBare(MavenExecutionContext.java:394)
	at org.eclipse.m2e.core.internal.embedder.MavenExecutionContext.execute(MavenExecutionContext.java:275)
	at org.eclipse.m2e.core.internal.embedder.MavenExecutionContext.execute(MavenExecutionContext.java:214)
	at org.eclipse.m2e.core.internal.embedder.MavenImpl.execute(MavenImpl.java:1097)
	at org.eclipse.m2e.core.internal.project.ProjectConfigurationManager.updateProjectConfiguration(ProjectConfigurationManager.java:339)
	at org.eclipse.m2e.core.ui.internal.UpdateMavenProjectJob.runInWorkspace(UpdateMavenProjectJob.java:80)
	at org.eclipse.core.internal.resources.InternalWorkspaceJob.run(InternalWorkspaceJob.java:43)
	at org.eclipse.core.internal.jobs.Worker.run(Worker.java:63)
Caused by: org.eclipse.aether.resolution.ArtifactResolutionException: org.projectlombok:lombok:jar: was not found in https://repo.maven.apache.org/maven2 during a previous attempt. This failure was cached in the local repository and resolution is not reattempted until the update interval of central has elapsed or updates are forced
	at org.eclipse.aether.internal.impl.DefaultArtifactResolver.resolve(DefaultArtifactResolver.java:425)
	at org.eclipse.aether.internal.impl.DefaultArtifactResolver.resolveArtifacts(DefaultArtifactResolver.java:229)
	at org.eclipse.aether.internal.impl.DefaultRepositorySystem.resolveDependencies(DefaultRepositorySystem.java:340)
	... 27 common frames omitted
Caused by: org.eclipse.aether.transfer.ArtifactNotFoundException: org.projectlombok:lombok:jar: was not found in https://repo.maven.apache.org/maven2 during a previous attempt. This failure was cached in the local repository and resolution is not reattempted until the update interval of central has elapsed or updates are forced
	at org.eclipse.aether.internal.impl.DefaultUpdateCheckManager.newException(DefaultUpdateCheckManager.java:217)
	at org.eclipse.aether.internal.impl.DefaultUpdateCheckManager.checkArtifact(DefaultUpdateCheckManager.java:189)
	at org.eclipse.aether.internal.impl.DefaultArtifactResolver.gatherDownloads(DefaultArtifactResolver.java:574)
	at org.eclipse.aether.internal.impl.DefaultArtifactResolver.performDownloads(DefaultArtifactResolver.java:484)
	at org.eclipse.aether.internal.impl.DefaultArtifactResolver.resolve(DefaultArtifactResolver.java:402)
	... 29 common frames omitted
2026-07-18 19:42:38,553 [Worker-69: Updating Maven Project] INFO  o.e.m.c.i.p.ProjectConfigurationManager - Update completed for 1 poms: local refresh takes 0.00 sec, refresh facades takes 3.00 sec, update config takes 0.00 sec 
2026-07-18 19:42:38,656 [Worker-69: Updating Maven Project] INFO  o.e.m.c.i.p.ProjectConfigurationManager - Update started
2026-07-18 19:42:38,839 [Worker-150: Download sources and javadoc] INFO  o.e.m.c.i.e.AbstractTransferListenerAdapter - Downloading https://repo.maven.apache.org/maven2/org/json/json/20231013/json-20231013-sources.jar
2026-07-18 19:42:39,044 [Worker-150: Download sources and javadoc] INFO  o.e.m.c.i.e.AbstractTransferListenerAdapter - Downloaded https://repo.maven.apache.org/maven2/org/json/json/20231013/json-20231013-sources.jar
2026-07-18 19:42:39,048 [Worker-150: Download sources and javadoc] INFO  o.e.m.j.internal.DownloadSourcesJob - Downloaded sources for org.json:json:20231013
2026-07-18 19:42:40,163 [Worker-69: Updating Maven Project] INFO  o.e.m.c.i.l.LifecycleMappingFactory - Using org.eclipse.m2e.jdt.JarLifecycleMapping lifecycle mapping for MavenProject: com.tejas:Easy-Mart:1.0.0 @ C:\Tejas Kasare Sir\T224\spring\Easy-Mart\pom.xml.
2026-07-18 19:42:40,251 [Worker-150: Download sources and javadoc] INFO  o.e.m.c.i.e.AbstractTransferListenerAdapter - Downloading https://repo.maven.apache.org/maven2/com/squareup/okhttp3/okhttp/3.10.0/okhttp-3.10.0-sources.jar
2026-07-18 19:42:40,615 [Worker-150: Download sources and javadoc] INFO  o.e.m.c.i.e.AbstractTransferListenerAdapter - Downloaded https://repo.maven.apache.org/maven2/com/squareup/okhttp3/okhttp/3.10.0/okhttp-3.10.0-sources.jar
2026-07-18 19:42:40,619 [Worker-150: Download sources and javadoc] INFO  o.e.m.j.internal.DownloadSourcesJob - Downloaded sources for com.squareup.okhttp3:okhttp:3.10.0
2026-07-18 19:42:40,837 [Worker-150: Download sources and javadoc] INFO  o.e.m.c.i.e.AbstractTransferListenerAdapter - Downloading https://repo.maven.apache.org/maven2/com/squareup/okio/okio/1.14.0/okio-1.14.0-sources.jar
2026-07-18 19:42:40,943 [Worker-150: Download sources and javadoc] INFO  o.e.m.c.i.e.AbstractTransferListenerAdapter - Downloaded https://repo.maven.apache.org/maven2/com/squareup/okio/okio/1.14.0/okio-1.14.0-sources.jar
2026-07-18 19:42:40,947 [Worker-150: Download sources and javadoc] INFO  o.e.m.j.internal.DownloadSourcesJob - Downloaded sources for com.squareup.okio:okio:1.14.0
2026-07-18 19:42:41,086 [Worker-150: Download sources and javadoc] INFO  o.e.m.c.i.e.AbstractTransferListenerAdapter - Downloading https://repo.maven.apache.org/maven2/com/squareup/okhttp3/logging-interceptor/3.10.0/logging-interceptor-3.10.0-sources.jar
2026-07-18 19:42:41,323 [Worker-150: Download sources and javadoc] INFO  o.e.m.c.i.e.AbstractTransferListenerAdapter - Downloaded https://repo.maven.apache.org/maven2/com/squareup/okhttp3/logging-interceptor/3.10.0/logging-interceptor-3.10.0-sources.jar
2026-07-18 19:42:41,327 [Worker-150: Download sources and javadoc] INFO  o.e.m.j.internal.DownloadSourcesJob - Downloaded sources for com.squareup.okhttp3:logging-interceptor:3.10.0
2026-07-18 19:42:41,565 [Worker-150: Download sources and javadoc] INFO  o.e.m.c.i.e.AbstractTransferListenerAdapter - Downloading https://repo.maven.apache.org/maven2/commons-codec/commons-codec/1.19.0/commons-codec-1.19.0-sources.jar
2026-07-18 19:42:41,630 [Worker-69: Updating Maven Project] INFO  o.e.m.j.i.AbstractJavaProjectConfigurator - Adding source folder /Easy-Mart/src/main/java
2026-07-18 19:42:41,630 [Worker-69: Updating Maven Project] INFO  o.e.m.j.i.AbstractJavaProjectConfigurator - Adding resource folder /Easy-Mart/src/main/resources
2026-07-18 19:42:41,631 [Worker-69: Updating Maven Project] INFO  o.e.m.j.i.AbstractJavaProjectConfigurator - Adding resource folder /Easy-Mart/src/main/resources
2026-07-18 19:42:41,633 [Worker-69: Updating Maven Project] INFO  o.e.m.j.i.AbstractJavaProjectConfigurator - Adding source folder /Easy-Mart/src/test/java
2026-07-18 19:42:41,669 [Worker-69: Updating Maven Project] WARN  o.e.m.c.i.embedder.EclipseLogger - The POM for org.projectlombok:lombok:jar: is missing, no dependency information available
2026-07-18 19:42:41,673 [Worker-69: Updating Maven Project] ERROR o.e.m.a.i.u.PluginDependencyResolver - Unable to collect dependencies for plugin
org.eclipse.aether.resolution.DependencyResolutionException: org.projectlombok:lombok:jar: was not found in https://repo.maven.apache.org/maven2 during a previous attempt. This failure was cached in the local repository and resolution is not reattempted until the update interval of central has elapsed or updates are forced
	at org.eclipse.aether.internal.impl.DefaultRepositorySystem.resolveDependencies(DefaultRepositorySystem.java:357)
	at org.eclipse.m2e.apt.internal.utils.PluginDependencyResolver.getResolvedPluginDependencies(PluginDependencyResolver.java:106)
	at org.eclipse.m2e.apt.internal.compiler.MavenCompilerJdtAptDelegate.getAnnotationProcessorConfiguration(MavenCompilerJdtAptDelegate.java:172)
	at org.eclipse.m2e.apt.internal.AbstractAptConfiguratorDelegate.configureClasspath(AbstractAptConfiguratorDelegate.java:242)
	at org.eclipse.m2e.apt.internal.AbstractAptProjectConfigurator.lambda$1(AbstractAptProjectConfigurator.java:156)
	at org.eclipse.m2e.core.internal.embedder.MavenExecutionContext.executeBare(MavenExecutionContext.java:394)
	at org.eclipse.m2e.core.internal.embedder.MavenExecutionContext.execute(MavenExecutionContext.java:275)
	at org.eclipse.m2e.core.internal.embedder.MavenExecutionContext.execute(MavenExecutionContext.java:214)
	at org.eclipse.m2e.apt.internal.AbstractAptProjectConfigurator.configureRawClasspath(AbstractAptProjectConfigurator.java:150)
	at org.eclipse.m2e.jdt.internal.AbstractJavaProjectConfigurator.invokeJavaProjectConfigurators(AbstractJavaProjectConfigurator.java:213)
	at org.eclipse.m2e.jdt.internal.AbstractJavaProjectConfigurator.configure(AbstractJavaProjectConfigurator.java:172)
	at org.eclipse.m2e.core.project.configurator.AbstractLifecycleMapping.configure(AbstractLifecycleMapping.java:123)
	at org.eclipse.m2e.core.internal.project.ProjectConfigurationManager.lambda$6(ProjectConfigurationManager.java:504)
	at org.eclipse.m2e.core.internal.embedder.MavenExecutionContext.executeBare(MavenExecutionContext.java:394)
	at org.eclipse.m2e.core.internal.embedder.MavenExecutionContext.execute(MavenExecutionContext.java:275)
	at org.eclipse.m2e.core.internal.project.ProjectConfigurationManager.updateProjectConfiguration(ProjectConfigurationManager.java:498)
	at org.eclipse.m2e.core.internal.project.ProjectConfigurationManager.lambda$4(ProjectConfigurationManager.java:426)
	at java.base/java.util.Collection.removeIf(Collection.java:576)
	at org.eclipse.m2e.core.internal.project.ProjectConfigurationManager.updateProjectConfiguration0(ProjectConfigurationManager.java:414)
	at org.eclipse.m2e.core.internal.project.ProjectConfigurationManager.lambda$3(ProjectConfigurationManager.java:340)
	at org.eclipse.m2e.core.internal.embedder.MavenExecutionContext.executeBare(MavenExecutionContext.java:394)
	at org.eclipse.m2e.core.internal.embedder.MavenExecutionContext.execute(MavenExecutionContext.java:275)
	at org.eclipse.m2e.core.internal.embedder.MavenExecutionContext.execute(MavenExecutionContext.java:214)
	at org.eclipse.m2e.core.internal.embedder.MavenImpl.execute(MavenImpl.java:1097)
	at org.eclipse.m2e.core.internal.project.ProjectConfigurationManager.updateProjectConfiguration(ProjectConfigurationManager.java:339)
	at org.eclipse.m2e.core.ui.internal.UpdateMavenProjectJob.runInWorkspace(UpdateMavenProjectJob.java:80)
	at org.eclipse.core.internal.resources.InternalWorkspaceJob.run(InternalWorkspaceJob.java:43)
	at org.eclipse.core.internal.jobs.Worker.run(Worker.java:63)
Caused by: org.eclipse.aether.resolution.ArtifactResolutionException: org.projectlombok:lombok:jar: was not found in https://repo.maven.apache.org/maven2 during a previous attempt. This failure was cached in the local repository and resolution is not reattempted until the update interval of central has elapsed or updates are forced
	at org.eclipse.aether.internal.impl.DefaultArtifactResolver.resolve(DefaultArtifactResolver.java:425)
	at org.eclipse.aether.internal.impl.DefaultArtifactResolver.resolveArtifacts(DefaultArtifactResolver.java:229)
	at org.eclipse.aether.internal.impl.DefaultRepositorySystem.resolveDependencies(DefaultRepositorySystem.java:340)
	... 27 common frames omitted
Caused by: org.eclipse.aether.transfer.ArtifactNotFoundException: org.projectlombok:lombok:jar: was not found in https://repo.maven.apache.org/maven2 during a previous attempt. This failure was cached in the local repository and resolution is not reattempted until the update interval of central has elapsed or updates are forced
	at org.eclipse.aether.internal.impl.DefaultUpdateCheckManager.newException(DefaultUpdateCheckManager.java:217)
	at org.eclipse.aether.internal.impl.DefaultUpdateCheckManager.checkArtifact(DefaultUpdateCheckManager.java:189)
	at org.eclipse.aether.internal.impl.DefaultArtifactResolver.gatherDownloads(DefaultArtifactResolver.java:574)
	at org.eclipse.aether.internal.impl.DefaultArtifactResolver.performDownloads(DefaultArtifactResolver.java:484)
	at org.eclipse.aether.internal.impl.DefaultArtifactResolver.resolve(DefaultArtifactResolver.java:402)
	... 29 common frames omitted
2026-07-18 19:42:41,679 [Worker-69: Updating Maven Project] INFO  o.e.m.c.i.p.ProjectConfigurationManager - Update completed for 1 poms: local refresh takes 0.00 sec, refresh facades takes 2.00 sec, update config takes 0.00 sec 
2026-07-18 19:42:41,986 [Worker-150: Download sources and javadoc] INFO  o.e.m.c.i.e.AbstractTransferListenerAdapter - Downloaded https://repo.maven.apache.org/maven2/commons-codec/commons-codec/1.19.0/commons-codec-1.19.0-sources.jar
2026-07-18 19:42:41,990 [Worker-150: Download sources and javadoc] INFO  o.e.m.j.internal.DownloadSourcesJob - Downloaded sources for commons-codec:commons-codec:1.19.0
2026-07-18 19:42:42,387 [Worker-150: Download sources and javadoc] INFO  o.e.m.c.i.e.AbstractTransferListenerAdapter - Downloading https://repo.maven.apache.org/maven2/org/apache/commons/commons-text/1.3/commons-text-1.3-sources.jar
2026-07-18 19:42:42,669 [Worker-150: Download sources and javadoc] INFO  o.e.m.c.i.e.AbstractTransferListenerAdapter - Downloaded https://repo.maven.apache.org/maven2/org/apache/commons/commons-text/1.3/commons-text-1.3-sources.jar
2026-07-18 19:42:42,673 [Worker-150: Download sources and javadoc] INFO  o.e.m.j.internal.DownloadSourcesJob - Downloaded sources for org.apache.commons:commons-text:1.3
2026-07-18 19:42:42,834 [Worker-150: Download sources and javadoc] INFO  o.e.m.c.i.e.AbstractTransferListenerAdapter - Downloading https://repo.maven.apache.org/maven2/org/apache/commons/commons-lang3/3.19.0/commons-lang3-3.19.0-sources.jar
2026-07-18 19:42:43,515 [Worker-150: Download sources and javadoc] INFO  o.e.m.c.i.e.AbstractTransferListenerAdapter - Downloaded https://repo.maven.apache.org/maven2/org/apache/commons/commons-lang3/3.19.0/commons-lang3-3.19.0-sources.jar
2026-07-18 19:42:43,519 [Worker-150: Download sources and javadoc] INFO  o.e.m.j.internal.DownloadSourcesJob - Downloaded sources for org.apache.commons:commons-lang3:3.19.0
2026-07-18 19:42:45,810 [Worker-155: Building] INFO  o.a.m.s.f.DefaultMavenResourcesFiltering - Copying 1 resource from src\main\resources to target\classes
2026-07-18 19:42:45,869 [Worker-155: Building] INFO  o.a.m.s.f.DefaultMavenResourcesFiltering - Copying 0 resource from src\main\resources to target\classes
2026-07-18 19:42:45,873 [Worker-155: Building] INFO  o.a.m.s.f.DefaultMavenResourcesFiltering - skip non existing resourceDirectory C:\Tejas Kasare Sir\T224\spring\Easy-Mart\src\test\resources
2026-07-18 19:43:54,191 [Worker-157: Building] INFO  o.e.m.c.i.l.LifecycleMappingFactory - Using org.eclipse.m2e.jdt.JarLifecycleMapping lifecycle mapping for MavenProject: com.tejas:Easy-Mart:1.0.0 @ C:\Tejas Kasare Sir\T224\spring\Easy-Mart\pom.xml.
2026-07-18 19:43:55,162 [Worker-157: Building] INFO  o.a.m.s.f.DefaultMavenResourcesFiltering - Copying 0 resource from src\main\resources to target\classes
2026-07-18 19:43:55,163 [Worker-157: Building] INFO  o.a.m.s.f.DefaultMavenResourcesFiltering - Copying 0 resource from src\main\resources to target\classes
2026-07-18 19:43:55,168 [Worker-157: Building] INFO  o.a.m.s.f.DefaultMavenResourcesFiltering - skip non existing resourceDirectory C:\Tejas Kasare Sir\T224\spring\Easy-Mart\src\test\resources
2026-07-18 19:43:55,252 [Worker-157: Updating Maven Project] INFO  o.e.m.c.i.p.ProjectConfigurationManager - Update started
2026-07-18 19:43:55,679 [Worker-157: Updating Maven Project] INFO  o.e.m.c.i.l.LifecycleMappingFactory - Using org.eclipse.m2e.jdt.JarLifecycleMapping lifecycle mapping for MavenProject: com.tejas:Easy-Mart:1.0.0 @ C:\Tejas Kasare Sir\T224\spring\Easy-Mart\pom.xml.
2026-07-18 19:43:56,872 [Worker-157: Updating Maven Project] INFO  o.e.m.j.i.AbstractJavaProjectConfigurator - Adding source folder /Easy-Mart/src/main/java
2026-07-18 19:43:56,872 [Worker-157: Updating Maven Project] INFO  o.e.m.j.i.AbstractJavaProjectConfigurator - Adding resource folder /Easy-Mart/src/main/resources
2026-07-18 19:43:56,872 [Worker-157: Updating Maven Project] INFO  o.e.m.j.i.AbstractJavaProjectConfigurator - Adding resource folder /Easy-Mart/src/main/resources
2026-07-18 19:43:56,873 [Worker-157: Updating Maven Project] INFO  o.e.m.j.i.AbstractJavaProjectConfigurator - Adding source folder /Easy-Mart/src/test/java
2026-07-18 19:43:56,901 [Worker-157: Updating Maven Project] WARN  o.e.m.c.i.embedder.EclipseLogger - The POM for org.projectlombok:lombok:jar: is missing, no dependency information available
2026-07-18 19:43:56,904 [Worker-157: Updating Maven Project] ERROR o.e.m.a.i.u.PluginDependencyResolver - Unable to collect dependencies for plugin
org.eclipse.aether.resolution.DependencyResolutionException: org.projectlombok:lombok:jar: was not found in https://repo.maven.apache.org/maven2 during a previous attempt. This failure was cached in the local repository and resolution is not reattempted until the update interval of central has elapsed or updates are forced
	at org.eclipse.aether.internal.impl.DefaultRepositorySystem.resolveDependencies(DefaultRepositorySystem.java:357)
	at org.eclipse.m2e.apt.internal.utils.PluginDependencyResolver.getResolvedPluginDependencies(PluginDependencyResolver.java:106)
	at org.eclipse.m2e.apt.internal.compiler.MavenCompilerJdtAptDelegate.getAnnotationProcessorConfiguration(MavenCompilerJdtAptDelegate.java:172)
	at org.eclipse.m2e.apt.internal.AbstractAptConfiguratorDelegate.configureClasspath(AbstractAptConfiguratorDelegate.java:242)
	at org.eclipse.m2e.apt.internal.AbstractAptProjectConfigurator.lambda$1(AbstractAptProjectConfigurator.java:156)
	at org.eclipse.m2e.core.internal.embedder.MavenExecutionContext.executeBare(MavenExecutionContext.java:394)
	at org.eclipse.m2e.core.internal.embedder.MavenExecutionContext.execute(MavenExecutionContext.java:275)
	at org.eclipse.m2e.core.internal.embedder.MavenExecutionContext.execute(MavenExecutionContext.java:214)
	at org.eclipse.m2e.apt.internal.AbstractAptProjectConfigurator.configureRawClasspath(AbstractAptProjectConfigurator.java:150)
	at org.eclipse.m2e.jdt.internal.AbstractJavaProjectConfigurator.invokeJavaProjectConfigurators(AbstractJavaProjectConfigurator.java:213)
	at org.eclipse.m2e.jdt.internal.AbstractJavaProjectConfigurator.configure(AbstractJavaProjectConfigurator.java:172)
	at org.eclipse.m2e.core.project.configurator.AbstractLifecycleMapping.configure(AbstractLifecycleMapping.java:123)
	at org.eclipse.m2e.core.internal.project.ProjectConfigurationManager.lambda$6(ProjectConfigurationManager.java:504)
	at org.eclipse.m2e.core.internal.embedder.MavenExecutionContext.executeBare(MavenExecutionContext.java:394)
	at org.eclipse.m2e.core.internal.embedder.MavenExecutionContext.execute(MavenExecutionContext.java:275)
	at org.eclipse.m2e.core.internal.project.ProjectConfigurationManager.updateProjectConfiguration(ProjectConfigurationManager.java:498)
	at org.eclipse.m2e.core.internal.project.ProjectConfigurationManager.lambda$4(ProjectConfigurationManager.java:426)
	at java.base/java.util.Collection.removeIf(Collection.java:576)
	at org.eclipse.m2e.core.internal.project.ProjectConfigurationManager.updateProjectConfiguration0(ProjectConfigurationManager.java:414)
	at org.eclipse.m2e.core.internal.project.ProjectConfigurationManager.lambda$3(ProjectConfigurationManager.java:340)
	at org.eclipse.m2e.core.internal.embedder.MavenExecutionContext.executeBare(MavenExecutionContext.java:394)
	at org.eclipse.m2e.core.internal.embedder.MavenExecutionContext.execute(MavenExecutionContext.java:275)
	at org.eclipse.m2e.core.internal.embedder.MavenExecutionContext.execute(MavenExecutionContext.java:214)
	at org.eclipse.m2e.core.internal.embedder.MavenImpl.execute(MavenImpl.java:1097)
	at org.eclipse.m2e.core.internal.project.ProjectConfigurationManager.updateProjectConfiguration(ProjectConfigurationManager.java:339)
	at org.eclipse.m2e.core.ui.internal.UpdateMavenProjectJob.runInWorkspace(UpdateMavenProjectJob.java:80)
	at org.eclipse.core.internal.resources.InternalWorkspaceJob.run(InternalWorkspaceJob.java:43)
	at org.eclipse.core.internal.jobs.Worker.run(Worker.java:63)
Caused by: org.eclipse.aether.resolution.ArtifactResolutionException: org.projectlombok:lombok:jar: was not found in https://repo.maven.apache.org/maven2 during a previous attempt. This failure was cached in the local repository and resolution is not reattempted until the update interval of central has elapsed or updates are forced
	at org.eclipse.aether.internal.impl.DefaultArtifactResolver.resolve(DefaultArtifactResolver.java:425)
	at org.eclipse.aether.internal.impl.DefaultArtifactResolver.resolveArtifacts(DefaultArtifactResolver.java:229)
	at org.eclipse.aether.internal.impl.DefaultRepositorySystem.resolveDependencies(DefaultRepositorySystem.java:340)
	... 27 common frames omitted
Caused by: org.eclipse.aether.transfer.ArtifactNotFoundException: org.projectlombok:lombok:jar: was not found in https://repo.maven.apache.org/maven2 during a previous attempt. This failure was cached in the local repository and resolution is not reattempted until the update interval of central has elapsed or updates are forced
	at org.eclipse.aether.internal.impl.DefaultUpdateCheckManager.newException(DefaultUpdateCheckManager.java:217)
	at org.eclipse.aether.internal.impl.DefaultUpdateCheckManager.checkArtifact(DefaultUpdateCheckManager.java:189)
	at org.eclipse.aether.internal.impl.DefaultArtifactResolver.gatherDownloads(DefaultArtifactResolver.java:574)
	at org.eclipse.aether.internal.impl.DefaultArtifactResolver.performDownloads(DefaultArtifactResolver.java:484)
	at org.eclipse.aether.internal.impl.DefaultArtifactResolver.resolve(DefaultArtifactResolver.java:402)
	... 29 common frames omitted
2026-07-18 19:43:56,906 [Worker-157: Updating Maven Project] INFO  o.e.m.c.i.p.ProjectConfigurationManager - Update completed for 1 poms: local refresh takes 0.00 sec, refresh facades takes 1.00 sec, update config takes 0.00 sec 
2026-07-18 19:43:58,844 [Worker-144: Building] INFO  o.a.m.s.f.DefaultMavenResourcesFiltering - Copying 1 resource from src\main\resources to target\classes
2026-07-18 19:43:58,869 [Worker-144: Building] INFO  o.a.m.s.f.DefaultMavenResourcesFiltering - Copying 0 resource from src\main\resources to target\classes
2026-07-18 19:43:58,875 [Worker-144: Building] INFO  o.a.m.s.f.DefaultMavenResourcesFiltering - skip non existing resourceDirectory C:\Tejas Kasare Sir\T224\spring\Easy-Mart\src\test\resources
2026-07-18 20:03:46,035 [Worker-163: Building] INFO  o.a.m.s.f.DefaultMavenResourcesFiltering - Copying 1 resource from src\main\resources to target\classes
2026-07-18 20:03:46,056 [Worker-163: Building] INFO  o.a.m.s.f.DefaultMavenResourcesFiltering - Copying 0 resource from src\main\resources to target\classes
2026-07-18 20:03:46,060 [Worker-163: Building] INFO  o.a.m.s.f.DefaultMavenResourcesFiltering - skip non existing resourceDirectory C:\Tejas Kasare Sir\T224\spring\Easy-Mart\src\test\resources
2026-07-18 21:05:46,275 [Worker-169: Building] INFO  o.a.m.s.f.DefaultMavenResourcesFiltering - Copying 1 resource from src\main\resources to target\classes
2026-07-18 21:05:46,302 [Worker-169: Building] INFO  o.a.m.s.f.DefaultMavenResourcesFiltering - Copying 0 resource from src\main\resources to target\classes
2026-07-18 21:05:46,320 [Worker-169: Building] INFO  o.a.m.s.f.DefaultMavenResourcesFiltering - skip non existing resourceDirectory C:\Tejas Kasare Sir\T224\spring\Easy-Mart\src\test\resources
2026-07-18 21:06:51,819 [Worker-171: Building] INFO  o.a.m.s.f.DefaultMavenResourcesFiltering - Copying 1 resource from src\main\resources to target\classes
2026-07-18 21:06:51,824 [Worker-171: Building] INFO  o.a.m.s.f.DefaultMavenResourcesFiltering - Copying 0 resource from src\main\resources to target\classes
2026-07-18 21:06:51,828 [Worker-171: Building] INFO  o.a.m.s.f.DefaultMavenResourcesFiltering - skip non existing resourceDirectory C:\Tejas Kasare Sir\T224\spring\Easy-Mart\src\test\resources
2026-07-18 21:08:42,553 [Worker-171: Building] INFO  o.a.m.s.f.DefaultMavenResourcesFiltering - Copying 1 resource from src\main\resources to target\classes
2026-07-18 21:08:42,558 [Worker-171: Building] INFO  o.a.m.s.f.DefaultMavenResourcesFiltering - Copying 0 resource from src\main\resources to target\classes
2026-07-18 21:08:42,562 [Worker-171: Building] INFO  o.a.m.s.f.DefaultMavenResourcesFiltering - skip non existing resourceDirectory C:\Tejas Kasare Sir\T224\spring\Easy-Mart\src\test\resources
2026-07-20 11:37:26,097 [Worker-179: Building] INFO  o.a.m.s.f.DefaultMavenResourcesFiltering - Copying 1 resource from src\main\resources to target\classes
2026-07-20 11:37:26,144 [Worker-179: Building] INFO  o.a.m.s.f.DefaultMavenResourcesFiltering - Copying 0 resource from src\main\resources to target\classes
2026-07-20 11:37:26,149 [Worker-179: Building] INFO  o.a.m.s.f.DefaultMavenResourcesFiltering - skip non existing resourceDirectory C:\Tejas Kasare Sir\T224\spring\Easy-Mart\src\test\resources
2026-07-20 13:06:24,546 [Worker-185: Building] INFO  o.a.m.s.f.DefaultMavenResourcesFiltering - Copying 1 resource from src\main\resources to target\classes
2026-07-20 13:06:24,566 [Worker-185: Building] INFO  o.a.m.s.f.DefaultMavenResourcesFiltering - Copying 0 resource from src\main\resources to target\classes
2026-07-20 13:06:24,570 [Worker-185: Building] INFO  o.a.m.s.f.DefaultMavenResourcesFiltering - skip non existing resourceDirectory C:\Tejas Kasare Sir\T224\spring\Easy-Mart\src\test\resources
2026-07-20 13:06:36,255 [Worker-177: Building] INFO  o.a.m.s.f.DefaultMavenResourcesFiltering - Copying 1 resource from src\main\resources to target\classes
2026-07-20 13:06:36,260 [Worker-177: Building] INFO  o.a.m.s.f.DefaultMavenResourcesFiltering - Copying 0 resource from src\main\resources to target\classes
2026-07-20 13:06:36,264 [Worker-177: Building] INFO  o.a.m.s.f.DefaultMavenResourcesFiltering - skip non existing resourceDirectory C:\Tejas Kasare Sir\T224\spring\Easy-Mart\src\test\resources
2026-07-20 13:38:47,949 [Worker-188: Building] INFO  o.a.m.s.f.DefaultMavenResourcesFiltering - Copying 1 resource from src\main\resources to target\classes
2026-07-20 13:38:47,975 [Worker-188: Building] INFO  o.a.m.s.f.DefaultMavenResourcesFiltering - Copying 0 resource from src\main\resources to target\classes
2026-07-20 13:38:47,979 [Worker-188: Building] INFO  o.a.m.s.f.DefaultMavenResourcesFiltering - skip non existing resourceDirectory C:\Tejas Kasare Sir\T224\spring\Easy-Mart\src\test\resources
2026-07-20 13:39:02,438 [Worker-189: Building] INFO  o.a.m.s.f.DefaultMavenResourcesFiltering - Copying 1 resource from src\main\resources to target\classes
2026-07-20 13:39:02,464 [Worker-189: Building] INFO  o.a.m.s.f.DefaultMavenResourcesFiltering - Copying 0 resource from src\main\resources to target\classes
2026-07-20 13:39:02,468 [Worker-189: Building] INFO  o.a.m.s.f.DefaultMavenResourcesFiltering - skip non existing resourceDirectory C:\Tejas Kasare Sir\T224\spring\Easy-Mart\src\test\resources
2026-07-20 13:42:43,165 [Worker-191: Building] INFO  o.a.m.s.f.DefaultMavenResourcesFiltering - Copying 1 resource from src\main\resources to target\classes
2026-07-20 13:42:43,171 [Worker-191: Building] INFO  o.a.m.s.f.DefaultMavenResourcesFiltering - Copying 0 resource from src\main\resources to target\classes
2026-07-20 13:42:43,175 [Worker-191: Building] INFO  o.a.m.s.f.DefaultMavenResourcesFiltering - skip non existing resourceDirectory C:\Tejas Kasare Sir\T224\spring\Easy-Mart\src\test\resources
2026-07-20 14:44:39,116 [Worker-195: Building] INFO  o.a.m.s.f.DefaultMavenResourcesFiltering - Copying 1 resource from src\main\resources to target\classes
2026-07-20 14:44:39,146 [Worker-195: Building] INFO  o.a.m.s.f.DefaultMavenResourcesFiltering - Copying 0 resource from src\main\resources to target\classes
2026-07-20 14:44:39,152 [Worker-195: Building] INFO  o.a.m.s.f.DefaultMavenResourcesFiltering - skip non existing resourceDirectory C:\Tejas Kasare Sir\T224\spring\Easy-Mart\src\test\resources
2026-07-20 14:47:24,300 [Worker-197: Building] INFO  o.a.m.s.f.DefaultMavenResourcesFiltering - Copying 1 resource from src\main\resources to target\classes
2026-07-20 14:47:24,308 [Worker-197: Building] INFO  o.a.m.s.f.DefaultMavenResourcesFiltering - Copying 0 resource from src\main\resources to target\classes
2026-07-20 14:47:24,312 [Worker-197: Building] INFO  o.a.m.s.f.DefaultMavenResourcesFiltering - skip non existing resourceDirectory C:\Tejas Kasare Sir\T224\spring\Easy-Mart\src\test\resources
2026-07-20 14:51:54,639 [Worker-188: Building] INFO  o.a.m.s.f.DefaultMavenResourcesFiltering - Copying 1 resource from src\main\resources to target\classes
2026-07-20 14:51:54,667 [Worker-188: Building] INFO  o.a.m.s.f.DefaultMavenResourcesFiltering - Copying 0 resource from src\main\resources to target\classes
2026-07-20 14:51:54,671 [Worker-188: Building] INFO  o.a.m.s.f.DefaultMavenResourcesFiltering - skip non existing resourceDirectory C:\Tejas Kasare Sir\T224\spring\Easy-Mart\src\test\resources
2026-07-20 14:52:51,259 [Worker-200: Building] INFO  o.a.m.s.f.DefaultMavenResourcesFiltering - Copying 1 resource from src\main\resources to target\classes
2026-07-20 14:52:51,270 [Worker-200: Building] INFO  o.a.m.s.f.DefaultMavenResourcesFiltering - Copying 0 resource from src\main\resources to target\classes
2026-07-20 14:52:51,273 [Worker-200: Building] INFO  o.a.m.s.f.DefaultMavenResourcesFiltering - skip non existing resourceDirectory C:\Tejas Kasare Sir\T224\spring\Easy-Mart\src\test\resources
2026-07-20 14:56:50,816 [Worker-203: Building] INFO  o.a.m.s.f.DefaultMavenResourcesFiltering - Copying 1 resource from src\main\resources to target\classes
2026-07-20 14:56:50,821 [Worker-203: Building] INFO  o.a.m.s.f.DefaultMavenResourcesFiltering - Copying 0 resource from src\main\resources to target\classes
2026-07-20 14:56:50,824 [Worker-203: Building] INFO  o.a.m.s.f.DefaultMavenResourcesFiltering - skip non existing resourceDirectory C:\Tejas Kasare Sir\T224\spring\Easy-Mart\src\test\resources
2026-07-20 14:57:43,644 [Worker-202: Building] INFO  o.a.m.s.f.DefaultMavenResourcesFiltering - Copying 1 resource from src\main\resources to target\classes
2026-07-20 14:57:43,648 [Worker-202: Building] INFO  o.a.m.s.f.DefaultMavenResourcesFiltering - Copying 0 resource from src\main\resources to target\classes
2026-07-20 14:57:43,652 [Worker-202: Building] INFO  o.a.m.s.f.DefaultMavenResourcesFiltering - skip non existing resourceDirectory C:\Tejas Kasare Sir\T224\spring\Easy-Mart\src\test\resources
2026-07-20 14:58:10,023 [Worker-200: Building] INFO  o.a.m.s.f.DefaultMavenResourcesFiltering - Copying 1 resource from src\main\resources to target\classes
2026-07-20 14:58:10,027 [Worker-200: Building] INFO  o.a.m.s.f.DefaultMavenResourcesFiltering - Copying 0 resource from src\main\resources to target\classes
2026-07-20 14:58:10,031 [Worker-200: Building] INFO  o.a.m.s.f.DefaultMavenResourcesFiltering - skip non existing resourceDirectory C:\Tejas Kasare Sir\T224\spring\Easy-Mart\src\test\resources
2026-07-20 15:01:24,071 [Worker-200: Building] INFO  o.a.m.s.f.DefaultMavenResourcesFiltering - Copying 1 resource from src\main\resources to target\classes
2026-07-20 15:01:24,078 [Worker-200: Building] INFO  o.a.m.s.f.DefaultMavenResourcesFiltering - Copying 0 resource from src\main\resources to target\classes
2026-07-20 15:01:24,084 [Worker-200: Building] INFO  o.a.m.s.f.DefaultMavenResourcesFiltering - skip non existing resourceDirectory C:\Tejas Kasare Sir\T224\spring\Easy-Mart\src\test\resources
2026-07-20 15:03:44,780 [Worker-209: Building] INFO  o.a.m.s.f.DefaultMavenResourcesFiltering - Copying 1 resource from src\main\resources to target\classes
2026-07-20 15:03:44,788 [Worker-209: Building] INFO  o.a.m.s.f.DefaultMavenResourcesFiltering - Copying 0 resource from src\main\resources to target\classes
2026-07-20 15:03:44,791 [Worker-209: Building] INFO  o.a.m.s.f.DefaultMavenResourcesFiltering - skip non existing resourceDirectory C:\Tejas Kasare Sir\T224\spring\Easy-Mart\src\test\resources
2026-07-20 15:30:44,808 [Worker-214: Building] INFO  o.a.m.s.f.DefaultMavenResourcesFiltering - Copying 1 resource from src\main\resources to target\classes
2026-07-20 15:30:44,817 [Worker-214: Building] INFO  o.a.m.s.f.DefaultMavenResourcesFiltering - Copying 0 resource from src\main\resources to target\classes
2026-07-20 15:30:44,821 [Worker-214: Building] INFO  o.a.m.s.f.DefaultMavenResourcesFiltering - skip non existing resourceDirectory C:\Tejas Kasare Sir\T224\spring\Easy-Mart\src\test\resources
2026-07-20 15:33:28,779 [Worker-215: Building] INFO  o.a.m.s.f.DefaultMavenResourcesFiltering - Copying 1 resource from src\main\resources to target\classes
2026-07-20 15:33:28,788 [Worker-215: Building] INFO  o.a.m.s.f.DefaultMavenResourcesFiltering - Copying 0 resource from src\main\resources to target\classes
2026-07-20 15:33:28,792 [Worker-215: Building] INFO  o.a.m.s.f.DefaultMavenResourcesFiltering - skip non existing resourceDirectory C:\Tejas Kasare Sir\T224\spring\Easy-Mart\src\test\resources
2026-07-20 15:40:04,725 [Worker-216: Building] INFO  o.a.m.s.f.DefaultMavenResourcesFiltering - Copying 1 resource from src\main\resources to target\classes
2026-07-20 15:40:04,733 [Worker-216: Building] INFO  o.a.m.s.f.DefaultMavenResourcesFiltering - Copying 0 resource from src\main\resources to target\classes
2026-07-20 15:40:04,738 [Worker-216: Building] INFO  o.a.m.s.f.DefaultMavenResourcesFiltering - skip non existing resourceDirectory C:\Tejas Kasare Sir\T224\spring\Easy-Mart\src\test\resources
2026-07-20 15:40:53,666 [Worker-219: Building] INFO  o.a.m.s.f.DefaultMavenResourcesFiltering - Copying 1 resource from src\main\resources to target\classes
2026-07-20 15:40:53,674 [Worker-219: Building] INFO  o.a.m.s.f.DefaultMavenResourcesFiltering - Copying 0 resource from src\main\resources to target\classes
2026-07-20 15:40:53,680 [Worker-219: Building] INFO  o.a.m.s.f.DefaultMavenResourcesFiltering - skip non existing resourceDirectory C:\Tejas Kasare Sir\T224\spring\Easy-Mart\src\test\resources
2026-07-20 15:41:28,573 [Worker-218: Building] INFO  o.a.m.s.f.DefaultMavenResourcesFiltering - Copying 1 resource from src\main\resources to target\classes
2026-07-20 15:41:28,582 [Worker-218: Building] INFO  o.a.m.s.f.DefaultMavenResourcesFiltering - Copying 0 resource from src\main\resources to target\classes
2026-07-20 15:41:28,588 [Worker-218: Building] INFO  o.a.m.s.f.DefaultMavenResourcesFiltering - skip non existing resourceDirectory C:\Tejas Kasare Sir\T224\spring\Easy-Mart\src\test\resources
2026-07-20 15:51:52,819 [Worker-218: Building] INFO  o.a.m.s.f.DefaultMavenResourcesFiltering - Copying 1 resource from src\main\resources to target\classes
2026-07-20 15:51:52,829 [Worker-218: Building] INFO  o.a.m.s.f.DefaultMavenResourcesFiltering - Copying 0 resource from src\main\resources to target\classes
2026-07-20 15:51:52,833 [Worker-218: Building] INFO  o.a.m.s.f.DefaultMavenResourcesFiltering - skip non existing resourceDirectory C:\Tejas Kasare Sir\T224\spring\Easy-Mart\src\test\resources
2026-07-20 15:52:07,546 [Worker-218: Building] INFO  o.a.m.s.f.DefaultMavenResourcesFiltering - Copying 1 resource from src\main\resources to target\classes
2026-07-20 15:52:07,552 [Worker-218: Building] INFO  o.a.m.s.f.DefaultMavenResourcesFiltering - Copying 0 resource from src\main\resources to target\classes
2026-07-20 15:52:07,556 [Worker-218: Building] INFO  o.a.m.s.f.DefaultMavenResourcesFiltering - skip non existing resourceDirectory C:\Tejas Kasare Sir\T224\spring\Easy-Mart\src\test\resources
2026-07-20 15:52:59,625 [Worker-218: Building] INFO  o.a.m.s.f.DefaultMavenResourcesFiltering - Copying 1 resource from src\main\resources to target\classes
2026-07-20 15:52:59,632 [Worker-218: Building] INFO  o.a.m.s.f.DefaultMavenResourcesFiltering - Copying 0 resource from src\main\resources to target\classes
2026-07-20 15:52:59,636 [Worker-218: Building] INFO  o.a.m.s.f.DefaultMavenResourcesFiltering - skip non existing resourceDirectory C:\Tejas Kasare Sir\T224\spring\Easy-Mart\src\test\resources
2026-07-20 15:53:02,637 [Worker-223: Building] INFO  o.a.m.s.f.DefaultMavenResourcesFiltering - Copying 1 resource from src\main\resources to target\classes
2026-07-20 15:53:02,642 [Worker-223: Building] INFO  o.a.m.s.f.DefaultMavenResourcesFiltering - Copying 0 resource from src\main\resources to target\classes
2026-07-20 15:53:02,646 [Worker-223: Building] INFO  o.a.m.s.f.DefaultMavenResourcesFiltering - skip non existing resourceDirectory C:\Tejas Kasare Sir\T224\spring\Easy-Mart\src\test\resources
2026-07-20 15:54:59,131 [Worker-224: Building] INFO  o.a.m.s.f.DefaultMavenResourcesFiltering - Copying 1 resource from src\main\resources to target\classes
2026-07-20 15:54:59,140 [Worker-224: Building] INFO  o.a.m.s.f.DefaultMavenResourcesFiltering - Copying 0 resource from src\main\resources to target\classes
2026-07-20 15:54:59,143 [Worker-224: Building] INFO  o.a.m.s.f.DefaultMavenResourcesFiltering - skip non existing resourceDirectory C:\Tejas Kasare Sir\T224\spring\Easy-Mart\src\test\resources
2026-07-20 16:12:14,371 [Worker-230: Building] INFO  o.a.m.s.f.DefaultMavenResourcesFiltering - Copying 1 resource from src\main\resources to target\classes
2026-07-20 16:12:14,395 [Worker-230: Building] INFO  o.a.m.s.f.DefaultMavenResourcesFiltering - Copying 0 resource from src\main\resources to target\classes
2026-07-20 16:12:14,400 [Worker-230: Building] INFO  o.a.m.s.f.DefaultMavenResourcesFiltering - skip non existing resourceDirectory C:\Tejas Kasare Sir\T224\spring\Easy-Mart\src\test\resources
2026-07-20 16:29:25,568 [Worker-230: Building] INFO  o.a.m.s.f.DefaultMavenResourcesFiltering - Copying 1 resource from src\main\resources to target\classes
2026-07-20 16:29:25,582 [Worker-230: Building] INFO  o.a.m.s.f.DefaultMavenResourcesFiltering - Copying 0 resource from src\main\resources to target\classes
2026-07-20 16:29:25,586 [Worker-230: Building] INFO  o.a.m.s.f.DefaultMavenResourcesFiltering - skip non existing resourceDirectory C:\Tejas Kasare Sir\T224\spring\Easy-Mart\src\test\resources
2026-07-20 16:29:30,869 [Worker-234: Building] INFO  o.a.m.s.f.DefaultMavenResourcesFiltering - Copying 1 resource from src\main\resources to target\classes
2026-07-20 16:29:30,918 [Worker-234: Building] INFO  o.a.m.s.f.DefaultMavenResourcesFiltering - Copying 0 resource from src\main\resources to target\classes
2026-07-20 16:29:30,923 [Worker-234: Building] INFO  o.a.m.s.f.DefaultMavenResourcesFiltering - skip non existing resourceDirectory C:\Tejas Kasare Sir\T224\spring\Easy-Mart\src\test\resources
2026-07-20 16:30:39,324 [Worker-233: Building] INFO  o.a.m.s.f.DefaultMavenResourcesFiltering - Copying 1 resource from src\main\resources to target\classes
2026-07-20 16:30:39,448 [Worker-233: Building] INFO  o.a.m.s.f.DefaultMavenResourcesFiltering - Copying 0 resource from src\main\resources to target\classes
2026-07-20 16:30:39,453 [Worker-233: Building] INFO  o.a.m.s.f.DefaultMavenResourcesFiltering - skip non existing resourceDirectory C:\Tejas Kasare Sir\T224\spring\Easy-Mart\src\test\resources
2026-07-20 16:30:53,162 [Worker-227: Building] INFO  o.a.m.s.f.DefaultMavenResourcesFiltering - Copying 1 resource from src\main\resources to target\classes
2026-07-20 16:30:53,170 [Worker-227: Building] INFO  o.a.m.s.f.DefaultMavenResourcesFiltering - Copying 0 resource from src\main\resources to target\classes
2026-07-20 16:30:53,174 [Worker-227: Building] INFO  o.a.m.s.f.DefaultMavenResourcesFiltering - skip non existing resourceDirectory C:\Tejas Kasare Sir\T224\spring\Easy-Mart\src\test\resources
2026-07-20 16:47:16,616 [Worker-238: Building] INFO  o.a.m.s.f.DefaultMavenResourcesFiltering - Copying 1 resource from src\main\resources to target\classes
2026-07-20 16:47:16,628 [Worker-238: Building] INFO  o.a.m.s.f.DefaultMavenResourcesFiltering - Copying 0 resource from src\main\resources to target\classes
2026-07-20 16:47:16,632 [Worker-238: Building] INFO  o.a.m.s.f.DefaultMavenResourcesFiltering - skip non existing resourceDirectory C:\Tejas Kasare Sir\T224\spring\Easy-Mart\src\test\resources
2026-07-20 16:48:02,098 [Worker-240: Building] INFO  o.a.m.s.f.DefaultMavenResourcesFiltering - Copying 1 resource from src\main\resources to target\classes
2026-07-20 16:48:02,108 [Worker-240: Building] INFO  o.a.m.s.f.DefaultMavenResourcesFiltering - Copying 0 resource from src\main\resources to target\classes
2026-07-20 16:48:02,112 [Worker-240: Building] INFO  o.a.m.s.f.DefaultMavenResourcesFiltering - skip non existing resourceDirectory C:\Tejas Kasare Sir\T224\spring\Easy-Mart\src\test\resources
2026-07-20 16:48:31,576 [Worker-239: Building] INFO  o.a.m.s.f.DefaultMavenResourcesFiltering - Copying 1 resource from src\main\resources to target\classes
2026-07-20 16:48:31,585 [Worker-239: Building] INFO  o.a.m.s.f.DefaultMavenResourcesFiltering - Copying 0 resource from src\main\resources to target\classes
2026-07-20 16:48:31,589 [Worker-239: Building] INFO  o.a.m.s.f.DefaultMavenResourcesFiltering - skip non existing resourceDirectory C:\Tejas Kasare Sir\T224\spring\Easy-Mart\src\test\resources
2026-07-20 16:49:21,684 [Worker-239: Building] INFO  o.a.m.s.f.DefaultMavenResourcesFiltering - Copying 1 resource from src\main\resources to target\classes
2026-07-20 16:49:21,690 [Worker-239: Building] INFO  o.a.m.s.f.DefaultMavenResourcesFiltering - Copying 0 resource from src\main\resources to target\classes
2026-07-20 16:49:21,693 [Worker-239: Building] INFO  o.a.m.s.f.DefaultMavenResourcesFiltering - skip non existing resourceDirectory C:\Tejas Kasare Sir\T224\spring\Easy-Mart\src\test\resources
2026-07-20 17:06:59,989 [Worker-244: Building] INFO  o.a.m.s.f.DefaultMavenResourcesFiltering - Copying 1 resource from src\main\resources to target\classes
2026-07-20 17:07:00,001 [Worker-244: Building] INFO  o.a.m.s.f.DefaultMavenResourcesFiltering - Copying 0 resource from src\main\resources to target\classes
2026-07-20 17:07:00,006 [Worker-244: Building] INFO  o.a.m.s.f.DefaultMavenResourcesFiltering - skip non existing resourceDirectory C:\Tejas Kasare Sir\T224\spring\Easy-Mart\src\test\resources
2026-07-20 17:29:51,424 [Worker-239: Building] INFO  o.a.m.s.f.DefaultMavenResourcesFiltering - Copying 1 resource from src\main\resources to target\classes
2026-07-20 17:29:51,483 [Worker-239: Building] INFO  o.a.m.s.f.DefaultMavenResourcesFiltering - Copying 0 resource from src\main\resources to target\classes
2026-07-20 17:29:51,488 [Worker-239: Building] INFO  o.a.m.s.f.DefaultMavenResourcesFiltering - skip non existing resourceDirectory C:\Tejas Kasare Sir\T224\spring\Easy-Mart\src\test\resources
2026-07-20 17:30:08,504 [Worker-245: Building] INFO  o.a.m.s.f.DefaultMavenResourcesFiltering - Copying 1 resource from src\main\resources to target\classes
2026-07-20 17:30:08,511 [Worker-245: Building] INFO  o.a.m.s.f.DefaultMavenResourcesFiltering - Copying 0 resource from src\main\resources to target\classes
2026-07-20 17:30:08,514 [Worker-245: Building] INFO  o.a.m.s.f.DefaultMavenResourcesFiltering - skip non existing resourceDirectory C:\Tejas Kasare Sir\T224\spring\Easy-Mart\src\test\resources
2026-07-20 17:30:45,746 [Worker-244: Building] INFO  o.a.m.s.f.DefaultMavenResourcesFiltering - Copying 1 resource from src\main\resources to target\classes
2026-07-20 17:30:45,751 [Worker-244: Building] INFO  o.a.m.s.f.DefaultMavenResourcesFiltering - Copying 0 resource from src\main\resources to target\classes
2026-07-20 17:30:45,754 [Worker-244: Building] INFO  o.a.m.s.f.DefaultMavenResourcesFiltering - skip non existing resourceDirectory C:\Tejas Kasare Sir\T224\spring\Easy-Mart\src\test\resources
2026-07-20 17:31:07,934 [Worker-245: Building] INFO  o.a.m.s.f.DefaultMavenResourcesFiltering - Copying 1 resource from src\main\resources to target\classes
2026-07-20 17:31:07,940 [Worker-245: Building] INFO  o.a.m.s.f.DefaultMavenResourcesFiltering - Copying 0 resource from src\main\resources to target\classes
2026-07-20 17:31:07,944 [Worker-245: Building] INFO  o.a.m.s.f.DefaultMavenResourcesFiltering - skip non existing resourceDirectory C:\Tejas Kasare Sir\T224\spring\Easy-Mart\src\test\resources
2026-07-20 17:47:49,390 [Worker-252: Building] INFO  o.a.m.s.f.DefaultMavenResourcesFiltering - Copying 1 resource from src\main\resources to target\classes
2026-07-20 17:47:49,398 [Worker-252: Building] INFO  o.a.m.s.f.DefaultMavenResourcesFiltering - Copying 0 resource from src\main\resources to target\classes
2026-07-20 17:47:49,402 [Worker-252: Building] INFO  o.a.m.s.f.DefaultMavenResourcesFiltering - skip non existing resourceDirectory C:\Tejas Kasare Sir\T224\spring\Easy-Mart\src\test\resources
2026-07-20 18:06:49,678 [Worker-255: Building] INFO  o.a.m.s.f.DefaultMavenResourcesFiltering - Copying 1 resource from src\main\resources to target\classes
2026-07-20 18:06:49,690 [Worker-255: Building] INFO  o.a.m.s.f.DefaultMavenResourcesFiltering - Copying 0 resource from src\main\resources to target\classes
2026-07-20 18:06:49,694 [Worker-255: Building] INFO  o.a.m.s.f.DefaultMavenResourcesFiltering - skip non existing resourceDirectory C:\Tejas Kasare Sir\T224\spring\Easy-Mart\src\test\resources
2026-07-20 18:08:14,756 [Worker-250: Building] INFO  o.a.m.s.f.DefaultMavenResourcesFiltering - Copying 1 resource from src\main\resources to target\classes
2026-07-20 18:08:14,763 [Worker-250: Building] INFO  o.a.m.s.f.DefaultMavenResourcesFiltering - Copying 0 resource from src\main\resources to target\classes
2026-07-20 18:08:14,767 [Worker-250: Building] INFO  o.a.m.s.f.DefaultMavenResourcesFiltering - skip non existing resourceDirectory C:\Tejas Kasare Sir\T224\spring\Easy-Mart\src\test\resources
2026-07-20 18:31:47,735 [Worker-259: Building] INFO  o.a.m.s.f.DefaultMavenResourcesFiltering - Copying 1 resource from src\main\resources to target\classes
2026-07-20 18:31:47,742 [Worker-259: Building] INFO  o.a.m.s.f.DefaultMavenResourcesFiltering - Copying 0 resource from src\main\resources to target\classes
2026-07-20 18:31:47,746 [Worker-259: Building] INFO  o.a.m.s.f.DefaultMavenResourcesFiltering - skip non existing resourceDirectory C:\Tejas Kasare Sir\T224\spring\Easy-Mart\src\test\resources
